Both Price And Arrival from 01-Jan-2018 To 31-Dec-2023 Total Arrival- 39371.06,,,,,,,,,
State Name,District Name,Market Name,Variety,Group,Arrivals (Tonnes),Min Price (Rs./Quintal),Max Price (Rs./Quintal),Modal Price (Rs./Quintal),Reported Date
Madhya Pradesh,Rewa,Baikunthpur,Amla,Fruits,30,6845,6980,6980,05-Dec-23
Madhya Pradesh,Rewa,Baikunthpur,Amla,Fruits,250,2581,2581,2581,04-Dec-23
Madhya Pradesh,Rewa,Baikunthpur,Amla,Fruits,115.8,2200,2201,2201,29-Jul-23
Madhya Pradesh,Rewa,Baikunthpur,Amla,Fruits,2.34,2250,2250,2250,27-Aug-19
Madhya Pradesh,Rewa,Baikunthpur,Amla,Fruits,120,1920,1930,1930,10-Feb-19
Madhya Pradesh,Rewa,Baikunthpur,Amla,Fruits,252.1,1818,1860,1835,02-Jan-19
Madhya Pradesh,Rewa,Baikunthpur,Amla,Fruits,21,3835,4565,4565,14-Nov-18
Madhya Pradesh,Bhopal,Bhopal(F&V),Other,Fruits,1.5,1000,2000,1500,17-Dec-23
Madhya Pradesh,Bhopal,Bhopal(F&V),Other,Fruits,1,1000,3000,2000,13-Dec-23
Madhya Pradesh,Bhopal,Bhopal(F&V),Other,Fruits,2,1000,2000,1500,11-Dec-23
Madhya Pradesh,Bhopal,Bhopal(F&V),Other,Fruits,2,1000,3000,2000,01-Dec-23
Madhya Pradesh,Bhopal,Bhopal(F&V),Other,Fruits,4,1000,2000,1500,26-Jun-23
Madhya Pradesh,Bhopal,Bhopal(F&V),Other,Fruits,3,1000,1500,1200,22-Mar-23
Madhya Pradesh,Bhopal,Bhopal(F&V),Other,Fruits,3.5,1000,1500,1200,17-Mar-23
Madhya Pradesh,Bhopal,Bhopal(F&V),Other,Fruits,2,1000,1500,1200,12-Mar-23
Madhya Pradesh,Bhopal,Bhopal(F&V),Other,Fruits,3,1000,1500,1200,06-Mar-23
Madhya Pradesh,Bhopal,Bhopal(F&V),Other,Fruits,2,1000,2000,1500,16-Feb-23
Madhya Pradesh,Bhopal,Bhopal(F&V),Other,Fruits,4,1000,1500,1200,19-Jan-23
Madhya Pradesh,Bhopal,Bhopal(F&V),Other,Fruits,4,1000,2000,1500,13-Jan-23
Madhya Pradesh,Bhopal,Bhopal(F&V),Other,Fruits,3,1000,2500,1500,08-Jan-23
Madhya Pradesh,Bhopal,Bhopal(F&V),Other,Fruits,2,1000,2000,1500,06-Jan-23
Madhya Pradesh,Bhopal,Bhopal(F&V),Other,Fruits,3,1000,2000,1500,04-Jan-23
Madhya Pradesh,Bhopal,Bhopal(F&V),Other,Fruits,2,1000,3000,2000,01-Jan-23
Madhya Pradesh,Bhopal,Bhopal(F&V),Other,Fruits,3,1000,1500,1200,29-Dec-22
Madhya Pradesh,Bhopal,Bhopal(F&V),Other,Fruits,3,1000,1500,1200,27-Dec-22
Madhya Pradesh,Bhopal,Bhopal(F&V),Other,Fruits,4,1000,2000,1500,13-Dec-22
Madhya Pradesh,Bhopal,Bhopal(F&V),Other,Fruits,1,2000,2500,2200,29-Sep-22
Madhya Pradesh,Bhopal,Bhopal(F&V),Other,Fruits,0.7,800,1200,1000,31-Dec-19
Madhya Pradesh,Bhopal,Bhopal(F&V),Other,Fruits,1.2,1000,1500,1200,25-Dec-19
Madhya Pradesh,Bhopal,Bhopal(F&V),Other,Fruits,1,800,1200,1000,20-Dec-19
Madhya Pradesh,Bhopal,Bhopal(F&V),Other,Fruits,1.2,1000,1500,1200,10-Dec-19
Madhya Pradesh,Bhopal,Bhopal(F&V),Other,Fruits,2,1000,1500,1200,22-Nov-19
Madhya Pradesh,Bhopal,Bhopal(F&V),Other,Fruits,0.5,800,1200,1000,06-Feb-19
Madhya Pradesh,Bhopal,Bhopal(F&V),Other,Fruits,1,800,1200,1000,03-Feb-19
Madhya Pradesh,Bhopal,Bhopal(F&V),Other,Fruits,0.8,1000,1500,1200,01-Feb-19
Madhya Pradesh,Bhopal,Bhopal(F&V),Other,Fruits,3.7,1000,1500,1200,30-Jan-19
Madhya Pradesh,Bhopal,Bhopal(F&V),Other,Fruits,1,1000,1500,1200,29-Jan-19
Madhya Pradesh,Bhopal,Bhopal(F&V),Other,Fruits,1,1000,1500,1200,28-Jan-19
Madhya Pradesh,Bhopal,Bhopal(F&V),Other,Fruits,2.8,1000,2000,1500,27-Jan-19
Madhya Pradesh,Bhopal,Bhopal(F&V),Other,Fruits,1,1000,1500,1200,21-Jan-19
Madhya Pradesh,Bhopal,Bhopal(F&V),Other,Fruits,1,1000,1500,1200,18-Jan-19
Madhya Pradesh,Bhopal,Bhopal(F&V),Other,Fruits,0.9,1000,1500,1200,16-Jan-19
Madhya Pradesh,Bhopal,Bhopal(F&V),Other,Fruits,0.9,1000,1500,1200,14-Jan-19
Madhya Pradesh,Bhopal,Bhopal(F&V),Other,Fruits,0.6,1000,1500,1200,13-Jan-19
Madhya Pradesh,Bhopal,Bhopal(F&V),Other,Fruits,1,1000,2000,1500,12-Jan-19
Madhya Pradesh,Bhopal,Bhopal(F&V),Other,Fruits,1.1,1000,2000,1500,09-Jan-19
Madhya Pradesh,Bhopal,Bhopal(F&V),Other,Fruits,1,1000,2000,1500,08-Jan-19
Madhya Pradesh,Bhopal,Bhopal(F&V),Other,Fruits,2,2000,3000,2500,07-Jan-19
Madhya Pradesh,Bhopal,Bhopal(F&V),Other,Fruits,0.5,2000,3000,2500,06-Jan-19
Madhya Pradesh,Bhopal,Bhopal(F&V),Other,Fruits,2,2000,3000,2500,02-Jan-19
Madhya Pradesh,Bhopal,Bhopal(F&V),Other,Fruits,2,800,2000,1000,30-Dec-18
Madhya Pradesh,Bhopal,Bhopal(F&V),Other,Fruits,2,1000,2000,1500,28-Dec-18
Madhya Pradesh,Bhopal,Bhopal(F&V),Other,Fruits,2,2000,3000,2500,10-Dec-18
Madhya Pradesh,Bhopal,Bhopal(F&V),Other,Fruits,108.9,2000,4000,3000,10-Oct-18
Madhya Pradesh,Bhopal,Bhopal(F&V),Other,Fruits,1.5,800,1200,1000,28-Jan-18
Madhya Pradesh,Mandla,Bichhiya,Other,Fruits,6.5,2400,2400,2400,27-Dec-22
Madhya Pradesh,Mandla,Bichhiya,Other,Fruits,10,5000,5000,5000,27-Aug-21
Madhya Pradesh,Mandla,Bichhiya,Other,Fruits,69.47,1750,1750,1750,05-May-19
Madhya Pradesh,Mandla,Bichhiya,Other,Fruits,96.9,1750,1750,1750,23-Nov-18
Madhya Pradesh,Mandla,Bichhiya,Other,Fruits,3.15,1550,1550,1550,16-Aug-18
Madhya Pradesh,Dhar,Dhar(F&V),Amla,Fruits,"7,128.00",1100,1100,1100,26-Jan-23
Madhya Pradesh,Dhar,Dhar(F&V),Amla,Fruits,"6,655.00",1052,1052,1052,17-Jan-23
Madhya Pradesh,Dhar,Dhar(F&V),Amla,Fruits,1,3000,3535,3400,03-Nov-22
Madhya Pradesh,Dhar,Dhar(F&V),Amla,Fruits,185,1750,1750,1750,28-Feb-22
Madhya Pradesh,Dhar,Dhar(F&V),Amla,Fruits,"1,432.00",1750,1750,1750,15-Feb-22
Madhya Pradesh,Dhar,Dhar(F&V),Amla,Fruits,"3,417.00",1722,1750,1735,10-Feb-22
Madhya Pradesh,Dhar,Dhar(F&V),Amla,Fruits,1,3000,3000,3000,03-Feb-22
Madhya Pradesh,Dhar,Dhar(F&V),Amla,Fruits,"1,846.00",1650,1750,1700,20-Jan-22
Madhya Pradesh,Dhar,Dhar(F&V),Amla,Fruits,"1,428.00",1650,1650,1650,14-Jan-22
Madhya Pradesh,Dhar,Dhar(F&V),Amla,Fruits,"2,607.00",1500,1650,1575,10-Jan-22
Madhya Pradesh,Seoni,Ghansour,Amla,Fruits,"1,294.00",1410,1510,1460,29-Dec-18
Madhya Pradesh,Seoni,Ghansour,Amla,Fruits,"7,854.00",1735,1735,1735,27-Apr-18
Madhya Pradesh,Seoni,Ghansour,Amla,Fruits,23,3600,3800,3700,07-Mar-18
Madhya Pradesh,Seoni,Lakhnadon,Other,Fruits,10.2,1450,1500,1475,12-Mar-18
Madhya Pradesh,Seoni,Lakhnadon,Other,Fruits,16.2,1450,1500,1475,24-Jan-18
Madhya Pradesh,Seoni,Lakhnadon,Other,Fruits,273,970,1021,990,22-Jan-18
Madhya Pradesh,Seoni,Lakhnadon(F&V),Other,Fruits,44.8,1300,1370,1350,07-Feb-18
Madhya Pradesh,Seoni,Lakhnadon(F&V),Other,Fruits,43.7,950,1000,975,06-Feb-18
Madhya Pradesh,Gwalior,Lashkar(F&V),Amla,Fruits,78,1000,1400,1200,06-Jul-21
Madhya Pradesh,Gwalior,Lashkar(F&V),Amla,Fruits,3,1200,1600,1400,06-Jun-21
Madhya Pradesh,Satna,Mehar,Amla,Fruits,5,6540,6610,6575,07-Dec-23
Madhya Pradesh,Satna,Mehar,Amla,Fruits,12,6200,6550,6375,05-Dec-23
Madhya Pradesh,Satna,Mehar,Amla,Fruits,10.77,5135,5200,5168,02-Nov-23
Madhya Pradesh,Satna,Mehar,Amla,Fruits,6,5300,5300,5300,18-Mar-23
Madhya Pradesh,Satna,Mehar,Amla,Fruits,2.5,5550,5700,5625,06-Jan-23
Madhya Pradesh,Satna,Mehar,Amla,Fruits,2.01,5200,5200,5200,30-Nov-22
Madhya Pradesh,Satna,Mehar,Amla,Fruits,4.01,5200,5200,5200,29-Nov-22
Madhya Pradesh,Satna,Mehar,Amla,Fruits,4.12,5200,5200,5200,28-Nov-22
Madhya Pradesh,Satna,Mehar,Amla,Fruits,5.24,5200,5210,5205,16-Nov-22
Madhya Pradesh,Satna,Mehar,Amla,Fruits,0.8,5200,5200,5200,29-Aug-22
Madhya Pradesh,Satna,Mehar,Amla,Fruits,11.55,6085,6320,6200,25-Jul-22
Madhya Pradesh,Satna,Mehar,Amla,Fruits,6.45,4500,4600,4550,03-Feb-21
Madhya Pradesh,Satna,Mehar,Amla,Fruits,2,4815,4850,4830,29-Apr-20
Madhya Pradesh,Satna,Mehar,Amla,Fruits,2,4775,4800,4788,28-Apr-20
Madhya Pradesh,Satna,Mehar,Amla,Fruits,4,4615,4680,4650,04-Nov-19
Madhya Pradesh,Satna,Mehar,Amla,Fruits,5.96,3711,3716,3711,03-Sep-19
Madhya Pradesh,Satna,Mehar,Amla,Fruits,1.3,3740,3740,3740,18-May-19
Madhya Pradesh,Satna,Mehar,Amla,Fruits,1.94,4790,4790,4790,20-Apr-19
Madhya Pradesh,Satna,Mehar,Amla,Fruits,2.37,4590,4612,4603,12-Mar-19
Madhya Pradesh,Satna,Mehar,Amla,Fruits,2.02,4556,4610,4583,08-Mar-19
Madhya Pradesh,Satna,Mehar,Amla,Fruits,2.98,4480,4542,4500,07-Mar-19
Madhya Pradesh,Satna,Mehar,Amla,Fruits,6,4500,4600,4550,01-Jun-18
Madhya Pradesh,Mandla,Nainpur,Other,Fruits,449,1170,1170,1170,26-Oct-18
Madhya Pradesh,Mandla,Nainpur,Other,Fruits,26.18,1900,1900,1900,12-Mar-18
Madhya Pradesh,Mandla,Nainpur,Other,Fruits,25,1625,1625,1625,20-Feb-18
Madhya Pradesh,Neemuch,Neemuch,Other,Fruits,5.5,3900,9182,8000,19-Dec-23
Madhya Pradesh,Neemuch,Neemuch,Other,Fruits,0.5,2950,2950,2950,18-Dec-23
Madhya Pradesh,Neemuch,Neemuch,Other,Fruits,0.5,2700,8811,8100,16-Dec-23
Madhya Pradesh,Neemuch,Neemuch,Other,Fruits,0.8,2840,8300,8000,15-Dec-23
Madhya Pradesh,Neemuch,Neemuch,Other,Fruits,3.3,2770,8001,7980,14-Dec-23
Madhya Pradesh,Neemuch,Neemuch,Other,Fruits,6,8140,8940,8500,12-Dec-23
Madhya Pradesh,Neemuch,Neemuch,Other,Fruits,4,2952,8700,7200,11-Dec-23
Madhya Pradesh,Neemuch,Neemuch,Other,Fruits,0.7,8400,8500,8450,07-Dec-23
Madhya Pradesh,Neemuch,Neemuch,Other,Fruits,2.6,8451,8900,8651,06-Dec-23
Madhya Pradesh,Neemuch,Neemuch,Other,Fruits,3.1,8800,8990,8900,04-Dec-23
Madhya Pradesh,Neemuch,Neemuch,Other,Fruits,7.6,3400,8960,8200,02-Dec-23
Madhya Pradesh,Neemuch,Neemuch,Other,Fruits,3.6,7781,9080,8050,01-Dec-23
Madhya Pradesh,Neemuch,Neemuch,Other,Fruits,0.1,8001,9090,8550,30-Nov-23
Madhya Pradesh,Neemuch,Neemuch,Other,Fruits,1.7,8090,8999,8600,29-Nov-23
Madhya Pradesh,Neemuch,Neemuch,Other,Fruits,0.4,8300,8300,8300,28-Nov-23
Madhya Pradesh,Neemuch,Neemuch,Other,Fruits,2.1,3000,8800,8000,23-Nov-23
Madhya Pradesh,Neemuch,Neemuch,Other,Fruits,5.5,5600,9277,8800,22-Nov-23
Madhya Pradesh,Neemuch,Neemuch,Other,Fruits,1.6,8700,9000,8900,20-Nov-23
Madhya Pradesh,Neemuch,Neemuch,Other,Fruits,3.2,6500,8601,7500,18-Nov-23
Madhya Pradesh,Neemuch,Neemuch,Other,Fruits,7.9,3500,8880,8700,07-Nov-23
Madhya Pradesh,Neemuch,Neemuch,Other,Fruits,2.1,7000,8881,8201,06-Nov-23
Madhya Pradesh,Neemuch,Neemuch,Other,Fruits,0.8,8450,8800,8500,04-Nov-23
Madhya Pradesh,Neemuch,Neemuch,Other,Fruits,8.4,8600,8800,8724,03-Nov-23
Madhya Pradesh,Neemuch,Neemuch,Other,Fruits,4.9,8610,8612,8611,02-Nov-23
Madhya Pradesh,Neemuch,Neemuch,Other,Fruits,0.2,8000,8000,8000,01-Nov-23
Madhya Pradesh,Neemuch,Neemuch,Other,Fruits,1.1,8850,8850,8850,31-Oct-23
Madhya Pradesh,Neemuch,Neemuch,Other,Fruits,1.2,3181,8850,7350,30-Oct-23
Madhya Pradesh,Neemuch,Neemuch,Other,Fruits,0.1,3180,3180,3180,27-Oct-23
Madhya Pradesh,Neemuch,Neemuch,Other,Fruits,1.6,4851,8300,8100,26-Oct-23
Madhya Pradesh,Neemuch,Neemuch,Other,Fruits,4.2,3300,9102,8900,25-Oct-23
Madhya Pradesh,Neemuch,Neemuch,Other,Fruits,1.5,6500,9140,8200,20-Oct-23
Madhya Pradesh,Neemuch,Neemuch,Other,Fruits,3.1,4050,9199,8500,18-Oct-23
Madhya Pradesh,Neemuch,Neemuch,Other,Fruits,0.1,5100,5100,5100,17-Oct-23
Madhya Pradesh,Neemuch,Neemuch,Other,Fruits,1.7,3160,9114,9000,16-Oct-23
Madhya Pradesh,Neemuch,Neemuch,Other,Fruits,0.4,8900,9270,9200,13-Oct-23
Madhya Pradesh,Neemuch,Neemuch,Other,Fruits,2.3,1501,3400,3000,12-Oct-23
Madhya Pradesh,Neemuch,Neemuch,Other,Fruits,2.8,7000,9000,8911,11-Oct-23
Madhya Pradesh,Neemuch,Neemuch,Other,Fruits,1.2,1701,9151,9000,10-Oct-23
Madhya Pradesh,Neemuch,Neemuch,Other,Fruits,1.8,3270,9213,8912,09-Oct-23
Madhya Pradesh,Neemuch,Neemuch,Other,Fruits,4.6,3800,9200,8700,07-Oct-23
Madhya Pradesh,Neemuch,Neemuch,Other,Fruits,2.1,6000,9300,9100,06-Oct-23
Madhya Pradesh,Neemuch,Neemuch,Other,Fruits,2.9,8799,9200,8900,04-Oct-23
Madhya Pradesh,Neemuch,Neemuch,Other,Fruits,0.6,8990,9100,9000,03-Oct-23
Madhya Pradesh,Neemuch,Neemuch,Other,Fruits,0.5,3000,9470,9201,26-Sep-23
Madhya Pradesh,Neemuch,Neemuch,Other,Fruits,3.1,8200,9350,9200,25-Sep-23
Madhya Pradesh,Neemuch,Neemuch,Other,Fruits,2.1,9100,9300,9250,23-Sep-23
Madhya Pradesh,Neemuch,Neemuch,Other,Fruits,0.4,8851,8851,8851,28-Aug-23
Madhya Pradesh,Neemuch,Neemuch,Other,Fruits,0.4,8401,9707,9000,22-Aug-23
Madhya Pradesh,Neemuch,Neemuch,Other,Fruits,0.3,2850,8500,7950,21-Aug-23
Madhya Pradesh,Neemuch,Neemuch,Other,Fruits,0.1,8001,8600,8500,18-Aug-23
Madhya Pradesh,Neemuch,Neemuch,Other,Fruits,1.6,3000,8500,8000,17-Aug-23
Madhya Pradesh,Neemuch,Neemuch,Other,Fruits,0.1,4000,4000,4000,16-Aug-23
Madhya Pradesh,Neemuch,Neemuch,Other,Fruits,0.2,6000,7400,6500,14-Aug-23
Madhya Pradesh,Neemuch,Neemuch,Other,Fruits,0.2,2901,8450,6400,09-Aug-23
Madhya Pradesh,Neemuch,Neemuch,Other,Fruits,0.2,3100,4600,4000,08-Aug-23
Madhya Pradesh,Neemuch,Neemuch,Other,Fruits,2.9,4000,7600,6000,07-Aug-23
Madhya Pradesh,Neemuch,Neemuch,Other,Fruits,0.1,3051,3051,3051,04-Aug-23
Madhya Pradesh,Neemuch,Neemuch,Other,Fruits,0.1,2840,2840,2840,02-Aug-23
Madhya Pradesh,Neemuch,Neemuch,Other,Fruits,0.1,3300,3300,3300,01-Aug-23
Madhya Pradesh,Neemuch,Neemuch,Other,Fruits,0.1,7000,7000,7000,31-Jul-23
Madhya Pradesh,Neemuch,Neemuch,Other,Fruits,0.1,2900,2900,2900,27-Jul-23
Madhya Pradesh,Neemuch,Neemuch,Other,Fruits,0.4,2300,3100,3000,26-Jul-23
Madhya Pradesh,Neemuch,Neemuch,Other,Fruits,0.1,8500,8500,8500,24-Jul-23
Madhya Pradesh,Neemuch,Neemuch,Other,Fruits,0.4,7200,7601,7500,21-Jul-23
Madhya Pradesh,Neemuch,Neemuch,Other,Fruits,0.2,2701,8202,8000,14-Jul-23
Madhya Pradesh,Neemuch,Neemuch,Other,Fruits,0.7,7401,7401,7401,12-Jul-23
Madhya Pradesh,Neemuch,Neemuch,Other,Fruits,1.5,4300,9605,7400,11-Jul-23
Madhya Pradesh,Neemuch,Neemuch,Other,Fruits,0.8,4600,9500,7600,10-Jul-23
Madhya Pradesh,Neemuch,Neemuch,Other,Fruits,0.1,9200,9200,9200,07-Jul-23
Madhya Pradesh,Neemuch,Neemuch,Other,Fruits,1.1,4600,8640,7200,06-Jul-23
Madhya Pradesh,Neemuch,Neemuch,Other,Fruits,0.1,6500,6500,6500,05-Jul-23
Madhya Pradesh,Neemuch,Neemuch,Other,Fruits,0.1,7400,7400,7400,04-Jul-23
Madhya Pradesh,Neemuch,Neemuch,Other,Fruits,0.1,2500,2800,2750,01-Jul-23
Madhya Pradesh,Neemuch,Neemuch,Other,Fruits,0.2,2000,2000,2000,28-Jun-23
Madhya Pradesh,Neemuch,Neemuch,Other,Fruits,2.5,2400,8100,4500,23-Jun-23
Madhya Pradesh,Neemuch,Neemuch,Other,Fruits,0.1,6400,6400,6400,22-Jun-23
Madhya Pradesh,Neemuch,Neemuch,Other,Fruits,1.2,2700,8551,8000,21-Jun-23
Madhya Pradesh,Neemuch,Neemuch,Other,Fruits,0.3,8202,8202,8202,20-Jun-23
Madhya Pradesh,Neemuch,Neemuch,Other,Fruits,0.9,5000,8300,8000,19-Jun-23
Madhya Pradesh,Neemuch,Neemuch,Other,Fruits,0.1,4000,8700,8000,15-Jun-23
Madhya Pradesh,Neemuch,Neemuch,Other,Fruits,1.3,2750,7650,6500,14-Jun-23
Madhya Pradesh,Neemuch,Neemuch,Other,Fruits,1.1,2450,8570,7700,13-Jun-23
Madhya Pradesh,Neemuch,Neemuch,Other,Fruits,1.9,2600,2980,2851,12-Jun-23
Madhya Pradesh,Neemuch,Neemuch,Other,Fruits,1.1,4600,7951,6450,07-Jun-23
Madhya Pradesh,Neemuch,Neemuch,Other,Fruits,1.6,4600,7690,5500,05-Jun-23
Madhya Pradesh,Neemuch,Neemuch,Other,Fruits,0.1,7600,7600,7600,03-Jun-23
Madhya Pradesh,Neemuch,Neemuch,Other,Fruits,0.8,3700,7000,6500,02-Jun-23
Madhya Pradesh,Neemuch,Neemuch,Other,Fruits,0.1,4000,8600,7500,01-Jun-23
Madhya Pradesh,Neemuch,Neemuch,Other,Fruits,1.5,4650,8701,6800,31-May-23
Madhya Pradesh,Neemuch,Neemuch,Other,Fruits,0.2,4500,8601,7500,30-May-23
Madhya Pradesh,Neemuch,Neemuch,Other,Fruits,0.6,3500,7950,6200,27-May-23
Madhya Pradesh,Neemuch,Neemuch,Other,Fruits,0.3,4700,9200,7560,25-May-23
Madhya Pradesh,Neemuch,Neemuch,Other,Fruits,6.6,4600,8560,6200,23-May-23
Madhya Pradesh,Neemuch,Neemuch,Other,Fruits,1.4,5200,8601,7200,19-May-23
Madhya Pradesh,Neemuch,Neemuch,Other,Fruits,0.1,4000,8600,7200,18-May-23
Madhya Pradesh,Neemuch,Neemuch,Other,Fruits,0.2,6000,8501,7200,17-May-23
Madhya Pradesh,Neemuch,Neemuch,Other,Fruits,2.4,4500,8701,6000,16-May-23
Madhya Pradesh,Neemuch,Neemuch,Other,Fruits,0.3,4600,8901,7200,08-May-23
Madhya Pradesh,Neemuch,Neemuch,Other,Fruits,0.3,2710,8502,8100,06-May-23
Madhya Pradesh,Neemuch,Neemuch,Other,Fruits,0.1,6500,8401,7200,03-May-23
Madhya Pradesh,Neemuch,Neemuch,Other,Fruits,0.4,2810,7804,7500,02-May-23
Madhya Pradesh,Neemuch,Neemuch,Other,Fruits,0.2,3050,8650,6000,01-May-23
Madhya Pradesh,Neemuch,Neemuch,Other,Fruits,0.1,8000,8000,8000,29-Apr-23
Madhya Pradesh,Neemuch,Neemuch,Other,Fruits,4.8,3400,9000,8600,27-Apr-23
Madhya Pradesh,Neemuch,Neemuch,Other,Fruits,2.3,2980,9401,7551,26-Apr-23
Madhya Pradesh,Neemuch,Neemuch,Other,Fruits,3.2,3940,8641,6500,25-Apr-23
Madhya Pradesh,Neemuch,Neemuch,Other,Fruits,3.9,3902,8912,8200,24-Apr-23
Madhya Pradesh,Neemuch,Neemuch,Other,Fruits,1.5,2961,3110,3109,21-Apr-23
Madhya Pradesh,Neemuch,Neemuch,Other,Fruits,8.2,7700,9104,8500,19-Apr-23
Madhya Pradesh,Neemuch,Neemuch,Other,Fruits,5.9,4600,8601,7400,17-Apr-23
Madhya Pradesh,Neemuch,Neemuch,Other,Fruits,5.6,7500,9900,8850,15-Apr-23
Madhya Pradesh,Neemuch,Neemuch,Other,Fruits,11.1,4200,9300,8400,12-Apr-23
Madhya Pradesh,Neemuch,Neemuch,Other,Fruits,6.8,4900,8951,7200,11-Apr-23
Madhya Pradesh,Neemuch,Neemuch,Other,Fruits,9.2,5000,8601,7200,10-Apr-23
Madhya Pradesh,Neemuch,Neemuch,Other,Fruits,1.1,2985,9201,3500,08-Apr-23
Madhya Pradesh,Neemuch,Neemuch,Other,Fruits,0.6,6400,9801,8600,05-Apr-23
Madhya Pradesh,Neemuch,Neemuch,Other,Fruits,3.9,3100,9001,7100,28-Mar-23
Madhya Pradesh,Neemuch,Neemuch,Other,Fruits,1.5,6900,9400,8600,27-Mar-23
Madhya Pradesh,Neemuch,Neemuch,Other,Fruits,0.9,6901,9000,8500,25-Mar-23
Madhya Pradesh,Neemuch,Neemuch,Other,Fruits,0.7,4200,8401,6500,21-Mar-23
Madhya Pradesh,Neemuch,Neemuch,Other,Fruits,2.3,3299,9000,4501,20-Mar-23
Madhya Pradesh,Neemuch,Neemuch,Other,Fruits,0.8,9000,9000,9000,18-Mar-23
Madhya Pradesh,Neemuch,Neemuch,Other,Fruits,3.8,3041,9200,3400,16-Mar-23
Madhya Pradesh,Neemuch,Neemuch,Other,Fruits,0.9,3500,9000,5500,15-Mar-23
Madhya Pradesh,Neemuch,Neemuch,Other,Fruits,1.4,8900,9106,9000,14-Mar-23
Madhya Pradesh,Neemuch,Neemuch,Other,Fruits,0.4,3100,8000,3925,13-Mar-23
Madhya Pradesh,Neemuch,Neemuch,Other,Fruits,5.4,2500,8600,6900,10-Mar-23
Madhya Pradesh,Neemuch,Neemuch,Other,Fruits,0.1,3400,3400,3400,06-Mar-23
Madhya Pradesh,Neemuch,Neemuch,Other,Fruits,0.6,2810,3000,2850,04-Mar-23
Madhya Pradesh,Neemuch,Neemuch,Other,Fruits,4.9,3000,8181,7900,03-Mar-23
Madhya Pradesh,Neemuch,Neemuch,Other,Fruits,0.5,2700,8700,7500,02-Mar-23
Madhya Pradesh,Neemuch,Neemuch,Other,Fruits,3.7,3000,8501,7000,01-Mar-23
Madhya Pradesh,Neemuch,Neemuch,Other,Fruits,0.7,3291,7850,5506,28-Feb-23
Madhya Pradesh,Neemuch,Neemuch,Other,Fruits,3,7000,8401,8100,27-Feb-23
Madhya Pradesh,Neemuch,Neemuch,Other,Fruits,2.1,4060,4060,4060,24-Feb-23
Madhya Pradesh,Neemuch,Neemuch,Other,Fruits,0.3,7200,8300,7500,23-Feb-23
Madhya Pradesh,Neemuch,Neemuch,Other,Fruits,2.7,4250,7600,7000,22-Feb-23
Madhya Pradesh,Neemuch,Neemuch,Other,Fruits,2.7,3000,9600,8200,21-Feb-23
Madhya Pradesh,Neemuch,Neemuch,Other,Fruits,3.5,3201,10550,8001,20-Feb-23
Madhya Pradesh,Neemuch,Neemuch,Other,Fruits,3.5,4230,8286,7500,17-Feb-23
Madhya Pradesh,Neemuch,Neemuch,Other,Fruits,8,4600,8901,7600,16-Feb-23
Madhya Pradesh,Neemuch,Neemuch,Other,Fruits,4.7,4500,8600,7500,15-Feb-23
Madhya Pradesh,Neemuch,Neemuch,Other,Fruits,7.8,7400,8200,7800,14-Feb-23
Madhya Pradesh,Neemuch,Neemuch,Other,Fruits,1.2,4500,8600,7500,13-Feb-23
Madhya Pradesh,Neemuch,Neemuch,Other,Fruits,3.9,3000,8000,7751,10-Feb-23
Madhya Pradesh,Neemuch,Neemuch,Other,Fruits,10.8,6000,8325,8000,07-Feb-23
Madhya Pradesh,Neemuch,Neemuch,Other,Fruits,4.6,6500,8000,7500,06-Feb-23
Madhya Pradesh,Neemuch,Neemuch,Other,Fruits,3.2,3501,9051,8000,04-Feb-23
Madhya Pradesh,Neemuch,Neemuch,Other,Fruits,6.4,3600,8297,8000,03-Feb-23
Madhya Pradesh,Neemuch,Neemuch,Other,Fruits,0.1,5700,9000,8000,02-Feb-23
Madhya Pradesh,Neemuch,Neemuch,Other,Fruits,1.1,8282,9000,8300,01-Feb-23
Madhya Pradesh,Neemuch,Neemuch,Other,Fruits,5,4000,9800,7500,31-Jan-23
Madhya Pradesh,Neemuch,Neemuch,Other,Fruits,4.4,7700,8251,8000,30-Jan-23
Madhya Pradesh,Neemuch,Neemuch,Other,Fruits,3.9,3400,9000,8075,27-Jan-23
Madhya Pradesh,Neemuch,Neemuch,Other,Fruits,13.4,3800,8091,7900,24-Jan-23
Madhya Pradesh,Neemuch,Neemuch,Other,Fruits,7.2,3500,7908,7000,23-Jan-23
Madhya Pradesh,Neemuch,Neemuch,Other,Fruits,5.6,4670,7896,5605,21-Jan-23
Madhya Pradesh,Neemuch,Neemuch,Other,Fruits,12.5,4000,8700,8000,20-Jan-23
Madhya Pradesh,Neemuch,Neemuch,Other,Fruits,4.9,3800,8441,7701,19-Jan-23
Madhya Pradesh,Neemuch,Neemuch,Other,Fruits,6.5,6900,9300,8500,17-Jan-23
Madhya Pradesh,Neemuch,Neemuch,Other,Fruits,7.3,7500,9046,8001,16-Jan-23
Madhya Pradesh,Neemuch,Neemuch,Other,Fruits,7.5,4000,9230,8890,13-Jan-23
Madhya Pradesh,Neemuch,Neemuch,Other,Fruits,1.9,5000,10000,9800,12-Jan-23
Madhya Pradesh,Neemuch,Neemuch,Other,Fruits,9.3,6000,8850,8200,11-Jan-23
Madhya Pradesh,Neemuch,Neemuch,Other,Fruits,5.5,5000,8900,8000,10-Jan-23
Madhya Pradesh,Neemuch,Neemuch,Other,Fruits,6.4,8000,9250,8700,09-Jan-23
Madhya Pradesh,Neemuch,Neemuch,Other,Fruits,3.1,4000,8551,8400,07-Jan-23
Madhya Pradesh,Neemuch,Neemuch,Other,Fruits,10.3,8600,9561,9010,06-Jan-23
Madhya Pradesh,Neemuch,Neemuch,Other,Fruits,0.4,9000,9520,9200,05-Jan-23
Madhya Pradesh,Neemuch,Neemuch,Other,Fruits,0.4,6500,11400,10300,04-Jan-23
Madhya Pradesh,Neemuch,Neemuch,Other,Fruits,2.9,4500,9600,8501,03-Jan-23
Madhya Pradesh,Neemuch,Neemuch,Other,Fruits,8,3700,8651,5600,02-Jan-23
Madhya Pradesh,Neemuch,Neemuch,Other,Fruits,3.1,7600,10950,10200,31-Dec-22
Madhya Pradesh,Neemuch,Neemuch,Other,Fruits,0.7,3899,10000,9500,29-Dec-22
Madhya Pradesh,Neemuch,Neemuch,Other,Fruits,0.2,9300,10550,9500,28-Dec-22
Madhya Pradesh,Neemuch,Neemuch,Other,Fruits,3.5,3801,9200,8690,27-Dec-22
Madhya Pradesh,Neemuch,Neemuch,Other,Fruits,5,4600,10000,9650,26-Dec-22
Madhya Pradesh,Neemuch,Neemuch,Other,Fruits,3,5500,10001,9500,23-Dec-22
Madhya Pradesh,Neemuch,Neemuch,Other,Fruits,3.7,9000,10800,10000,22-Dec-22
Madhya Pradesh,Neemuch,Neemuch,Other,Fruits,1.6,10000,12200,11300,21-Dec-22
Madhya Pradesh,Neemuch,Neemuch,Other,Fruits,0.1,9800,9800,9800,20-Dec-22
Madhya Pradesh,Neemuch,Neemuch,Other,Fruits,3.9,7600,11601,9800,19-Dec-22
Madhya Pradesh,Neemuch,Neemuch,Other,Fruits,3.7,3641,10500,9700,17-Dec-22
Madhya Pradesh,Neemuch,Neemuch,Other,Fruits,3.9,8200,11600,10500,16-Dec-22
Madhya Pradesh,Neemuch,Neemuch,Other,Fruits,0.3,4600,11201,10400,15-Dec-22
Madhya Pradesh,Neemuch,Neemuch,Other,Fruits,2.4,4600,10600,9500,14-Dec-22
Madhya Pradesh,Neemuch,Neemuch,Other,Fruits,4.9,7600,11040,9500,13-Dec-22
Madhya Pradesh,Neemuch,Neemuch,Other,Fruits,4.5,6000,10401,9500,12-Dec-22
Madhya Pradesh,Neemuch,Neemuch,Other,Fruits,1.6,10000,10401,10400,09-Dec-22
Madhya Pradesh,Neemuch,Neemuch,Other,Fruits,4.5,5000,10300,9000,07-Dec-22
Madhya Pradesh,Neemuch,Neemuch,Other,Fruits,3.2,9500,11400,10200,05-Dec-22
Madhya Pradesh,Neemuch,Neemuch,Other,Fruits,1.4,9500,11601,10200,03-Dec-22
Madhya Pradesh,Neemuch,Neemuch,Other,Fruits,2.4,9501,10400,10000,02-Dec-22
Madhya Pradesh,Neemuch,Neemuch,Other,Fruits,0.9,9000,10201,10200,01-Dec-22
Madhya Pradesh,Neemuch,Neemuch,Other,Fruits,1.8,9800,11601,10200,30-Nov-22
Madhya Pradesh,Neemuch,Neemuch,Other,Fruits,0.1,11200,11200,11200,29-Nov-22
Madhya Pradesh,Neemuch,Neemuch,Other,Fruits,4.3,9800,11400,10200,28-Nov-22
Madhya Pradesh,Neemuch,Neemuch,Other,Fruits,0.4,10630,11250,10820,25-Nov-22
Madhya Pradesh,Neemuch,Neemuch,Other,Fruits,0.8,3800,10900,8900,24-Nov-22
Madhya Pradesh,Neemuch,Neemuch,Other,Fruits,0.3,10900,10950,10920,23-Nov-22
Madhya Pradesh,Neemuch,Neemuch,Other,Fruits,1.2,10000,10701,10200,22-Nov-22
Madhya Pradesh,Neemuch,Neemuch,Other,Fruits,0.5,4601,10850,9400,18-Nov-22
Madhya Pradesh,Neemuch,Neemuch,Other,Fruits,0.5,8500,10440,9600,17-Nov-22
Madhya Pradesh,Neemuch,Neemuch,Other,Fruits,1.1,4000,10680,9400,16-Nov-22
Madhya Pradesh,Neemuch,Neemuch,Other,Fruits,0.1,8600,10601,9500,14-Nov-22
Madhya Pradesh,Neemuch,Neemuch,Other,Fruits,1.4,8200,10500,8900,11-Nov-22
Madhya Pradesh,Neemuch,Neemuch,Other,Fruits,1.7,9000,10590,10000,10-Nov-22
Madhya Pradesh,Neemuch,Neemuch,Other,Fruits,0.5,8000,11000,10900,09-Nov-22
Madhya Pradesh,Neemuch,Neemuch,Other,Fruits,0.1,10420,10601,10500,07-Nov-22
Madhya Pradesh,Neemuch,Neemuch,Other,Fruits,1.6,4000,10551,7000,05-Nov-22
Madhya Pradesh,Neemuch,Neemuch,Other,Fruits,0.1,4000,10470,8600,02-Nov-22
Madhya Pradesh,Neemuch,Neemuch,Other,Fruits,0.1,10300,10450,10400,31-Oct-22
Madhya Pradesh,Neemuch,Neemuch,Other,Fruits,1,4600,10200,8900,29-Oct-22
Madhya Pradesh,Neemuch,Neemuch,Other,Fruits,0.1,9350,9350,9350,20-Oct-22
Madhya Pradesh,Neemuch,Neemuch,Other,Fruits,1.1,3250,9850,9100,19-Oct-22
Madhya Pradesh,Neemuch,Neemuch,Other,Fruits,2.7,9890,10121,10000,18-Oct-22
Madhya Pradesh,Neemuch,Neemuch,Other,Fruits,0.3,10000,10100,10050,17-Oct-22
Madhya Pradesh,Neemuch,Neemuch,Other,Fruits,2.5,9360,9480,9400,15-Oct-22
Madhya Pradesh,Neemuch,Neemuch,Other,Fruits,7.3,3600,10450,9500,14-Oct-22
Madhya Pradesh,Neemuch,Neemuch,Other,Fruits,3.2,3680,10370,9870,13-Oct-22
Madhya Pradesh,Neemuch,Neemuch,Other,Fruits,0.3,4500,11600,10400,12-Oct-22
Madhya Pradesh,Neemuch,Neemuch,Other,Fruits,0.9,7500,11400,9500,11-Oct-22
Madhya Pradesh,Neemuch,Neemuch,Other,Fruits,2,6600,10713,10610,10-Oct-22
Madhya Pradesh,Neemuch,Neemuch,Other,Fruits,0.5,10800,10900,10850,06-Oct-22
Madhya Pradesh,Neemuch,Neemuch,Other,Fruits,0.6,3800,10900,8800,03-Oct-22
Madhya Pradesh,Neemuch,Neemuch,Other,Fruits,1.1,9600,11000,10500,30-Sep-22
Madhya Pradesh,Neemuch,Neemuch,Other,Fruits,2,3401,11275,10000,29-Sep-22
Madhya Pradesh,Neemuch,Neemuch,Other,Fruits,1.3,9000,11000,10900,28-Sep-22
Madhya Pradesh,Neemuch,Neemuch,Other,Fruits,2.9,4000,11200,10900,27-Sep-22
Madhya Pradesh,Neemuch,Neemuch,Other,Fruits,2.1,10700,11451,11000,24-Sep-22
Madhya Pradesh,Neemuch,Neemuch,Other,Fruits,2.4,6500,11650,9500,22-Sep-22
Madhya Pradesh,Neemuch,Neemuch,Other,Fruits,0.8,4201,11400,8000,21-Sep-22
Madhya Pradesh,Neemuch,Neemuch,Other,Fruits,2,8500,10400,9000,20-Sep-22
Madhya Pradesh,Neemuch,Neemuch,Other,Fruits,0.4,10900,10900,10900,19-Sep-22
Madhya Pradesh,Neemuch,Neemuch,Other,Fruits,1.1,6000,11000,10400,09-Sep-22
Madhya Pradesh,Neemuch,Neemuch,Other,Fruits,0.4,9300,10600,10000,05-Sep-22
Madhya Pradesh,Neemuch,Neemuch,Other,Fruits,1,9200,10500,9700,03-Sep-22
Madhya Pradesh,Neemuch,Neemuch,Other,Fruits,0.1,9200,11551,10000,02-Sep-22
Madhya Pradesh,Neemuch,Neemuch,Other,Fruits,0.1,3500,3500,3500,30-Aug-22
Madhya Pradesh,Neemuch,Neemuch,Other,Fruits,1.8,4600,11800,8500,24-Aug-22
Madhya Pradesh,Neemuch,Neemuch,Other,Fruits,0.1,4001,4001,4001,16-Aug-22
Madhya Pradesh,Neemuch,Neemuch,Other,Fruits,4.7,11215,11500,11300,10-Aug-22
Madhya Pradesh,Neemuch,Neemuch,Other,Fruits,2.5,5600,12400,9800,08-Aug-22
Madhya Pradesh,Neemuch,Neemuch,Other,Fruits,2.3,4600,11800,9400,05-Aug-22
Madhya Pradesh,Neemuch,Neemuch,Other,Fruits,2.2,4600,12400,9500,04-Aug-22
Madhya Pradesh,Neemuch,Neemuch,Other,Fruits,0.1,10200,10200,10200,03-Aug-22
Madhya Pradesh,Neemuch,Neemuch,Other,Fruits,0.7,11400,11400,11400,02-Aug-22
Madhya Pradesh,Neemuch,Neemuch,Other,Fruits,2,11200,11200,11200,27-Jul-22
Madhya Pradesh,Neemuch,Neemuch,Other,Fruits,0.1,6501,6501,6501,22-Jul-22
Madhya Pradesh,Neemuch,Neemuch,Other,Fruits,1.5,4600,9801,7500,21-Jul-22
Madhya Pradesh,Neemuch,Neemuch,Other,Fruits,0.2,8750,8750,8750,18-Jul-22
Madhya Pradesh,Neemuch,Neemuch,Other,Fruits,0.9,3801,5000,4000,05-Jul-22
Madhya Pradesh,Neemuch,Neemuch,Other,Fruits,0.5,5500,11000,8500,04-Jul-22
Madhya Pradesh,Neemuch,Neemuch,Other,Fruits,3.1,4800,9400,7501,30-Apr-22
Madhya Pradesh,Neemuch,Neemuch,Other,Fruits,0.6,5600,9401,7450,28-Apr-22
Madhya Pradesh,Neemuch,Neemuch,Other,Fruits,0.8,6500,9750,7600,27-Apr-22
Madhya Pradesh,Neemuch,Neemuch,Other,Fruits,0.1,8601,8601,8601,26-Apr-22
Madhya Pradesh,Neemuch,Neemuch,Other,Fruits,1.3,4700,8601,5400,25-Apr-22
Madhya Pradesh,Neemuch,Neemuch,Other,Fruits,0.1,8501,8501,8501,20-Apr-22
Madhya Pradesh,Neemuch,Neemuch,Other,Fruits,1.7,3826,8500,7400,11-Apr-22
Madhya Pradesh,Neemuch,Neemuch,Other,Fruits,3.6,4500,9400,7600,08-Apr-22
Madhya Pradesh,Neemuch,Neemuch,Other,Fruits,1,10801,11001,11000,07-Apr-22
Madhya Pradesh,Neemuch,Neemuch,Other,Fruits,0.1,8600,8600,8600,05-Apr-22
Madhya Pradesh,Neemuch,Neemuch,Other,Fruits,7.9,3001,8600,7500,25-Mar-22
Madhya Pradesh,Neemuch,Neemuch,Other,Fruits,5.2,3600,11680,10500,24-Mar-22
Madhya Pradesh,Neemuch,Neemuch,Other,Fruits,1.1,3700,11501,7000,23-Mar-22
Madhya Pradesh,Neemuch,Neemuch,Other,Fruits,3.2,3200,6900,3700,21-Mar-22
Madhya Pradesh,Neemuch,Neemuch,Other,Fruits,1.3,6500,12400,11000,19-Mar-22
Madhya Pradesh,Neemuch,Neemuch,Other,Fruits,2.9,5000,11630,9400,16-Mar-22
Madhya Pradesh,Neemuch,Neemuch,Other,Fruits,3.7,3000,12460,11000,15-Mar-22
Madhya Pradesh,Neemuch,Neemuch,Other,Fruits,7.4,6200,11500,8001,14-Mar-22
Madhya Pradesh,Neemuch,Neemuch,Other,Fruits,6.1,3939,12350,11000,11-Mar-22
Madhya Pradesh,Neemuch,Neemuch,Other,Fruits,1.9,5600,11640,9000,10-Mar-22
Madhya Pradesh,Neemuch,Neemuch,Other,Fruits,0.8,3830,5000,4000,09-Mar-22
Madhya Pradesh,Neemuch,Neemuch,Other,Fruits,3.2,4100,11800,9000,08-Mar-22
Madhya Pradesh,Neemuch,Neemuch,Other,Fruits,4.5,4500,11400,6800,07-Mar-22
Madhya Pradesh,Neemuch,Neemuch,Other,Fruits,0.1,4500,11200,9500,04-Mar-22
Madhya Pradesh,Neemuch,Neemuch,Other,Fruits,3.3,4500,11000,5500,03-Mar-22
Madhya Pradesh,Neemuch,Neemuch,Other,Fruits,2.1,3970,11300,5600,02-Mar-22
Madhya Pradesh,Neemuch,Neemuch,Other,Fruits,4.8,8000,11000,10900,28-Feb-22
Madhya Pradesh,Neemuch,Neemuch,Other,Fruits,2,6000,11200,9500,25-Feb-22
Madhya Pradesh,Neemuch,Neemuch,Other,Fruits,2.5,6100,11500,11200,24-Feb-22
Madhya Pradesh,Neemuch,Neemuch,Other,Fruits,1.1,3000,12400,12000,23-Feb-22
Madhya Pradesh,Neemuch,Neemuch,Other,Fruits,0.1,8800,11930,11000,22-Feb-22
Madhya Pradesh,Neemuch,Neemuch,Other,Fruits,2.8,4100,12000,9000,21-Feb-22
Madhya Pradesh,Neemuch,Neemuch,Other,Fruits,2.9,8500,12300,10000,19-Feb-22
Madhya Pradesh,Neemuch,Neemuch,Other,Fruits,2.4,8500,12600,11000,18-Feb-22
Madhya Pradesh,Neemuch,Neemuch,Other,Fruits,8.8,9000,12400,11000,17-Feb-22
Madhya Pradesh,Neemuch,Neemuch,Other,Fruits,1.9,11001,12501,12000,15-Feb-22
Madhya Pradesh,Neemuch,Neemuch,Other,Fruits,0.2,4600,8500,6500,14-Feb-22
Madhya Pradesh,Neemuch,Neemuch,Other,Fruits,5.7,9000,13500,11200,11-Feb-22
Madhya Pradesh,Neemuch,Neemuch,Other,Fruits,6.7,9000,12400,10400,10-Feb-22
Madhya Pradesh,Neemuch,Neemuch,Other,Fruits,1.3,6667,12400,11000,09-Feb-22
Madhya Pradesh,Neemuch,Neemuch,Other,Fruits,2.4,4200,9000,8500,08-Feb-22
Madhya Pradesh,Neemuch,Neemuch,Other,Fruits,8.1,9000,12400,10200,07-Feb-22
Madhya Pradesh,Neemuch,Neemuch,Other,Fruits,0.2,4200,4200,4200,05-Feb-22
Madhya Pradesh,Neemuch,Neemuch,Other,Fruits,13,4201,12500,4500,04-Feb-22
Madhya Pradesh,Neemuch,Neemuch,Other,Fruits,0.2,11200,12100,11500,03-Feb-22
Madhya Pradesh,Neemuch,Neemuch,Other,Fruits,1.6,10900,12400,12000,02-Feb-22
Madhya Pradesh,Neemuch,Neemuch,Other,Fruits,2.2,3200,12325,11700,01-Feb-22
Madhya Pradesh,Neemuch,Neemuch,Other,Fruits,3.1,7012,12400,12101,31-Jan-22
Madhya Pradesh,Neemuch,Neemuch,Other,Fruits,2.8,11600,12000,11800,29-Jan-22
Madhya Pradesh,Neemuch,Neemuch,Other,Fruits,2.9,11400,12900,12000,28-Jan-22
Madhya Pradesh,Neemuch,Neemuch,Other,Fruits,0.7,11000,11900,11700,27-Jan-22
Madhya Pradesh,Neemuch,Neemuch,Other,Fruits,3.8,9100,12901,12600,25-Jan-22
Madhya Pradesh,Neemuch,Neemuch,Other,Fruits,3.5,7001,12351,10701,24-Jan-22
Madhya Pradesh,Neemuch,Neemuch,Other,Fruits,3.9,4500,12400,11000,22-Jan-22
Madhya Pradesh,Neemuch,Neemuch,Other,Fruits,1.3,5500,13000,11251,21-Jan-22
Madhya Pradesh,Neemuch,Neemuch,Other,Fruits,0.8,4500,11900,10500,20-Jan-22
Madhya Pradesh,Neemuch,Neemuch,Other,Fruits,2.4,4290,12700,11600,19-Jan-22
Madhya Pradesh,Neemuch,Neemuch,Other,Fruits,2,4299,4299,4299,18-Jan-22
Madhya Pradesh,Neemuch,Neemuch,Other,Fruits,0.6,12400,13000,13000,17-Jan-22
Madhya Pradesh,Neemuch,Neemuch,Other,Fruits,0.7,11000,12500,12300,15-Jan-22
Madhya Pradesh,Neemuch,Neemuch,Other,Fruits,0.3,4500,12000,11800,12-Jan-22
Madhya Pradesh,Neemuch,Neemuch,Other,Fruits,2.1,4301,9501,8000,11-Jan-22
Madhya Pradesh,Neemuch,Neemuch,Other,Fruits,0.5,4250,12650,11800,10-Jan-22
Madhya Pradesh,Neemuch,Neemuch,Other,Fruits,1.2,8000,10201,10000,07-Jan-22
Madhya Pradesh,Neemuch,Neemuch,Other,Fruits,1.6,4100,12000,10800,06-Jan-22
Madhya Pradesh,Neemuch,Neemuch,Other,Fruits,3.4,3600,12430,9000,05-Jan-22
Madhya Pradesh,Neemuch,Neemuch,Other,Fruits,0.3,3000,11900,9500,04-Jan-22
Madhya Pradesh,Neemuch,Neemuch,Other,Fruits,8.8,4000,12500,11500,03-Jan-22
Madhya Pradesh,Neemuch,Neemuch,Other,Fruits,4.2,3251,9700,8000,31-Dec-19
Madhya Pradesh,Neemuch,Neemuch,Other,Fruits,4.5,5400,9911,8701,27-Dec-19
Madhya Pradesh,Neemuch,Neemuch,Other,Fruits,5.7,3851,9951,8800,24-Dec-19
Madhya Pradesh,Neemuch,Neemuch,Other,Fruits,4.5,6501,10351,8900,23-Dec-19
Madhya Pradesh,Neemuch,Neemuch,Other,Fruits,5,8510,10400,9000,20-Dec-19
Madhya Pradesh,Neemuch,Neemuch,Other,Fruits,6.9,4800,10426,9900,19-Dec-19
Madhya Pradesh,Neemuch,Neemuch,Other,Fruits,2.1,4600,10100,9500,18-Dec-19
Madhya Pradesh,Neemuch,Neemuch,Other,Fruits,0.5,10295,10500,10300,17-Dec-19
Madhya Pradesh,Neemuch,Neemuch,Other,Fruits,1,4801,9900,8500,16-Dec-19
Madhya Pradesh,Neemuch,Neemuch,Other,Fruits,10.5,8000,8900,8581,13-Dec-19
Madhya Pradesh,Neemuch,Neemuch,Other,Fruits,1,8400,9800,8900,12-Dec-19
Madhya Pradesh,Neemuch,Neemuch,Other,Fruits,5.5,4501,10225,9000,09-Dec-19
Madhya Pradesh,Neemuch,Neemuch,Other,Fruits,1.6,4201,9040,6500,07-Dec-19
Madhya Pradesh,Neemuch,Neemuch,Other,Fruits,2,4000,10600,8700,06-Dec-19
Madhya Pradesh,Neemuch,Neemuch,Other,Fruits,0.1,8000,8000,8000,05-Dec-19
Madhya Pradesh,Neemuch,Neemuch,Other,Fruits,2.4,4000,10151,9300,04-Dec-19
Madhya Pradesh,Neemuch,Neemuch,Other,Fruits,1.4,5500,9300,7500,03-Dec-19
Madhya Pradesh,Neemuch,Neemuch,Other,Fruits,1.2,3000,9700,8000,02-Dec-19
Madhya Pradesh,Neemuch,Neemuch,Other,Fruits,6.3,4500,9599,9000,30-Nov-19
Madhya Pradesh,Neemuch,Neemuch,Other,Fruits,1.2,4000,9291,9000,29-Nov-19
Madhya Pradesh,Neemuch,Neemuch,Other,Fruits,6.3,7801,9300,8200,27-Nov-19
Madhya Pradesh,Neemuch,Neemuch,Other,Fruits,2.6,8000,9380,8700,25-Nov-19
Madhya Pradesh,Neemuch,Neemuch,Other,Fruits,1.6,3100,10101,9500,22-Nov-19
Madhya Pradesh,Neemuch,Neemuch,Other,Fruits,13.2,7600,10400,9800,21-Nov-19
Madhya Pradesh,Neemuch,Neemuch,Other,Fruits,0.2,1900,2100,2000,20-Nov-19
Madhya Pradesh,Neemuch,Neemuch,Other,Fruits,2.3,8600,9100,8800,18-Nov-19
Madhya Pradesh,Neemuch,Neemuch,Other,Fruits,2.9,7650,9250,8251,16-Nov-19
Madhya Pradesh,Neemuch,Neemuch,Other,Fruits,1,9500,10400,10000,14-Nov-19
Madhya Pradesh,Neemuch,Neemuch,Other,Fruits,16.5,5000,9500,8600,13-Nov-19
Madhya Pradesh,Neemuch,Neemuch,Other,Fruits,5.7,8000,9525,9100,11-Nov-19
Madhya Pradesh,Neemuch,Neemuch,Other,Fruits,4.1,6250,9936,8500,08-Nov-19
Madhya Pradesh,Neemuch,Neemuch,Other,Fruits,0.8,4245,8860,6000,07-Nov-19
Madhya Pradesh,Neemuch,Neemuch,Other,Fruits,0.6,7600,10300,8000,05-Nov-19
Madhya Pradesh,Neemuch,Neemuch,Other,Fruits,15.8,3751,8702,8200,04-Nov-19
Madhya Pradesh,Neemuch,Neemuch,Other,Fruits,0.1,9700,9700,9700,30-Oct-19
Madhya Pradesh,Neemuch,Neemuch,Other,Fruits,1.3,3500,4600,4000,18-Oct-19
Madhya Pradesh,Neemuch,Neemuch,Other,Fruits,0.2,10001,11150,10350,14-Oct-19
Madhya Pradesh,Neemuch,Neemuch,Other,Fruits,0.6,3501,5001,4000,11-Oct-19
Madhya Pradesh,Neemuch,Neemuch,Other,Fruits,1.1,7450,7450,7450,10-Oct-19
Madhya Pradesh,Neemuch,Neemuch,Other,Fruits,0.2,2400,2400,2400,04-Oct-19
Madhya Pradesh,Neemuch,Neemuch,Other,Fruits,8.4,6350,7911,7000,27-Sep-19
Madhya Pradesh,Neemuch,Neemuch,Other,Fruits,16.9,6650,9201,7000,25-Sep-19
Madhya Pradesh,Neemuch,Neemuch,Other,Fruits,6.2,6970,8300,7500,23-Sep-19
Madhya Pradesh,Neemuch,Neemuch,Other,Fruits,2.9,7550,9000,8900,21-Sep-19
Madhya Pradesh,Neemuch,Neemuch,Other,Fruits,4.7,8700,9001,8900,20-Sep-19
Madhya Pradesh,Neemuch,Neemuch,Other,Fruits,0.3,7500,7500,7500,18-Sep-19
Madhya Pradesh,Neemuch,Neemuch,Other,Fruits,2.3,4500,8600,8000,17-Sep-19
Madhya Pradesh,Neemuch,Neemuch,Other,Fruits,1,9802,9802,9802,16-Sep-19
Madhya Pradesh,Neemuch,Neemuch,Other,Fruits,2.5,9800,11000,10000,20-Aug-19
Madhya Pradesh,Neemuch,Neemuch,Other,Fruits,0.1,10200,10200,10200,14-Aug-19
Madhya Pradesh,Neemuch,Neemuch,Other,Fruits,0.4,4444,11276,10500,07-Aug-19
Madhya Pradesh,Neemuch,Neemuch,Other,Fruits,1.8,10925,12000,11000,06-Aug-19
Madhya Pradesh,Neemuch,Neemuch,Other,Fruits,0.1,4740,4740,4740,03-Aug-19
Madhya Pradesh,Neemuch,Neemuch,Other,Fruits,0.4,4000,4000,4000,31-Jul-19
Madhya Pradesh,Neemuch,Neemuch,Other,Fruits,0.4,3700,10600,10300,22-Jul-19
Madhya Pradesh,Neemuch,Neemuch,Other,Fruits,2.4,3900,10361,10000,20-Jul-19
Madhya Pradesh,Neemuch,Neemuch,Other,Fruits,3.1,4400,10700,8000,19-Jul-19
Madhya Pradesh,Neemuch,Neemuch,Other,Fruits,3.8,4000,11300,10000,16-Jul-19
Madhya Pradesh,Neemuch,Neemuch,Other,Fruits,4.1,8000,11500,11400,15-Jul-19
Madhya Pradesh,Neemuch,Neemuch,Other,Fruits,2.8,4301,11500,8801,12-Jul-19
Madhya Pradesh,Neemuch,Neemuch,Other,Fruits,0.5,10101,10101,10101,11-Jul-19
Madhya Pradesh,Neemuch,Neemuch,Other,Fruits,4.1,10880,10880,10880,10-Jul-19
Madhya Pradesh,Neemuch,Neemuch,Other,Fruits,0.1,5000,5000,5000,08-Jul-19
Madhya Pradesh,Neemuch,Neemuch,Other,Fruits,3.4,11601,12071,11700,04-Jul-19
Madhya Pradesh,Neemuch,Neemuch,Other,Fruits,0.4,5000,11951,11000,03-Jul-19
Madhya Pradesh,Neemuch,Neemuch,Other,Fruits,0.9,4401,12000,11000,01-Jul-19
Madhya Pradesh,Neemuch,Neemuch,Other,Fruits,0.7,3001,11600,4100,28-Jun-19
Madhya Pradesh,Neemuch,Neemuch,Other,Fruits,1.4,12300,12300,12300,26-Jun-19
Madhya Pradesh,Neemuch,Neemuch,Other,Fruits,0.1,12600,12600,12600,20-Jun-19
Madhya Pradesh,Neemuch,Neemuch,Other,Fruits,0.4,5300,16600,12570,19-Jun-19
Madhya Pradesh,Neemuch,Neemuch,Other,Fruits,0.6,4001,4001,4001,18-Jun-19
Madhya Pradesh,Neemuch,Neemuch,Other,Fruits,0.3,2000,9600,5000,17-Jun-19
Madhya Pradesh,Neemuch,Neemuch,Other,Fruits,1.3,4550,11800,11000,13-Jun-19
Madhya Pradesh,Neemuch,Neemuch,Other,Fruits,1,11000,11000,11000,10-Jun-19
Madhya Pradesh,Neemuch,Neemuch,Other,Fruits,0.6,4900,12000,10000,03-Jun-19
Madhya Pradesh,Neemuch,Neemuch,Other,Fruits,0.1,12400,12400,12400,22-May-19
Madhya Pradesh,Neemuch,Neemuch,Other,Fruits,1.5,8000,8501,8000,21-May-19
Madhya Pradesh,Neemuch,Neemuch,Other,Fruits,4.7,8100,12400,12400,17-May-19
Madhya Pradesh,Neemuch,Neemuch,Other,Fruits,3.2,5000,11800,11800,16-May-19
Madhya Pradesh,Neemuch,Neemuch,Other,Fruits,0.8,4500,12300,10000,15-May-19
Madhya Pradesh,Neemuch,Neemuch,Other,Fruits,0.2,13500,13500,13500,14-May-19
Madhya Pradesh,Neemuch,Neemuch,Other,Fruits,2.9,4600,11500,11450,10-May-19
Madhya Pradesh,Neemuch,Neemuch,Other,Fruits,3.5,3850,11500,10000,09-May-19
Madhya Pradesh,Neemuch,Neemuch,Other,Fruits,4.2,3890,11400,10200,08-May-19
Madhya Pradesh,Neemuch,Neemuch,Other,Fruits,1.5,3000,11450,11000,06-May-19
Madhya Pradesh,Neemuch,Neemuch,Other,Fruits,1.5,4600,11500,5000,04-May-19
Madhya Pradesh,Neemuch,Neemuch,Other,Fruits,1.1,4300,5000,4300,02-May-19
Madhya Pradesh,Neemuch,Neemuch,Other,Fruits,0.3,6151,11000,6200,01-May-19
Madhya Pradesh,Neemuch,Neemuch,Other,Fruits,0.2,7990,7990,7990,30-Apr-19
Madhya Pradesh,Neemuch,Neemuch,Other,Fruits,0.4,4251,10000,8000,25-Apr-19
Madhya Pradesh,Neemuch,Neemuch,Other,Fruits,2,8600,8600,8600,22-Apr-19
Madhya Pradesh,Neemuch,Neemuch,Other,Fruits,11.9,4300,10351,10100,18-Apr-19
Madhya Pradesh,Neemuch,Neemuch,Other,Fruits,0.4,3800,4200,4100,16-Apr-19
Madhya Pradesh,Neemuch,Neemuch,Other,Fruits,4.5,8000,10500,10400,15-Apr-19
Madhya Pradesh,Neemuch,Neemuch,Other,Fruits,2.4,10000,10551,10450,12-Apr-19
Madhya Pradesh,Neemuch,Neemuch,Other,Fruits,7.5,9000,10400,10000,11-Apr-19
Madhya Pradesh,Neemuch,Neemuch,Other,Fruits,4,4455,10270,5700,09-Apr-19
Madhya Pradesh,Neemuch,Neemuch,Other,Fruits,0.7,8945,8945,8945,08-Apr-19
Madhya Pradesh,Neemuch,Neemuch,Other,Fruits,1,7801,10000,8801,05-Apr-19
Madhya Pradesh,Neemuch,Neemuch,Other,Fruits,0.2,8301,8301,8301,04-Apr-19
Madhya Pradesh,Neemuch,Neemuch,Other,Fruits,2.1,9200,9200,9200,03-Apr-19
Madhya Pradesh,Neemuch,Neemuch,Other,Fruits,3,4250,9602,8500,02-Apr-19
Madhya Pradesh,Neemuch,Neemuch,Other,Fruits,3.4,4000,9013,8952,28-Mar-19
Madhya Pradesh,Neemuch,Neemuch,Other,Fruits,1.4,3100,8851,8800,27-Mar-19
Madhya Pradesh,Neemuch,Neemuch,Other,Fruits,0.5,4200,9300,9000,22-Mar-19
Madhya Pradesh,Neemuch,Neemuch,Other,Fruits,1.2,5000,9251,8200,20-Mar-19
Madhya Pradesh,Neemuch,Neemuch,Other,Fruits,0.1,3200,3200,3200,19-Mar-19
Madhya Pradesh,Neemuch,Neemuch,Other,Fruits,0.7,5001,8500,7751,18-Mar-19
Madhya Pradesh,Neemuch,Neemuch,Other,Fruits,6.7,3300,9400,8300,15-Mar-19
Madhya Pradesh,Neemuch,Neemuch,Other,Fruits,1,3000,9150,8991,14-Mar-19
Madhya Pradesh,Neemuch,Neemuch,Other,Fruits,5,4100,8901,8400,12-Mar-19
Madhya Pradesh,Neemuch,Neemuch,Other,Fruits,1.5,1101,1150,1104,11-Mar-19
Madhya Pradesh,Neemuch,Neemuch,Other,Fruits,4.2,4000,8800,7001,08-Mar-19
Madhya Pradesh,Neemuch,Neemuch,Other,Fruits,0.6,8675,8675,8675,07-Mar-19
Madhya Pradesh,Neemuch,Neemuch,Other,Fruits,0.9,4050,8640,7001,06-Mar-19
Madhya Pradesh,Neemuch,Neemuch,Other,Fruits,3.7,4011,4125,4090,02-Mar-19
Madhya Pradesh,Neemuch,Neemuch,Other,Fruits,1.6,1450,4101,4000,01-Mar-19
Madhya Pradesh,Neemuch,Neemuch,Other,Fruits,1.2,4000,8400,7500,27-Feb-19
Madhya Pradesh,Neemuch,Neemuch,Other,Fruits,6.3,4200,7400,6300,26-Feb-19
Madhya Pradesh,Neemuch,Neemuch,Other,Fruits,3.6,4000,7900,6500,25-Feb-19
Madhya Pradesh,Neemuch,Neemuch,Other,Fruits,2.6,2800,7901,7000,22-Feb-19
Madhya Pradesh,Neemuch,Neemuch,Other,Fruits,6,4001,8101,7700,21-Feb-19
Madhya Pradesh,Neemuch,Neemuch,Other,Fruits,3.5,3700,7853,7000,20-Feb-19
Madhya Pradesh,Neemuch,Neemuch,Other,Fruits,1.5,7776,8126,7800,14-Feb-19
Madhya Pradesh,Neemuch,Neemuch,Other,Fruits,18.3,4300,8250,7300,13-Feb-19
Madhya Pradesh,Neemuch,Neemuch,Other,Fruits,20.6,8490,9001,8500,12-Feb-19
Madhya Pradesh,Neemuch,Neemuch,Other,Fruits,8.8,4700,9225,8900,08-Feb-19
Madhya Pradesh,Neemuch,Neemuch,Other,Fruits,12.2,5050,9561,9100,06-Feb-19
Madhya Pradesh,Neemuch,Neemuch,Other,Fruits,22.6,7700,9500,9000,05-Feb-19
Madhya Pradesh,Neemuch,Neemuch,Other,Fruits,5,3500,9000,5200,04-Feb-19
Madhya Pradesh,Neemuch,Neemuch,Other,Fruits,0.6,4801,9889,9000,01-Feb-19
Madhya Pradesh,Neemuch,Neemuch,Other,Fruits,5.8,5101,10401,9800,30-Jan-19
Madhya Pradesh,Neemuch,Neemuch,Other,Fruits,21.2,6402,10560,9800,29-Jan-19
Madhya Pradesh,Neemuch,Neemuch,Other,Fruits,5.2,5490,10001,9700,28-Jan-19
Madhya Pradesh,Neemuch,Neemuch,Other,Fruits,0.2,9411,9411,9411,25-Jan-19
Madhya Pradesh,Neemuch,Neemuch,Other,Fruits,0.5,5100,9600,8400,24-Jan-19
Madhya Pradesh,Neemuch,Neemuch,Other,Fruits,9.9,8501,9641,9201,23-Jan-19
Madhya Pradesh,Neemuch,Neemuch,Other,Fruits,12,5601,9600,7501,22-Jan-19
Madhya Pradesh,Neemuch,Neemuch,Other,Fruits,9.8,5100,9780,8601,21-Jan-19
Madhya Pradesh,Neemuch,Neemuch,Other,Fruits,3.9,7000,9501,9350,19-Jan-19
Madhya Pradesh,Neemuch,Neemuch,Other,Fruits,2.6,7051,9800,9500,18-Jan-19
Madhya Pradesh,Neemuch,Neemuch,Other,Fruits,34.6,5500,10200,9900,16-Jan-19
Madhya Pradesh,Neemuch,Neemuch,Other,Fruits,34.7,5990,11330,10000,14-Jan-19
Madhya Pradesh,Neemuch,Neemuch,Other,Fruits,36.9,7000,10900,9900,11-Jan-19
Madhya Pradesh,Neemuch,Neemuch,Other,Fruits,35.4,5501,10500,9900,09-Jan-19
Madhya Pradesh,Neemuch,Neemuch,Other,Fruits,11.1,5666,11810,10000,05-Jan-19
Madhya Pradesh,Neemuch,Neemuch,Other,Fruits,21.8,8300,10401,9500,04-Jan-19
Madhya Pradesh,Neemuch,Neemuch,Other,Fruits,15.4,6500,10951,10000,03-Jan-19
Madhya Pradesh,Neemuch,Neemuch,Other,Fruits,19,5420,10875,10000,02-Jan-19
Madhya Pradesh,Neemuch,Neemuch,Other,Fruits,12.7,6000,10975,10000,31-Dec-18
Madhya Pradesh,Neemuch,Neemuch,Other,Fruits,17.3,6100,10940,10000,29-Dec-18
Madhya Pradesh,Neemuch,Neemuch,Other,Fruits,13.9,8000,11506,10000,28-Dec-18
Madhya Pradesh,Neemuch,Neemuch,Other,Fruits,0.6,8601,10300,10000,27-Dec-18
Madhya Pradesh,Neemuch,Neemuch,Other,Fruits,7.8,7701,11901,11000,26-Dec-18
Madhya Pradesh,Neemuch,Neemuch,Other,Fruits,7.5,6001,12500,11400,24-Dec-18
Madhya Pradesh,Neemuch,Neemuch,Other,Fruits,3.4,7375,11750,11300,21-Dec-18
Madhya Pradesh,Neemuch,Neemuch,Other,Fruits,4.6,6000,11901,11500,20-Dec-18
Madhya Pradesh,Neemuch,Neemuch,Other,Fruits,4.4,5300,11800,11000,18-Dec-18
Madhya Pradesh,Neemuch,Neemuch,Other,Fruits,19,9200,12251,11500,15-Dec-18
Madhya Pradesh,Neemuch,Neemuch,Other,Fruits,16.5,9001,11981,10050,14-Dec-18
Madhya Pradesh,Neemuch,Neemuch,Other,Fruits,10.1,6400,11800,10500,13-Dec-18
Madhya Pradesh,Neemuch,Neemuch,Other,Fruits,4.7,5960,6602,6400,12-Dec-18
Madhya Pradesh,Neemuch,Neemuch,Other,Fruits,0.3,11500,11500,11500,11-Dec-18
Madhya Pradesh,Neemuch,Neemuch,Other,Fruits,13,6500,12500,11900,10-Dec-18
Madhya Pradesh,Neemuch,Neemuch,Other,Fruits,3.6,11700,12600,12000,06-Dec-18
Madhya Pradesh,Neemuch,Neemuch,Other,Fruits,6.4,5858,12781,12300,05-Dec-18
Madhya Pradesh,Neemuch,Neemuch,Other,Fruits,8.3,10000,12600,12300,04-Dec-18
Madhya Pradesh,Neemuch,Neemuch,Other,Fruits,3.8,12000,12541,12200,01-Dec-18
Madhya Pradesh,Neemuch,Neemuch,Other,Fruits,8.7,8660,12331,12100,26-Nov-18
Madhya Pradesh,Neemuch,Neemuch,Other,Fruits,2,5500,11400,10000,20-Nov-18
Madhya Pradesh,Neemuch,Neemuch,Other,Fruits,2.4,6000,11900,11000,19-Nov-18
Madhya Pradesh,Neemuch,Neemuch,Other,Fruits,0.1,12400,12400,12400,17-Nov-18
Madhya Pradesh,Neemuch,Neemuch,Other,Fruits,7.6,5290,0,12200,16-Nov-18
Madhya Pradesh,Neemuch,Neemuch,Other,Fruits,4.9,2800,4700,4200,15-Nov-18
Madhya Pradesh,Neemuch,Neemuch,Other,Fruits,8.1,4595,4700,4600,14-Nov-18
Madhya Pradesh,Neemuch,Neemuch,Other,Fruits,0.3,6900,11051,10000,30-Oct-18
Madhya Pradesh,Neemuch,Neemuch,Other,Fruits,2,12801,13901,13470,25-Oct-18
Madhya Pradesh,Neemuch,Neemuch,Other,Fruits,3.2,5990,14500,12000,16-Oct-18
Madhya Pradesh,Neemuch,Neemuch,Other,Fruits,4.2,10700,14826,11000,15-Oct-18
Madhya Pradesh,Neemuch,Neemuch,Other,Fruits,0.1,8000,8000,8000,12-Oct-18
Madhya Pradesh,Neemuch,Neemuch,Other,Fruits,1.3,6500,6600,6550,11-Oct-18
Madhya Pradesh,Neemuch,Neemuch,Other,Fruits,2.1,4400,14000,13800,09-Oct-18
Madhya Pradesh,Neemuch,Neemuch,Other,Fruits,0.5,11601,15110,12001,08-Oct-18
Madhya Pradesh,Neemuch,Neemuch,Other,Fruits,2.8,14450,14500,14475,06-Oct-18
Madhya Pradesh,Neemuch,Neemuch,Other,Fruits,0.1,1080,1080,1080,04-Oct-18
Madhya Pradesh,Neemuch,Neemuch,Other,Fruits,0.8,6900,16000,14500,03-Oct-18
Madhya Pradesh,Neemuch,Neemuch,Other,Fruits,0.7,13500,14300,13900,01-Oct-18
Madhya Pradesh,Neemuch,Neemuch,Other,Fruits,6.9,6925,14600,14400,28-Sep-18
Madhya Pradesh,Neemuch,Neemuch,Other,Fruits,0.6,7700,12701,10000,27-Sep-18
Madhya Pradesh,Neemuch,Neemuch,Other,Fruits,1.8,14581,15450,15000,25-Sep-18
Madhya Pradesh,Neemuch,Neemuch,Other,Fruits,0.1,13000,13000,13000,19-Sep-18
Madhya Pradesh,Neemuch,Neemuch,Other,Fruits,1.4,6999,7200,7000,05-Sep-18
Madhya Pradesh,Neemuch,Neemuch,Other,Fruits,0.1,15100,15100,15100,04-Sep-18
Madhya Pradesh,Neemuch,Neemuch,Other,Fruits,1,9000,14660,10000,31-Aug-18
Madhya Pradesh,Neemuch,Neemuch,Other,Fruits,1.6,14300,14300,14300,28-Aug-18
Madhya Pradesh,Neemuch,Neemuch,Other,Fruits,0.8,7000,7000,7000,27-Aug-18
Madhya Pradesh,Neemuch,Neemuch,Other,Fruits,0.2,12800,12800,12800,21-Aug-18
Madhya Pradesh,Neemuch,Neemuch,Other,Fruits,1,6991,6991,6991,16-Aug-18
Madhya Pradesh,Neemuch,Neemuch,Other,Fruits,0.9,7651,15001,12000,14-Aug-18
Madhya Pradesh,Neemuch,Neemuch,Other,Fruits,1.1,5000,15101,10000,09-Aug-18
Madhya Pradesh,Neemuch,Neemuch,Other,Fruits,2.6,2000,8600,7500,06-Aug-18
Madhya Pradesh,Neemuch,Neemuch,Other,Fruits,1.3,7651,14870,12900,03-Aug-18
Madhya Pradesh,Neemuch,Neemuch,Other,Fruits,0.4,8500,14901,11300,02-Aug-18
Madhya Pradesh,Neemuch,Neemuch,Other,Fruits,1.7,6200,14771,7301,31-Jul-18
Madhya Pradesh,Neemuch,Neemuch,Other,Fruits,1.6,9650,14199,12901,23-Jul-18
Madhya Pradesh,Neemuch,Neemuch,Other,Fruits,1.7,6000,18500,7500,13-Jul-18
Madhya Pradesh,Neemuch,Neemuch,Other,Fruits,1.1,12200,12200,12200,10-Jul-18
Madhya Pradesh,Neemuch,Neemuch,Other,Fruits,1.1,6801,15000,15000,09-Jul-18
Madhya Pradesh,Neemuch,Neemuch,Other,Fruits,0.5,13000,13000,13000,04-Jul-18
Madhya Pradesh,Neemuch,Neemuch,Other,Fruits,0.5,12750,15390,14800,26-Jun-18
Madhya Pradesh,Neemuch,Neemuch,Other,Fruits,3.9,5400,15220,10000,20-Jun-18
Madhya Pradesh,Neemuch,Neemuch,Other,Fruits,0.1,7401,7401,7401,31-May-18
Madhya Pradesh,Neemuch,Neemuch,Other,Fruits,0.4,7000,14901,13000,28-May-18
Madhya Pradesh,Neemuch,Neemuch,Other,Fruits,0.1,13000,13000,13000,24-May-18
Madhya Pradesh,Neemuch,Neemuch,Other,Fruits,0.1,6900,6900,6900,22-May-18
Madhya Pradesh,Neemuch,Neemuch,Other,Fruits,0.7,6500,6600,6500,19-May-18
Madhya Pradesh,Neemuch,Neemuch,Other,Fruits,0.6,5800,5800,5800,18-May-18
Madhya Pradesh,Neemuch,Neemuch,Other,Fruits,2.3,6350,14700,11500,17-May-18
Madhya Pradesh,Neemuch,Neemuch,Other,Fruits,0.5,6500,11900,8000,16-May-18
Madhya Pradesh,Neemuch,Neemuch,Other,Fruits,1.8,10020,10020,10020,15-May-18
Madhya Pradesh,Neemuch,Neemuch,Other,Fruits,0.4,11800,11800,11800,14-May-18
Madhya Pradesh,Neemuch,Neemuch,Other,Fruits,0.3,13039,13400,13400,11-May-18
Madhya Pradesh,Neemuch,Neemuch,Other,Fruits,0.3,6200,15000,10000,10-May-18
Madhya Pradesh,Neemuch,Neemuch,Other,Fruits,2.6,14000,14700,14000,09-May-18
Madhya Pradesh,Neemuch,Neemuch,Other,Fruits,1.2,6300,6300,6300,08-May-18
Madhya Pradesh,Neemuch,Neemuch,Other,Fruits,1.9,5401,12900,12000,07-May-18
Madhya Pradesh,Neemuch,Neemuch,Other,Fruits,0.3,5500,13901,9700,05-May-18
Madhya Pradesh,Neemuch,Neemuch,Other,Fruits,1,6300,8800,7500,04-May-18
Madhya Pradesh,Neemuch,Neemuch,Other,Fruits,0.6,6300,10900,8600,03-May-18
Madhya Pradesh,Neemuch,Neemuch,Other,Fruits,4.2,5370,6580,6000,02-May-18
Madhya Pradesh,Neemuch,Neemuch,Other,Fruits,0.6,6600,13900,10500,01-May-18
Madhya Pradesh,Neemuch,Neemuch,Other,Fruits,15,6150,12400,11928,27-Apr-18
Madhya Pradesh,Neemuch,Neemuch,Other,Fruits,0.7,5900,13500,10500,19-Apr-18
Madhya Pradesh,Neemuch,Neemuch,Other,Fruits,"1,014.40",5500,11300,9500,17-Apr-18
Madhya Pradesh,Neemuch,Neemuch,Other,Fruits,0.9,5750,12500,10500,16-Apr-18
Madhya Pradesh,Neemuch,Neemuch,Other,Fruits,0.7,6200,13401,8500,13-Apr-18
Madhya Pradesh,Neemuch,Neemuch,Other,Fruits,21.9,5526,13500,12000,12-Apr-18
Madhya Pradesh,Neemuch,Neemuch,Other,Fruits,2.1,6700,13401,9000,11-Apr-18
Madhya Pradesh,Neemuch,Neemuch,Other,Fruits,2.6,6100,13450,12800,10-Apr-18
Madhya Pradesh,Neemuch,Neemuch,Other,Fruits,1.1,5551,12850,6000,09-Apr-18
Madhya Pradesh,Neemuch,Neemuch,Other,Fruits,0.3,6000,12825,10000,07-Apr-18
Madhya Pradesh,Neemuch,Neemuch,Other,Fruits,5.9,6080,13200,7000,06-Apr-18
Madhya Pradesh,Neemuch,Neemuch,Other,Fruits,0.9,6290,13401,10000,03-Apr-18
Madhya Pradesh,Neemuch,Neemuch,Other,Fruits,5.2,6351,12400,11300,28-Mar-18
Madhya Pradesh,Neemuch,Neemuch,Other,Fruits,2.1,6000,12600,9100,26-Mar-18
Madhya Pradesh,Neemuch,Neemuch,Other,Fruits,0.6,6400,6400,6400,23-Mar-18
Madhya Pradesh,Neemuch,Neemuch,Other,Fruits,12.4,4000,13600,13000,22-Mar-18
Madhya Pradesh,Neemuch,Neemuch,Other,Fruits,1.1,11600,13001,12000,21-Mar-18
Madhya Pradesh,Neemuch,Neemuch,Other,Fruits,1,10700,13641,13000,20-Mar-18
Madhya Pradesh,Neemuch,Neemuch,Other,Fruits,2.8,6000,13610,13000,16-Mar-18
Madhya Pradesh,Neemuch,Neemuch,Other,Fruits,0.6,12500,12500,12500,15-Mar-18
Madhya Pradesh,Neemuch,Neemuch,Other,Fruits,0.2,6151,6151,6151,14-Mar-18
Madhya Pradesh,Neemuch,Neemuch,Other,Fruits,0.7,5700,13600,13500,12-Mar-18
Madhya Pradesh,Neemuch,Neemuch,Other,Fruits,3.3,7451,11300,10600,09-Mar-18
Madhya Pradesh,Neemuch,Neemuch,Other,Fruits,2,3000,13500,13321,08-Mar-18
Madhya Pradesh,Neemuch,Neemuch,Other,Fruits,1.2,13399,13429,13415,06-Mar-18
Madhya Pradesh,Neemuch,Neemuch,Other,Fruits,0.8,3700,14200,9800,05-Mar-18
Madhya Pradesh,Neemuch,Neemuch,Other,Fruits,9.3,12700,13001,12900,01-Mar-18
Madhya Pradesh,Neemuch,Neemuch,Other,Fruits,14.4,10500,13000,12600,28-Feb-18
Madhya Pradesh,Neemuch,Neemuch,Other,Fruits,2.9,5400,13499,12500,23-Feb-18
Madhya Pradesh,Neemuch,Neemuch,Other,Fruits,0.3,4000,14000,12000,22-Feb-18
Madhya Pradesh,Neemuch,Neemuch,Other,Fruits,8.3,5152,13702,12950,21-Feb-18
Madhya Pradesh,Neemuch,Neemuch,Other,Fruits,12.7,6500,13612,12500,20-Feb-18
Madhya Pradesh,Neemuch,Neemuch,Other,Fruits,5.4,4801,13440,13000,19-Feb-18
Madhya Pradesh,Neemuch,Neemuch,Other,Fruits,4.3,10700,13201,13000,09-Feb-18
Madhya Pradesh,Neemuch,Neemuch,Other,Fruits,13.1,5500,13390,12400,08-Feb-18
Madhya Pradesh,Neemuch,Neemuch,Other,Fruits,9,12591,13400,13180,07-Feb-18
Madhya Pradesh,Neemuch,Neemuch,Other,Fruits,11.8,9400,13600,13300,06-Feb-18
Madhya Pradesh,Neemuch,Neemuch,Other,Fruits,22,12891,13525,13400,05-Feb-18
Madhya Pradesh,Neemuch,Neemuch,Other,Fruits,18.8,5541,13995,11300,25-Jan-18
Madhya Pradesh,Neemuch,Neemuch,Other,Fruits,19.8,6300,14070,13350,24-Jan-18
Madhya Pradesh,Neemuch,Neemuch,Other,Fruits,25.8,6250,13782,13200,23-Jan-18
Madhya Pradesh,Neemuch,Neemuch,Other,Fruits,19,7000,14000,12500,22-Jan-18
Madhya Pradesh,Neemuch,Neemuch,Other,Fruits,19,7000,14000,12500,20-Jan-18
Madhya Pradesh,Neemuch,Neemuch,Other,Fruits,10.6,9651,13900,13200,19-Jan-18
Madhya Pradesh,Neemuch,Neemuch,Other,Fruits,7.9,8601,13500,12900,18-Jan-18
Madhya Pradesh,Neemuch,Neemuch,Other,Fruits,5,12126,13200,12900,16-Jan-18
Madhya Pradesh,Neemuch,Neemuch,Other,Fruits,3.4,12500,13425,13200,15-Jan-18
Madhya Pradesh,Neemuch,Neemuch,Other,Fruits,5.1,8001,13200,12900,12-Jan-18
Madhya Pradesh,Neemuch,Neemuch,Other,Fruits,9.6,6776,13040,12000,11-Jan-18
Madhya Pradesh,Neemuch,Neemuch,Other,Fruits,13,7080,12900,12100,10-Jan-18
Madhya Pradesh,Neemuch,Neemuch,Other,Fruits,20.1,6000,12801,10900,09-Jan-18
Madhya Pradesh,Neemuch,Neemuch,Other,Fruits,7.1,7800,13300,11500,08-Jan-18
Madhya Pradesh,Neemuch,Neemuch,Other,Fruits,13.7,5300,12950,12400,06-Jan-18
Madhya Pradesh,Neemuch,Neemuch,Other,Fruits,4.1,5550,12960,12500,05-Jan-18
Madhya Pradesh,Neemuch,Neemuch,Other,Fruits,16.3,5382,12721,12250,04-Jan-18
Madhya Pradesh,Neemuch,Neemuch,Other,Fruits,13.9,7001,12902,12100,03-Jan-18
Madhya Pradesh,Neemuch,Neemuch,Other,Fruits,12.4,4600,12500,12000,02-Jan-18
Madhya Pradesh,Neemuch,Neemuch,Other,Fruits,21.5,5301,12700,12000,01-Jan-18
Madhya Pradesh,Sagar,Shahagarh,Amla,Fruits,9,4000,4000,4000,08-Jun-22
Madhya Pradesh,Sagar,Shahagarh,Amla,Fruits,4.5,4300,4300,4300,18-Feb-22
Madhya Pradesh,Sagar,Shahagarh,Amla,Fruits,9,4200,4200,4200,07-Feb-22
Madhya Pradesh,Sheopur,Sheopurkalan,Amla,Fruits,3,8200,8500,8300,18-Dec-23
