Both Price And Arrival from 01-Jan-2016 To 31-Dec-2023 Total Arrival- 20645.82,,,,,,,,,
State Name,District Name,Market Name,Variety,Group,Arrivals (Tonnes),Min Price (Rs./Quintal),Max Price (Rs./Quintal),Modal Price (Rs./Quintal),Reported Date
Madhya Pradesh,Panna,Ajaygarh,Castor seed,Oil Seeds,8.8,4000,4200,4100,25-Jun-19
Madhya Pradesh,Panna,Ajaygarh,Castor seed,Oil Seeds,14,3800,3825,3815,24-Jun-19
Madhya Pradesh,Panna,Ajaygarh,Castor seed,Oil Seeds,3.4,3600,3650,3600,10-Dec-18
Madhya Pradesh,Panna,Ajaygarh,Castor seed,Oil Seeds,5,3650,3750,3700,08-Dec-18
Madhya Pradesh,Panna,Ajaygarh,Castor seed,Oil Seeds,5,3600,3620,3610,04-Dec-18
Madhya Pradesh,Panna,Ajaygarh,Castor seed,Oil Seeds,8.1,3150,3270,3210,27-Sep-18
Madhya Pradesh,Panna,Ajaygarh,Castor seed,Oil Seeds,7,2470,2515,2500,09-Jun-18
Madhya Pradesh,Panna,Ajaygarh,Castor seed,Oil Seeds,6.3,2450,2600,2510,08-Jun-18
Madhya Pradesh,Panna,Ajaygarh,Castor seed,Oil Seeds,0.8,3200,3200,3200,21-Oct-17
Madhya Pradesh,Panna,Ajaygarh,Castor seed,Oil Seeds,3.5,3010,3025,3015,16-Oct-17
Madhya Pradesh,Panna,Ajaygarh,Castor seed,Oil Seeds,5.9,3000,3025,3010,14-Oct-17
Madhya Pradesh,Panna,Ajaygarh,Castor seed,Oil Seeds,7.4,3000,3025,3025,12-Oct-17
Madhya Pradesh,Badwani,Anjad,Castor seed,Oil Seeds,85,3000,5000,3000,26-Aug-22
Madhya Pradesh,Badwani,Anjad,Castor seed,Oil Seeds,14,4000,4000,4000,17-Sep-19
Madhya Pradesh,Badwani,Anjad,Castor seed,Oil Seeds,220.5,4000,4160,4160,19-Aug-18
Madhya Pradesh,Badwani,Anjad,Castor seed,Oil Seeds,216,4000,4175,4100,11-Aug-18
Madhya Pradesh,Badwani,Anjad,Castor seed,Oil Seeds,102,1950,2050,2000,31-Mar-18
Madhya Pradesh,Badwani,Anjad,Castor seed,Oil Seeds,170,3750,3750,3750,09-Sep-17
Madhya Pradesh,Badwani,Anjad,Castor seed,Oil Seeds,170,3700,3700,3700,05-Sep-17
Madhya Pradesh,Badwani,Badwani,Castor seed,Oil Seeds,10,4000,4000,4000,10-Oct-23
Madhya Pradesh,Badwani,Badwani,Castor seed,Oil Seeds,17,4500,4500,4500,08-Jun-19
Madhya Pradesh,Badwani,Badwani,Castor seed,Oil Seeds,9.2,4500,4500,4500,31-May-19
Madhya Pradesh,Badwani,Badwani,Castor seed,Oil Seeds,15,2500,2500,2500,11-Jul-18
Madhya Pradesh,Badwani,Badwani,Castor seed,Oil Seeds,157,2500,2500,2500,16-Apr-18
Madhya Pradesh,Badwani,Badwani,Castor seed,Oil Seeds,31,4000,4000,4000,22-May-16
Madhya Pradesh,Badwani,Badwani,Castor seed,Oil Seeds,45.5,2800,2800,2800,26-Apr-16
Madhya Pradesh,Khargone,Bhikangaon,Castor seed,Oil Seeds,7.2,4656,4725,4688,13-Feb-19
Madhya Pradesh,Chhindwara,Chhindwara,Caster,Oil Seeds,3.7,4800,4800,4800,01-Aug-19
Madhya Pradesh,Chhindwara,Chhindwara,Caster,Oil Seeds,2.5,4440,4460,4450,15-Jul-19
Madhya Pradesh,Chhindwara,Chhindwara,Caster,Oil Seeds,5.1,4450,4550,4500,09-Jul-19
Madhya Pradesh,Chhindwara,Chhindwara,Caster,Oil Seeds,6.1,4700,4800,4800,21-Jun-19
Madhya Pradesh,Chhindwara,Chhindwara,Caster,Oil Seeds,6.1,4800,4820,4800,07-Jun-19
Madhya Pradesh,Chhindwara,Chhindwara,Caster,Oil Seeds,3.6,4704,4707,4707,10-May-19
Madhya Pradesh,Chhindwara,Chhindwara,Caster,Oil Seeds,39,3476,3479,3479,07-Sep-18
Madhya Pradesh,Chhindwara,Chhindwara,Caster,Oil Seeds,60,3400,3450,3425,29-Jun-18
Madhya Pradesh,Chhindwara,Chhindwara,Caster,Oil Seeds,18,3450,3450,3450,19-Jun-18
Madhya Pradesh,Chhindwara,Chhindwara,Caster,Oil Seeds,79,3200,3340,3280,18-Jun-18
Madhya Pradesh,Dewas,Dewas,Other,Oil Seeds,0.9,2901,2901,2901,21-Jun-23
Madhya Pradesh,Dewas,Dewas,Other,Oil Seeds,0.31,2901,2901,2901,05-Jun-23
Madhya Pradesh,Dewas,Dewas,Other,Oil Seeds,0.83,2951,2951,2951,12-May-23
Madhya Pradesh,Dewas,Dewas,Other,Oil Seeds,0.9,5770,5770,5770,30-Dec-22
Madhya Pradesh,Dewas,Dewas,Other,Oil Seeds,1,3151,3151,3151,25-Oct-18
Madhya Pradesh,Dewas,Dewas,Other,Oil Seeds,1,2200,2200,2200,14-Aug-18
Madhya Pradesh,Dewas,Dewas,Other,Oil Seeds,1,2591,2591,2591,31-Jul-18
Madhya Pradesh,Dewas,Dewas,Other,Oil Seeds,5,2300,3400,3100,14-Jun-18
Madhya Pradesh,Dewas,Dewas,Other,Oil Seeds,5,4091,4141,4100,28-Dec-17
Madhya Pradesh,Dewas,Dewas,Other,Oil Seeds,2,2281,2281,2281,14-Jul-17
Madhya Pradesh,Dewas,Dewas,Other,Oil Seeds,2,2100,2100,2100,11-Jul-17
Madhya Pradesh,Dewas,Dewas,Other,Oil Seeds,5,960,960,960,04-Oct-16
Madhya Pradesh,Dewas,Dewas,Other,Oil Seeds,1,2500,2500,2500,23-Sep-16
Madhya Pradesh,Dewas,Dewas,Other,Oil Seeds,1,2300,2300,2300,30-Aug-16
Madhya Pradesh,Dewas,Dewas,Other,Oil Seeds,1,2601,2601,2601,17-Aug-16
Madhya Pradesh,Dewas,Dewas,Other,Oil Seeds,1,2571,2571,2571,16-Aug-16
Madhya Pradesh,Dewas,Dewas,Other,Oil Seeds,1,2500,2500,2500,01-Aug-16
Madhya Pradesh,Dewas,Dewas,Other,Oil Seeds,1,2480,2480,2480,18-Jul-16
Madhya Pradesh,Dewas,Dewas,Other,Oil Seeds,1,2620,2620,2620,01-Jul-16
Madhya Pradesh,Dewas,Dewas,Other,Oil Seeds,1,2600,2600,2600,29-Jun-16
Madhya Pradesh,Dewas,Dewas,Other,Oil Seeds,4,2299,2600,2400,15-Jun-16
Madhya Pradesh,Dewas,Dewas,Other,Oil Seeds,24,3501,3950,3800,07-Jun-16
Madhya Pradesh,Dewas,Dewas,Other,Oil Seeds,1,2600,2600,2600,06-Jun-16
Madhya Pradesh,Dewas,Dewas,Other,Oil Seeds,1,2550,2550,2550,03-Jun-16
Madhya Pradesh,Dewas,Dewas,Other,Oil Seeds,12,3760,3940,3850,30-May-16
Madhya Pradesh,Dewas,Dewas,Other,Oil Seeds,1,2500,2500,2500,24-May-16
Madhya Pradesh,Dewas,Dewas,Other,Oil Seeds,2,2550,2550,2550,23-May-16
Madhya Pradesh,Dhar,Dhamnod,Other,Oil Seeds,0.7,1000,1200,1000,13-Aug-16
Madhya Pradesh,Dhar,Gandhwani,Other,Oil Seeds,3.3,5775,5800,5785,04-May-22
Madhya Pradesh,Dhar,Gandhwani,Other,Oil Seeds,2,5700,5700,5700,02-May-22
Madhya Pradesh,Dhar,Gandhwani,Other,Oil Seeds,43,5750,5800,5775,30-Apr-22
Madhya Pradesh,Dhar,Gandhwani,Other,Oil Seeds,4.3,4200,4325,4300,30-May-19
Madhya Pradesh,Dhar,Gandhwani,Other,Oil Seeds,1.5,4000,4000,4000,17-May-19
Madhya Pradesh,Dhar,Gandhwani,Other,Oil Seeds,2.2,4100,4125,4100,10-May-19
Madhya Pradesh,Dhar,Gandhwani,Other,Oil Seeds,4.7,4150,4200,4175,08-May-19
Madhya Pradesh,Dhar,Gandhwani,Other,Oil Seeds,3.2,4100,4200,4150,04-May-19
Madhya Pradesh,Dhar,Gandhwani,Other,Oil Seeds,3.2,4111,4200,4150,03-May-19
Madhya Pradesh,Dhar,Gandhwani,Other,Oil Seeds,7.9,4100,4200,4150,02-May-19
Madhya Pradesh,Dhar,Gandhwani,Other,Oil Seeds,1.2,4200,4200,4200,01-May-19
Madhya Pradesh,Dhar,Gandhwani,Other,Oil Seeds,6.6,3800,4175,3950,27-Apr-19
Madhya Pradesh,Dhar,Gandhwani,Other,Oil Seeds,4.3,4150,4200,4175,26-Apr-19
Madhya Pradesh,Dhar,Gandhwani,Other,Oil Seeds,15.5,3800,4200,4100,25-Apr-19
Madhya Pradesh,Dhar,Gandhwani,Other,Oil Seeds,4.7,4150,4250,4200,22-Apr-19
Madhya Pradesh,Dhar,Gandhwani,Other,Oil Seeds,7.5,4000,4000,4000,30-Mar-19
Madhya Pradesh,Guna,Guna,Other,Oil Seeds,54.4,4600,5630,5350,30-Jan-23
Madhya Pradesh,Guna,Guna,Other,Oil Seeds,10,2500,2600,2550,15-Dec-16
Madhya Pradesh,Guna,Guna,Other,Oil Seeds,0.1,2585,2585,2585,17-Aug-16
Madhya Pradesh,Guna,Guna,Other,Oil Seeds,0.6,2190,2460,2190,16-Aug-16
Madhya Pradesh,Guna,Guna,Other,Oil Seeds,0.1,2300,2300,2300,11-Aug-16
Madhya Pradesh,Guna,Guna,Other,Oil Seeds,0.4,2505,2505,2505,10-Aug-16
Madhya Pradesh,Guna,Guna,Other,Oil Seeds,3,2450,2450,2450,06-Aug-16
Madhya Pradesh,Guna,Guna,Other,Oil Seeds,1.2,2315,2315,2315,30-Jul-16
Madhya Pradesh,Guna,Guna,Other,Oil Seeds,0.2,2225,2225,2225,23-Jul-16
Madhya Pradesh,Guna,Guna,Other,Oil Seeds,0.2,2505,2505,2505,15-Jul-16
Madhya Pradesh,Indore,Indore,Castor seed,Oil Seeds,0.1,3175,3175,3175,28-Feb-19
Madhya Pradesh,Indore,Indore,Castor seed,Oil Seeds,0.2,2790,2790,2790,20-Jun-18
Madhya Pradesh,Morena,Kailaras,Castor seed,Oil Seeds,20.1,4872,4912,4890,11-Aug-23
Madhya Pradesh,Morena,Kailaras,Castor seed,Oil Seeds,17.1,4885,4935,4915,09-Aug-23
Madhya Pradesh,Morena,Kailaras,Caster,Oil Seeds,120,3925,3950,3935,27-Jul-19
Madhya Pradesh,Morena,Kailaras,Caster,Oil Seeds,1,5775,5775,5775,15-Jan-19
Madhya Pradesh,Morena,Kailaras,Caster,Oil Seeds,170,3585,3605,3593,30-Aug-18
Madhya Pradesh,Morena,Kailaras,Caster,Oil Seeds,201,2891,2911,2895,11-Jul-18
Madhya Pradesh,Khargone,Kasrawad,Castor seed,Oil Seeds,15.6,4273,4273,4273,21-Jun-19
Madhya Pradesh,Dhar,Manawar,Other,Oil Seeds,2.2,6150,6150,6150,17-Oct-23
Madhya Pradesh,Dhar,Manawar,Other,Oil Seeds,14.1,5300,5400,5400,12-Sep-23
Madhya Pradesh,Dhar,Manawar,Other,Oil Seeds,13.1,5310,5340,5340,30-Aug-23
Madhya Pradesh,Dhar,Manawar,Other,Oil Seeds,3.2,5000,5000,5000,10-Aug-23
Madhya Pradesh,Dhar,Manawar,Other,Oil Seeds,10,5500,5600,5600,09-Aug-23
Madhya Pradesh,Dhar,Manawar,Other,Oil Seeds,0.3,5500,5500,5500,11-Jul-23
Madhya Pradesh,Dhar,Manawar,Other,Oil Seeds,4,5200,5200,5200,10-Jul-23
Madhya Pradesh,Dhar,Manawar,Other,Oil Seeds,11.2,5100,5160,5160,05-May-23
Madhya Pradesh,Dhar,Manawar,Other,Oil Seeds,2.5,5200,5200,5200,13-Apr-23
Madhya Pradesh,Dhar,Manawar,Other,Oil Seeds,7.7,5100,5325,5325,10-Apr-23
Madhya Pradesh,Dhar,Manawar,Other,Oil Seeds,10.3,5300,5400,5400,05-Apr-23
Madhya Pradesh,Dhar,Manawar,Other,Oil Seeds,5.7,5300,5400,5400,28-Mar-23
Madhya Pradesh,Dhar,Manawar,Other,Oil Seeds,3.1,5300,5300,5300,20-Mar-23
Madhya Pradesh,Dhar,Manawar,Other,Oil Seeds,2.5,5400,5400,5400,16-Mar-23
Madhya Pradesh,Dhar,Manawar,Other,Oil Seeds,3.1,5300,5350,5350,14-Mar-23
Madhya Pradesh,Dhar,Manawar,Other,Oil Seeds,2,5400,5400,5400,07-Mar-23
Madhya Pradesh,Dhar,Manawar,Other,Oil Seeds,1.5,5500,5500,5500,01-Mar-23
Madhya Pradesh,Dhar,Manawar,Other,Oil Seeds,3.4,5700,5900,5900,30-Dec-22
Madhya Pradesh,Dhar,Manawar,Other,Oil Seeds,9.8,6185,6225,6225,29-Nov-22
Madhya Pradesh,Dhar,Manawar,Other,Oil Seeds,12.2,6100,6175,6175,15-Oct-22
Madhya Pradesh,Dhar,Manawar,Other,Oil Seeds,10.5,5500,5800,5800,30-Sep-22
Madhya Pradesh,Dhar,Manawar,Other,Oil Seeds,2,6200,6200,6200,01-Jun-22
Madhya Pradesh,Dhar,Manawar,Other,Oil Seeds,2.8,6200,6300,6300,25-May-22
Madhya Pradesh,Dhar,Manawar,Other,Oil Seeds,0.9,6000,6000,6000,23-May-22
Madhya Pradesh,Dhar,Manawar,Other,Oil Seeds,0.7,6000,6000,6000,20-May-22
Madhya Pradesh,Dhar,Manawar,Other,Oil Seeds,8.3,5700,6200,6200,17-May-22
Madhya Pradesh,Dhar,Manawar,Other,Oil Seeds,1,5700,5700,5700,10-May-22
Madhya Pradesh,Dhar,Manawar,Other,Oil Seeds,0.9,5800,5800,5800,09-May-22
Madhya Pradesh,Dhar,Manawar,Other,Oil Seeds,0.5,5800,5800,5800,06-May-22
Madhya Pradesh,Dhar,Manawar,Other,Oil Seeds,0.8,5600,5600,5600,04-May-22
Madhya Pradesh,Dhar,Manawar,Other,Oil Seeds,3.8,5600,5900,5900,02-May-22
Madhya Pradesh,Dhar,Manawar,Other,Oil Seeds,1.8,5600,5800,5800,29-Apr-22
Madhya Pradesh,Dhar,Manawar,Other,Oil Seeds,1.7,5700,5800,5800,25-Apr-22
Madhya Pradesh,Dhar,Manawar,Other,Oil Seeds,3,6000,6000,6000,20-Apr-22
Madhya Pradesh,Dhar,Manawar,Other,Oil Seeds,10.9,5800,6000,5800,18-Apr-22
Madhya Pradesh,Dhar,Manawar,Other,Oil Seeds,0.9,5800,6000,6000,02-Apr-22
Madhya Pradesh,Dhar,Manawar,Other,Oil Seeds,1.9,6000,6000,6000,29-Mar-22
Madhya Pradesh,Dhar,Manawar,Other,Oil Seeds,0.8,6000,6000,6000,28-Mar-22
Madhya Pradesh,Dhar,Manawar,Other,Oil Seeds,0.8,6000,6000,6000,23-Mar-22
Madhya Pradesh,Dhar,Manawar,Other,Oil Seeds,3.5,5000,5100,5100,26-Oct-21
Madhya Pradesh,Dhar,Manawar,Other,Oil Seeds,9.8,4975,5100,5100,08-Oct-21
Madhya Pradesh,Dhar,Manawar,Other,Oil Seeds,4.6,4910,5000,5000,07-Oct-21
Madhya Pradesh,Dhar,Manawar,Other,Oil Seeds,11,4925,5025,5000,06-Oct-21
Madhya Pradesh,Dhar,Manawar,Other,Oil Seeds,7,4550,4700,4600,24-Sep-21
Madhya Pradesh,Dhar,Manawar,Other,Oil Seeds,3,5000,5000,5000,21-Sep-21
Madhya Pradesh,Dhar,Manawar,Other,Oil Seeds,12,4750,4875,4825,09-Sep-21
Madhya Pradesh,Dhar,Manawar,Other,Oil Seeds,9.7,5050,5100,5100,28-Aug-21
Madhya Pradesh,Dhar,Manawar,Other,Oil Seeds,12.9,5000,5100,5050,25-Aug-21
Madhya Pradesh,Dhar,Manawar,Other,Oil Seeds,8.2,4800,4850,4850,24-Aug-21
Madhya Pradesh,Dhar,Manawar,Other,Oil Seeds,13,4500,4850,4800,09-Aug-21
Madhya Pradesh,Dhar,Manawar,Other,Oil Seeds,12.1,4500,4800,4500,06-Aug-21
Madhya Pradesh,Dhar,Manawar,Other,Oil Seeds,10.5,4400,4800,4700,05-Aug-21
Madhya Pradesh,Dhar,Manawar,Other,Oil Seeds,11.5,4300,4400,4300,05-Jun-21
Madhya Pradesh,Dhar,Manawar,Other,Oil Seeds,12.6,4300,4350,4325,04-Jun-21
Madhya Pradesh,Dhar,Manawar,Other,Oil Seeds,4.4,3300,3500,3450,24-Feb-21
Madhya Pradesh,Dhar,Manawar,Other,Oil Seeds,10.3,3700,3725,3721,11-Feb-21
Madhya Pradesh,Dhar,Manawar,Other,Oil Seeds,1,3951,3951,3951,02-Feb-21
Madhya Pradesh,Dhar,Manawar,Other,Oil Seeds,6.9,2550,2880,2575,24-Jun-20
Madhya Pradesh,Dhar,Manawar,Other,Oil Seeds,8.4,2850,2900,2875,13-Jun-20
Madhya Pradesh,Dhar,Manawar,Other,Oil Seeds,6.6,2700,2800,2750,12-Jun-20
Madhya Pradesh,Dhar,Manawar,Other,Oil Seeds,1,2700,2700,2700,10-Jun-20
Madhya Pradesh,Dhar,Manawar,Other,Oil Seeds,0.6,2600,2600,2600,08-Jun-20
Madhya Pradesh,Dhar,Manawar,Other,Oil Seeds,10,2500,2500,2500,05-Jun-20
Madhya Pradesh,Dhar,Manawar,Other,Oil Seeds,8.7,2500,2850,2550,04-Jun-20
Madhya Pradesh,Dhar,Manawar,Other,Oil Seeds,5.1,2600,2700,2650,01-Jun-20
Madhya Pradesh,Dhar,Manawar,Other,Oil Seeds,0.8,2800,2800,2800,29-May-20
Madhya Pradesh,Dhar,Manawar,Other,Oil Seeds,10,2600,2850,2700,28-May-20
Madhya Pradesh,Dhar,Manawar,Other,Oil Seeds,46.3,2600,2750,2650,27-May-20
Madhya Pradesh,Dhar,Manawar,Other,Oil Seeds,22.4,2700,2800,2750,26-May-20
Madhya Pradesh,Dhar,Manawar,Other,Oil Seeds,21.4,2900,2925,2900,13-May-20
Madhya Pradesh,Dhar,Manawar,Other,Oil Seeds,2,3666,3666,3666,11-Oct-19
Madhya Pradesh,Dhar,Manawar,Other,Oil Seeds,1.1,4600,4600,4600,29-Aug-19
Madhya Pradesh,Dhar,Manawar,Other,Oil Seeds,0.53,4500,4500,4500,28-Aug-19
Madhya Pradesh,Dhar,Manawar,Other,Oil Seeds,7.5,4550,4600,4550,21-Aug-19
Madhya Pradesh,Dhar,Manawar,Other,Oil Seeds,3,4700,4700,4700,17-Aug-19
Madhya Pradesh,Dhar,Manawar,Other,Oil Seeds,3,4700,4700,4700,02-Aug-19
Madhya Pradesh,Dhar,Manawar,Other,Oil Seeds,0.7,4625,4625,4625,23-Jul-19
Madhya Pradesh,Dhar,Manawar,Other,Oil Seeds,5.2,4700,4700,4700,17-Jul-19
Madhya Pradesh,Dhar,Manawar,Other,Oil Seeds,2.8,4650,4650,4650,16-Jul-19
Madhya Pradesh,Dhar,Manawar,Other,Oil Seeds,3.93,4700,4700,4700,15-Jul-19
Madhya Pradesh,Dhar,Manawar,Other,Oil Seeds,1.5,4726,4726,4726,13-Jul-19
Madhya Pradesh,Dhar,Manawar,Other,Oil Seeds,0.1,4600,4600,4600,09-Jul-19
Madhya Pradesh,Dhar,Manawar,Other,Oil Seeds,2.5,4500,4500,4500,06-Jul-19
Madhya Pradesh,Dhar,Manawar,Other,Oil Seeds,5.2,4150,4205,4200,02-Jul-19
Madhya Pradesh,Dhar,Manawar,Other,Oil Seeds,8.63,4000,4200,4100,29-Jun-19
Madhya Pradesh,Dhar,Manawar,Other,Oil Seeds,1.9,4100,4175,4125,21-Jun-19
Madhya Pradesh,Dhar,Manawar,Other,Oil Seeds,2.2,4200,4200,4200,20-Jun-19
Madhya Pradesh,Dhar,Manawar,Other,Oil Seeds,8.5,4150,4231,4200,19-Jun-19
Madhya Pradesh,Dhar,Manawar,Other,Oil Seeds,0.2,4200,4200,4200,15-Jun-19
Madhya Pradesh,Dhar,Manawar,Other,Oil Seeds,9.1,4400,4400,4400,13-Jun-19
Madhya Pradesh,Dhar,Manawar,Other,Oil Seeds,0.3,4400,4400,4400,12-Jun-19
Madhya Pradesh,Dhar,Manawar,Other,Oil Seeds,1.94,4400,4400,4400,11-Jun-19
Madhya Pradesh,Dhar,Manawar,Other,Oil Seeds,10.7,4400,4500,4400,10-Jun-19
Madhya Pradesh,Dhar,Manawar,Other,Oil Seeds,1.4,4400,4400,4400,08-Jun-19
Madhya Pradesh,Dhar,Manawar,Other,Oil Seeds,5,4500,4600,4550,07-Jun-19
Madhya Pradesh,Dhar,Manawar,Other,Oil Seeds,6.1,4500,4550,4500,05-Jun-19
Madhya Pradesh,Dhar,Manawar,Other,Oil Seeds,0.3,4600,4600,4600,04-Jun-19
Madhya Pradesh,Dhar,Manawar,Other,Oil Seeds,2.3,4600,4600,4600,03-Jun-19
Madhya Pradesh,Dhar,Manawar,Other,Oil Seeds,2.7,4600,4600,4600,31-May-19
Madhya Pradesh,Dhar,Manawar,Other,Oil Seeds,15.6,4600,4700,4650,29-May-19
Madhya Pradesh,Dhar,Manawar,Other,Oil Seeds,16.1,4600,4700,4675,28-May-19
Madhya Pradesh,Dhar,Manawar,Other,Oil Seeds,10.7,4600,4750,4650,27-May-19
Madhya Pradesh,Dhar,Manawar,Other,Oil Seeds,0.3,4600,4600,4600,25-May-19
Madhya Pradesh,Dhar,Manawar,Other,Oil Seeds,6.4,2130,2170,2150,24-May-19
Madhya Pradesh,Dhar,Manawar,Other,Oil Seeds,12.4,4600,4700,4650,21-May-19
Madhya Pradesh,Dhar,Manawar,Other,Oil Seeds,5.6,4200,4600,4300,16-May-19
Madhya Pradesh,Dhar,Manawar,Other,Oil Seeds,13.3,4250,4700,4650,15-May-19
Madhya Pradesh,Dhar,Manawar,Other,Oil Seeds,6.2,4200,4300,4275,14-May-19
Madhya Pradesh,Dhar,Manawar,Other,Oil Seeds,13.9,4200,4300,4250,13-May-19
Madhya Pradesh,Dhar,Manawar,Other,Oil Seeds,7.8,4400,4450,4420,11-May-19
Madhya Pradesh,Dhar,Manawar,Other,Oil Seeds,5.8,4350,4350,4350,10-May-19
Madhya Pradesh,Dhar,Manawar,Other,Oil Seeds,10.2,3890,4100,4000,09-May-19
Madhya Pradesh,Dhar,Manawar,Other,Oil Seeds,12.4,4200,4500,4300,08-May-19
Madhya Pradesh,Dhar,Manawar,Other,Oil Seeds,1.5,4250,4250,4250,07-May-19
Madhya Pradesh,Dhar,Manawar,Other,Oil Seeds,8,4500,4500,4500,06-May-19
Madhya Pradesh,Dhar,Manawar,Other,Oil Seeds,17.7,4200,4300,4200,04-May-19
Madhya Pradesh,Dhar,Manawar,Other,Oil Seeds,1.6,4200,4200,4200,03-May-19
Madhya Pradesh,Dhar,Manawar,Other,Oil Seeds,2.7,4200,4300,4200,02-May-19
Madhya Pradesh,Dhar,Manawar,Other,Oil Seeds,0.5,4200,4200,4200,01-May-19
Madhya Pradesh,Dhar,Manawar,Other,Oil Seeds,3.5,4200,4400,4300,30-Apr-19
Madhya Pradesh,Dhar,Manawar,Other,Oil Seeds,9.5,4200,4350,4300,29-Apr-19
Madhya Pradesh,Dhar,Manawar,Other,Oil Seeds,10.3,4200,4300,4250,25-Apr-19
Madhya Pradesh,Dhar,Manawar,Other,Oil Seeds,9.3,4230,4280,4260,24-Apr-19
Madhya Pradesh,Dhar,Manawar,Other,Oil Seeds,21.9,4400,4500,4450,22-Apr-19
Madhya Pradesh,Dhar,Manawar,Other,Oil Seeds,10.8,4750,4850,4800,20-Apr-19
Madhya Pradesh,Dhar,Manawar,Other,Oil Seeds,4.5,4500,5000,4900,18-Apr-19
Madhya Pradesh,Dhar,Manawar,Other,Oil Seeds,10.1,4825,4900,4850,12-Apr-19
Madhya Pradesh,Dhar,Manawar,Other,Oil Seeds,5,4700,4850,4750,11-Apr-19
Madhya Pradesh,Dhar,Manawar,Other,Oil Seeds,5,4600,4750,4700,10-Apr-19
Madhya Pradesh,Dhar,Manawar,Other,Oil Seeds,5.6,4175,4600,4185,09-Apr-19
Madhya Pradesh,Dhar,Manawar,Other,Oil Seeds,11.9,4500,4700,4600,07-Apr-19
Madhya Pradesh,Dhar,Manawar,Other,Oil Seeds,15.7,4275,4900,4300,03-Apr-19
Madhya Pradesh,Dhar,Manawar,Other,Oil Seeds,5.9,4000,4225,4010,29-Mar-19
Madhya Pradesh,Dhar,Manawar,Other,Oil Seeds,10,4100,4250,4200,27-Mar-19
Madhya Pradesh,Dhar,Manawar,Other,Oil Seeds,0.2,3800,3800,3800,19-Mar-19
Madhya Pradesh,Dhar,Manawar,Other,Oil Seeds,10.9,4300,4400,4350,18-Mar-19
Madhya Pradesh,Dhar,Manawar,Other,Oil Seeds,5,4250,4300,4300,12-Mar-19
Madhya Pradesh,Dhar,Manawar,Other,Oil Seeds,4,4000,4000,4000,06-Mar-19
Madhya Pradesh,Dhar,Manawar,Other,Oil Seeds,22.4,3550,3600,3575,09-Feb-19
Madhya Pradesh,Dhar,Manawar,Other,Oil Seeds,20.1,4200,4200,4200,30-Jan-19
Madhya Pradesh,Dhar,Manawar,Other,Oil Seeds,2,4000,4000,4000,04-Jan-19
Madhya Pradesh,Dhar,Manawar,Other,Oil Seeds,18.5,3700,3700,3700,12-Sep-18
Madhya Pradesh,Dhar,Manawar,Other,Oil Seeds,14.8,3960,4050,3980,31-Aug-18
Madhya Pradesh,Dhar,Manawar,Other,Oil Seeds,2.6,3550,3600,3550,24-Jul-18
Madhya Pradesh,Dhar,Manawar,Other,Oil Seeds,25.3,3500,3700,3651,19-Jul-18
Madhya Pradesh,Dhar,Manawar,Other,Oil Seeds,0.3,3195,3195,3195,16-Mar-17
Madhya Pradesh,Dhar,Manawar,Other,Oil Seeds,0.4,3195,3195,3195,15-Mar-17
Madhya Pradesh,Dhar,Manawar,Other,Oil Seeds,0.1,3195,3195,3195,14-Mar-17
Madhya Pradesh,Mandla,Mandla,Castor seed,Oil Seeds,4.2,5500,5500,5500,26-Sep-22
Madhya Pradesh,Mandla,Mandla,Other,Oil Seeds,9.88,4500,4510,4505,15-Oct-19
Madhya Pradesh,Mandla,Mandla,Other,Oil Seeds,4,2800,2800,2800,20-Oct-16
Madhya Pradesh,Mandla,Mandla,Other,Oil Seeds,1.6,2600,2600,2600,26-Sep-16
Madhya Pradesh,Mandla,Mandla,Other,Oil Seeds,7.2,2300,2300,2300,16-Aug-16
Madhya Pradesh,Mandla,Mandla,Other,Oil Seeds,18.2,2125,2155,2125,24-Jul-16
Madhya Pradesh,Mandla,Mandla,Other,Oil Seeds,5.2,2100,2100,2100,17-Jul-16
Madhya Pradesh,Mandla,Mandla,Other,Oil Seeds,2.1,2150,2150,2150,07-Jul-16
Madhya Pradesh,Mandla,Mandla,Other,Oil Seeds,13.9,2150,2155,2150,05-Jul-16
Madhya Pradesh,Mandla,Mandla,Other,Oil Seeds,6,2000,2000,2000,04-Jul-16
Madhya Pradesh,Narsinghpur,Narsinghpur,Caster,Oil Seeds,10,2500,2500,2500,26-Sep-18
Madhya Pradesh,Chhindwara,Pandhurna,Castor seed,Oil Seeds,1,4650,4650,4650,27-May-19
Madhya Pradesh,Chhindwara,Pandhurna,Castor seed,Oil Seeds,4.2,4600,4650,4625,20-May-19
Madhya Pradesh,Chhindwara,Pandhurna,Castor seed,Oil Seeds,6.1,4650,4700,4680,17-May-19
Madhya Pradesh,Chhindwara,Pandhurna,Castor seed,Oil Seeds,6,4650,4700,4680,15-May-19
Madhya Pradesh,Chhindwara,Pandhurna,Castor seed,Oil Seeds,6,4650,4680,4660,14-May-19
Madhya Pradesh,Chhindwara,Pandhurna,Castor seed,Oil Seeds,1.9,4550,4600,4600,08-May-19
Madhya Pradesh,Chhindwara,Pandhurna,Castor seed,Oil Seeds,2,4500,4550,4550,07-May-19
Madhya Pradesh,Chhindwara,Pandhurna,Castor seed,Oil Seeds,5,4450,4500,4450,01-May-19
Madhya Pradesh,Chhindwara,Pandhurna,Castor seed,Oil Seeds,6,4400,4500,4450,18-Apr-19
Madhya Pradesh,Chhindwara,Pandhurna,Castor seed,Oil Seeds,5,3950,4010,4000,16-Apr-19
Madhya Pradesh,Chhindwara,Pandhurna,Castor seed,Oil Seeds,2,3550,3625,3600,23-Jul-18
Madhya Pradesh,Chhindwara,Pandhurna,Castor seed,Oil Seeds,7,3100,3170,3155,28-Jun-18
Madhya Pradesh,Chhindwara,Pandhurna,Castor seed,Oil Seeds,5.3,3130,3200,3150,27-Jun-18
Madhya Pradesh,Chhindwara,Pandhurna,Castor seed,Oil Seeds,5.2,3060,3100,3070,20-Jun-18
Madhya Pradesh,Chhindwara,Pandhurna,Castor seed,Oil Seeds,4,3050,3200,3100,18-Jun-18
Madhya Pradesh,Chhindwara,Pandhurna,Castor seed,Oil Seeds,2.4,3300,3350,3325,07-Oct-17
Madhya Pradesh,Chhindwara,Pandhurna,Castor seed,Oil Seeds,8,3490,3510,3500,16-Sep-17
Madhya Pradesh,Chhindwara,Pandhurna,Castor seed,Oil Seeds,8.4,3490,3500,3495,12-Sep-17
Madhya Pradesh,Chhindwara,Pandhurna,Castor seed,Oil Seeds,1.2,3400,3400,3400,01-Aug-17
Madhya Pradesh,Chhindwara,Pandhurna,Castor seed,Oil Seeds,4.8,3400,3500,3450,26-Jul-17
Madhya Pradesh,Chhindwara,Pandhurna,Castor seed,Oil Seeds,4.8,3500,3510,3505,25-Jul-17
Madhya Pradesh,Khargone,Segaon,Other,Oil Seeds,6.7,5281,5402,5310,20-Dec-23
Madhya Pradesh,Khargone,Segaon,Other,Oil Seeds,6.5,5280,5401,5381,19-Dec-23
Madhya Pradesh,Khargone,Segaon,Other,Oil Seeds,44.4,5250,5355,5295,18-Dec-23
Madhya Pradesh,Khargone,Segaon,Other,Oil Seeds,2.1,5300,5300,5300,17-Dec-23
Madhya Pradesh,Khargone,Segaon,Other,Oil Seeds,16.1,5190,5411,5355,16-Dec-23
Madhya Pradesh,Khargone,Segaon,Other,Oil Seeds,34.3,5150,5401,5381,15-Dec-23
Madhya Pradesh,Khargone,Segaon,Other,Oil Seeds,46.9,5125,5421,5360,14-Dec-23
Madhya Pradesh,Khargone,Segaon,Other,Oil Seeds,33.8,5175,5411,5300,13-Dec-23
Madhya Pradesh,Khargone,Segaon,Other,Oil Seeds,23.9,5381,5411,5405,12-Dec-23
Madhya Pradesh,Khargone,Segaon,Other,Oil Seeds,29.7,5381,5420,5411,11-Dec-23
Madhya Pradesh,Khargone,Segaon,Other,Oil Seeds,37.5,5250,5390,5300,09-Dec-23
Madhya Pradesh,Khargone,Segaon,Other,Oil Seeds,12.1,5351,5411,5399,08-Dec-23
Madhya Pradesh,Khargone,Segaon,Other,Oil Seeds,11.6,5281,5411,5399,07-Dec-23
Madhya Pradesh,Khargone,Segaon,Other,Oil Seeds,1.9,5301,5311,5311,30-Nov-23
Madhya Pradesh,Khargone,Segaon,Other,Oil Seeds,5.6,5201,5251,5211,28-Nov-23
Madhya Pradesh,Khargone,Segaon,Other,Oil Seeds,2.6,5100,5100,5100,22-Nov-23
Madhya Pradesh,Khargone,Segaon,Other,Oil Seeds,11.3,5150,5311,5200,18-Nov-23
Madhya Pradesh,Khargone,Segaon,Other,Oil Seeds,6.5,5051,5154,5109,10-Nov-23
Madhya Pradesh,Khargone,Segaon,Other,Oil Seeds,6.6,5090,5140,5119,09-Nov-23
Madhya Pradesh,Khargone,Segaon,Other,Oil Seeds,13.1,5150,5150,5150,08-Nov-23
Madhya Pradesh,Khargone,Segaon,Other,Oil Seeds,4.9,5200,5200,5200,07-Nov-23
Madhya Pradesh,Khargone,Segaon,Other,Oil Seeds,3.7,5271,5351,5300,02-Nov-23
Madhya Pradesh,Khargone,Segaon,Other,Oil Seeds,23.3,5300,5450,5400,01-Nov-23
Madhya Pradesh,Khargone,Segaon,Other,Oil Seeds,4.2,5451,5581,5521,16-Oct-23
Madhya Pradesh,Khargone,Segaon,Other,Oil Seeds,12.4,5421,5521,5491,13-Oct-23
Madhya Pradesh,Khargone,Segaon,Other,Oil Seeds,10.9,5191,5301,5228,12-Oct-23
Madhya Pradesh,Khargone,Segaon,Other,Oil Seeds,11.8,5315,5400,5350,11-Oct-23
Madhya Pradesh,Khargone,Segaon,Other,Oil Seeds,15.6,5150,5530,5480,10-Oct-23
Madhya Pradesh,Khargone,Segaon,Other,Oil Seeds,7.8,5551,5601,5580,09-Oct-23
Madhya Pradesh,Khargone,Segaon,Other,Oil Seeds,1.3,5500,5500,5500,08-Oct-23
Madhya Pradesh,Khargone,Segaon,Other,Oil Seeds,12.1,5410,5500,5480,17-Aug-23
Madhya Pradesh,Khargone,Segaon,Other,Oil Seeds,34.8,4900,4975,4950,08-Jun-23
Madhya Pradesh,Khargone,Segaon,Other,Oil Seeds,12.3,4600,4700,4675,01-Jun-23
Madhya Pradesh,Khargone,Segaon,Other,Oil Seeds,9.1,5200,5260,5225,28-Apr-23
Madhya Pradesh,Khargone,Segaon,Other,Oil Seeds,9.8,5200,5700,5650,26-Apr-23
Madhya Pradesh,Khargone,Segaon,Other,Oil Seeds,13.6,5200,5300,5250,21-Apr-23
Madhya Pradesh,Khargone,Segaon,Other,Oil Seeds,3.1,5710,5710,5710,03-Apr-23
Madhya Pradesh,Khargone,Segaon,Other,Oil Seeds,19,5720,5821,5810,15-Mar-23
Madhya Pradesh,Khargone,Segaon,Other,Oil Seeds,2.5,5600,5630,5630,01-Mar-23
Madhya Pradesh,Khargone,Segaon,Other,Oil Seeds,26.1,5211,5950,5325,22-Feb-23
Madhya Pradesh,Khargone,Segaon,Other,Oil Seeds,19.3,6100,6350,6170,21-Feb-23
Madhya Pradesh,Khargone,Segaon,Other,Oil Seeds,1.9,6050,6050,6050,16-Feb-23
Madhya Pradesh,Khargone,Segaon,Other,Oil Seeds,5.1,6651,6801,6700,14-Feb-23
Madhya Pradesh,Khargone,Segaon,Other,Oil Seeds,11.2,6751,6801,6799,03-Feb-23
Madhya Pradesh,Khargone,Segaon,Other,Oil Seeds,33.7,6200,6890,6851,02-Feb-23
Madhya Pradesh,Khargone,Segaon,Other,Oil Seeds,11.5,6750,6855,6800,01-Feb-23
Madhya Pradesh,Khargone,Segaon,Other,Oil Seeds,11.4,6791,6821,6811,31-Jan-23
Madhya Pradesh,Khargone,Segaon,Other,Oil Seeds,7.5,6240,6305,6300,23-Jan-23
Madhya Pradesh,Khargone,Segaon,Other,Oil Seeds,32,6700,6800,6775,16-Jan-23
Madhya Pradesh,Khargone,Segaon,Other,Oil Seeds,2.5,6775,6775,6775,15-Jan-23
Madhya Pradesh,Khargone,Segaon,Other,Oil Seeds,14.9,6600,6815,6700,13-Jan-23
Madhya Pradesh,Khargone,Segaon,Other,Oil Seeds,16.5,6699,6801,6791,12-Jan-23
Madhya Pradesh,Khargone,Segaon,Other,Oil Seeds,2.5,6700,6711,6711,11-Jan-23
Madhya Pradesh,Khargone,Segaon,Other,Oil Seeds,19.9,6650,6700,6680,10-Jan-23
Madhya Pradesh,Khargone,Segaon,Other,Oil Seeds,30.2,6700,6750,6719,09-Jan-23
Madhya Pradesh,Khargone,Segaon,Other,Oil Seeds,12.5,6679,6800,6691,08-Jan-23
Madhya Pradesh,Khargone,Segaon,Other,Oil Seeds,3,6601,6651,6611,07-Jan-23
Madhya Pradesh,Khargone,Segaon,Other,Oil Seeds,27.8,6591,6645,6601,05-Jan-23
Madhya Pradesh,Khargone,Segaon,Other,Oil Seeds,42.7,6900,7000,6980,04-Jan-23
Madhya Pradesh,Khargone,Segaon,Other,Oil Seeds,11.9,6700,6801,6757,31-Dec-22
Madhya Pradesh,Khargone,Segaon,Other,Oil Seeds,11.3,6355,6431,6401,30-Dec-22
Madhya Pradesh,Khargone,Segaon,Other,Oil Seeds,4.8,6311,6451,6423,29-Dec-22
Madhya Pradesh,Khargone,Segaon,Other,Oil Seeds,10.3,6200,6311,6225,22-Dec-22
Madhya Pradesh,Khargone,Segaon,Other,Oil Seeds,2.3,6601,6781,6781,21-Dec-22
Madhya Pradesh,Khargone,Segaon,Other,Oil Seeds,19,6250,6725,6400,20-Dec-22
Madhya Pradesh,Khargone,Segaon,Other,Oil Seeds,4.1,6400,6900,6891,19-Dec-22
Madhya Pradesh,Khargone,Segaon,Other,Oil Seeds,2.2,6300,6300,6300,16-Dec-22
Madhya Pradesh,Khargone,Segaon,Other,Oil Seeds,6.1,6690,6750,6725,15-Dec-22
Madhya Pradesh,Khargone,Segaon,Other,Oil Seeds,9.2,6611,6713,6693,14-Dec-22
Madhya Pradesh,Khargone,Segaon,Other,Oil Seeds,8.7,6681,6761,6711,13-Dec-22
Madhya Pradesh,Khargone,Segaon,Other,Oil Seeds,5.3,6630,6751,6700,12-Dec-22
Madhya Pradesh,Khargone,Segaon,Other,Oil Seeds,31.5,6500,6742,6580,10-Dec-22
Madhya Pradesh,Khargone,Segaon,Other,Oil Seeds,3.3,6691,6751,6710,09-Dec-22
Madhya Pradesh,Khargone,Segaon,Other,Oil Seeds,6.7,1800,2150,2000,08-Dec-22
Madhya Pradesh,Khargone,Segaon,Other,Oil Seeds,4,6700,6825,6825,07-Dec-22
Madhya Pradesh,Khargone,Segaon,Other,Oil Seeds,4.7,6691,6801,6701,06-Dec-22
Madhya Pradesh,Khargone,Segaon,Other,Oil Seeds,20.7,6230,6801,6701,05-Dec-22
Madhya Pradesh,Khargone,Segaon,Other,Oil Seeds,5.3,6691,6722,6701,03-Dec-22
Madhya Pradesh,Khargone,Segaon,Other,Oil Seeds,1.8,6730,6740,6740,02-Dec-22
Madhya Pradesh,Khargone,Segaon,Other,Oil Seeds,12.1,6200,6709,6300,01-Dec-22
Madhya Pradesh,Khargone,Segaon,Other,Oil Seeds,4.6,6711,6760,6733,30-Nov-22
Madhya Pradesh,Khargone,Segaon,Other,Oil Seeds,8.9,6251,7110,7011,28-Nov-22
Madhya Pradesh,Khargone,Segaon,Other,Oil Seeds,8.7,7030,7050,7050,26-Nov-22
Madhya Pradesh,Khargone,Segaon,Other,Oil Seeds,13.6,6900,7000,7000,25-Nov-22
Madhya Pradesh,Khargone,Segaon,Other,Oil Seeds,7,6200,6225,6211,24-Nov-22
Madhya Pradesh,Khargone,Segaon,Other,Oil Seeds,17.8,6151,6320,6311,23-Nov-22
Madhya Pradesh,Khargone,Segaon,Other,Oil Seeds,21.7,5890,6271,6200,22-Nov-22
Madhya Pradesh,Khargone,Segaon,Other,Oil Seeds,27.6,6001,6311,6301,21-Nov-22
Madhya Pradesh,Khargone,Segaon,Other,Oil Seeds,1.7,6211,6301,6301,18-Nov-22
Madhya Pradesh,Khargone,Segaon,Other,Oil Seeds,10.6,6000,6291,6264,17-Nov-22
Madhya Pradesh,Khargone,Segaon,Other,Oil Seeds,5.8,6111,6551,6321,16-Nov-22
Madhya Pradesh,Khargone,Segaon,Other,Oil Seeds,10.8,5825,6000,5900,14-Nov-22
Madhya Pradesh,Khargone,Segaon,Other,Oil Seeds,8.6,6125,6400,6400,12-Nov-22
Madhya Pradesh,Khargone,Segaon,Other,Oil Seeds,7.7,6711,6711,6711,10-Sep-22
Madhya Pradesh,Khargone,Segaon,Other,Oil Seeds,3,6300,6313,6313,25-Aug-22
Madhya Pradesh,Khargone,Segaon,Other,Oil Seeds,3.9,6900,6900,6900,18-Jun-22
Madhya Pradesh,Khargone,Segaon,Other,Oil Seeds,290,6800,6800,6800,17-Jun-22
Madhya Pradesh,Khargone,Segaon,Other,Oil Seeds,6.3,6625,6625,6625,07-Jun-22
Madhya Pradesh,Khargone,Segaon,Other,Oil Seeds,8.3,6711,6711,6711,03-Jun-22
Madhya Pradesh,Khargone,Segaon,Other,Oil Seeds,11.3,6571,6681,6601,31-May-22
Madhya Pradesh,Khargone,Segaon,Other,Oil Seeds,9.7,6601,6900,6700,30-May-22
Madhya Pradesh,Khargone,Segaon,Other,Oil Seeds,5.2,6607,6721,6700,29-May-22
Madhya Pradesh,Khargone,Segaon,Other,Oil Seeds,5.6,6600,6722,6689,25-May-22
Madhya Pradesh,Khargone,Segaon,Other,Oil Seeds,21.5,6599,6731,6609,24-May-22
Madhya Pradesh,Khargone,Segaon,Other,Oil Seeds,5.5,6609,6718,6680,21-May-22
Madhya Pradesh,Khargone,Segaon,Other,Oil Seeds,27.4,6621,6781,6750,20-May-22
Madhya Pradesh,Khargone,Segaon,Other,Oil Seeds,15.1,6591,6681,6611,18-May-22
Madhya Pradesh,Khargone,Segaon,Other,Oil Seeds,13.2,6531,6625,6609,17-May-22
Madhya Pradesh,Khargone,Segaon,Other,Oil Seeds,15.8,6480,6590,6511,12-May-22
Madhya Pradesh,Khargone,Segaon,Other,Oil Seeds,17.8,4351,6511,6481,01-May-22
Madhya Pradesh,Khargone,Segaon,Other,Oil Seeds,31.1,6200,6300,6250,27-Apr-22
Madhya Pradesh,Khargone,Segaon,Other,Oil Seeds,16.3,6381,6501,6452,23-Apr-22
Madhya Pradesh,Khargone,Segaon,Other,Oil Seeds,32.8,6200,6260,6225,22-Apr-22
Madhya Pradesh,Khargone,Segaon,Other,Oil Seeds,4.7,6411,6511,6501,19-Apr-22
Madhya Pradesh,Khargone,Segaon,Other,Oil Seeds,5.4,6300,6451,6451,17-Apr-22
Madhya Pradesh,Khargone,Segaon,Other,Oil Seeds,8.7,6200,6400,6400,15-Apr-22
Madhya Pradesh,Khargone,Segaon,Other,Oil Seeds,5.2,6200,6400,6350,13-Apr-22
Madhya Pradesh,Khargone,Segaon,Other,Oil Seeds,29.3,6031,6401,6101,11-Apr-22
Madhya Pradesh,Khargone,Segaon,Other,Oil Seeds,5,6551,6620,6611,08-Apr-22
Madhya Pradesh,Khargone,Segaon,Other,Oil Seeds,46.3,6521,6621,6593,03-Apr-22
Madhya Pradesh,Khargone,Segaon,Other,Oil Seeds,10.2,6589,6621,6600,02-Apr-22
Madhya Pradesh,Khargone,Segaon,Other,Oil Seeds,21,6529,6634,6602,31-Mar-22
Madhya Pradesh,Khargone,Segaon,Other,Oil Seeds,5.5,6540,6605,6550,29-Mar-22
Madhya Pradesh,Khargone,Segaon,Other,Oil Seeds,17.4,6352,6655,6592,27-Mar-22
Madhya Pradesh,Khargone,Segaon,Other,Oil Seeds,25.5,6500,6550,6530,26-Mar-22
Madhya Pradesh,Khargone,Segaon,Other,Oil Seeds,4.1,6561,6651,6591,25-Mar-22
Madhya Pradesh,Khargone,Segaon,Other,Oil Seeds,5.3,5300,5500,5400,22-Feb-22
Madhya Pradesh,Khargone,Segaon,Other,Oil Seeds,5.1,5799,5951,5800,09-Feb-22
Madhya Pradesh,Khargone,Segaon,Other,Oil Seeds,3.6,5699,5801,5741,03-Feb-22
Madhya Pradesh,Khargone,Segaon,Other,Oil Seeds,5.8,5766,5812,5791,01-Feb-22
Madhya Pradesh,Khargone,Segaon,Other,Oil Seeds,24.1,5100,5460,5300,30-Oct-21
Madhya Pradesh,Khargone,Segaon,Other,Oil Seeds,10.3,5200,5460,5350,28-Oct-21
Madhya Pradesh,Khargone,Segaon,Other,Oil Seeds,9.5,5050,5225,5125,13-Oct-21
Madhya Pradesh,Khargone,Segaon,Other,Oil Seeds,6.1,4800,5000,4900,15-Feb-21
Madhya Pradesh,Khargone,Segaon,Other,Oil Seeds,19.3,4700,5000,4870,12-Feb-21
Madhya Pradesh,Khargone,Segaon,Other,Oil Seeds,12.3,4700,5000,4900,11-Feb-21
Madhya Pradesh,Khargone,Segaon,Other,Oil Seeds,50.5,3700,5000,3850,10-Feb-21
Madhya Pradesh,Khargone,Segaon,Other,Oil Seeds,23.3,3400,3600,3550,08-Feb-21
Madhya Pradesh,Khargone,Segaon,Other,Oil Seeds,9.8,3400,3570,3500,22-Nov-19
Madhya Pradesh,Khargone,Segaon,Other,Oil Seeds,12.2,3800,3990,3900,21-Nov-19
Madhya Pradesh,Khargone,Segaon,Other,Oil Seeds,4.5,3400,3600,3550,20-Nov-19
Madhya Pradesh,Khargone,Segaon,Other,Oil Seeds,17,3700,4100,3900,29-Aug-19
Madhya Pradesh,Khargone,Segaon,Other,Oil Seeds,32,3800,4100,3900,28-Aug-19
Madhya Pradesh,Khargone,Segaon,Other,Oil Seeds,32,3500,4100,3800,27-Aug-19
Madhya Pradesh,Khargone,Segaon,Other,Oil Seeds,29.7,3100,3360,3250,31-May-19
Madhya Pradesh,Khargone,Segaon,Other,Oil Seeds,52.9,3100,3300,3250,09-May-19
Madhya Pradesh,Khargone,Segaon,Other,Oil Seeds,53.3,3200,3450,3350,08-May-19
Madhya Pradesh,Khargone,Segaon,Other,Oil Seeds,250,4000,4500,4200,06-Jan-19
Madhya Pradesh,Khargone,Segaon,Other,Oil Seeds,250,4000,4300,4100,05-Jan-19
Madhya Pradesh,Khargone,Segaon,Other,Oil Seeds,359,4800,5500,5100,26-Nov-18
Madhya Pradesh,Khargone,Segaon,Other,Oil Seeds,303,4000,5600,4350,24-Nov-18
Madhya Pradesh,Khargone,Segaon,Other,Oil Seeds,46,4000,4800,4500,22-Nov-18
Madhya Pradesh,Khargone,Segaon,Other,Oil Seeds,60.3,4800,5200,5000,20-Nov-18
Madhya Pradesh,Khargone,Segaon,Other,Oil Seeds,24.3,4000,4800,4300,17-Nov-18
Madhya Pradesh,Khargone,Segaon,Other,Oil Seeds,295,4000,4800,4300,15-Nov-18
Madhya Pradesh,Khargone,Segaon,Other,Oil Seeds,57.8,2800,3200,3000,10-Nov-18
Madhya Pradesh,Khargone,Segaon,Other,Oil Seeds,19,2800,3500,3100,25-Oct-18
Madhya Pradesh,Khargone,Segaon,Other,Oil Seeds,400,4000,4400,4200,14-May-18
Madhya Pradesh,Khargone,Segaon,Other,Oil Seeds,774,3000,3300,3200,09-Apr-18
Madhya Pradesh,Khargone,Segaon,Other,Oil Seeds,507,3000,3400,3200,03-Apr-18
Madhya Pradesh,Khargone,Segaon,Other,Oil Seeds,256,3000,3400,3200,02-Apr-18
Madhya Pradesh,Khargone,Segaon,Other,Oil Seeds,210,3000,3500,3200,13-Feb-18
Madhya Pradesh,Khargone,Segaon,Other,Oil Seeds,250,3100,3700,3500,06-Feb-18
Madhya Pradesh,Khargone,Segaon,Other,Oil Seeds,210,2900,3300,3100,29-Jan-18
Madhya Pradesh,Khargone,Segaon,Other,Oil Seeds,23,2600,3200,2900,22-Dec-17
Madhya Pradesh,Khargone,Segaon,Other,Oil Seeds,210,2800,3050,2900,13-Sep-17
Madhya Pradesh,Khargone,Segaon,Other,Oil Seeds,211,2800,3050,2800,11-Sep-17
Madhya Pradesh,Khargone,Segaon,Other,Oil Seeds,20,2800,3200,2850,02-Sep-17
Madhya Pradesh,Khargone,Segaon,Other,Oil Seeds,213,3000,3200,3100,10-Aug-17
Madhya Pradesh,Khargone,Segaon,Other,Oil Seeds,419,3200,3600,3450,05-Aug-17
Madhya Pradesh,Khargone,Segaon,Other,Oil Seeds,212,2550,2950,2800,20-Jul-17
Madhya Pradesh,Khargone,Segaon,Other,Oil Seeds,253,3200,3600,3450,13-Jul-17
Madhya Pradesh,Khargone,Segaon,Other,Oil Seeds,212,2550,2800,2750,06-Jul-17
Madhya Pradesh,Khargone,Segaon,Other,Oil Seeds,212,2800,2800,2800,05-Jul-17
Madhya Pradesh,Khargone,Segaon,Other,Oil Seeds,250,2900,3350,3100,30-Dec-16
Madhya Pradesh,Khargone,Segaon,Other,Oil Seeds,260,3000,3350,3100,29-Dec-16
Madhya Pradesh,Khargone,Segaon,Other,Oil Seeds,256,3000,3350,3100,28-Dec-16
Madhya Pradesh,Khargone,Segaon,Other,Oil Seeds,513,2900,3350,3100,27-Dec-16
Madhya Pradesh,Khargone,Segaon,Other,Oil Seeds,210,3000,3550,3100,25-Dec-16
Madhya Pradesh,Khargone,Segaon,Other,Oil Seeds,257,2800,3350,3100,24-Dec-16
Madhya Pradesh,Khargone,Segaon,Other,Oil Seeds,"1,023.00",3000,3350,3100,23-Dec-16
Madhya Pradesh,Khargone,Segaon,Other,Oil Seeds,210,2900,3350,3100,22-Dec-16
Madhya Pradesh,Khargone,Segaon,Other,Oil Seeds,679,2900,3350,3205,21-Dec-16
Madhya Pradesh,Khargone,Segaon,Other,Oil Seeds,510,2900,3350,3205,20-Dec-16
Madhya Pradesh,Khargone,Segaon,Other,Oil Seeds,200,3000,3350,3205,18-Dec-16
Madhya Pradesh,Khargone,Segaon,Other,Oil Seeds,250,2950,3350,3100,16-Dec-16
Madhya Pradesh,Khargone,Segaon,Other,Oil Seeds,493,3000,3300,3200,15-Dec-16
Madhya Pradesh,Khargone,Segaon,Other,Oil Seeds,173,2900,3375,3200,14-Dec-16
Madhya Pradesh,Khargone,Segaon,Other,Oil Seeds,263,2900,3300,3100,13-Dec-16
Madhya Pradesh,Khargone,Segaon,Other,Oil Seeds,211,3000,3350,3200,11-Dec-16
Madhya Pradesh,Khargone,Segaon,Other,Oil Seeds,502,2900,3300,3100,10-Dec-16
Madhya Pradesh,Khargone,Segaon,Other,Oil Seeds,952,3150,3350,3200,08-Dec-16
Madhya Pradesh,Khargone,Segaon,Other,Oil Seeds,462,2400,3300,3100,07-Dec-16
Madhya Pradesh,Khargone,Segaon,Other,Oil Seeds,50,2800,3100,3000,29-Apr-16
Madhya Pradesh,Khargone,Segaon,Other,Oil Seeds,50,3100,3350,3150,20-Apr-16
Madhya Pradesh,Khargone,Segaon,Other,Oil Seeds,110,3000,3250,3150,16-Jan-16
Madhya Pradesh,Sidhi,Sidhi,Castor seed,Oil Seeds,5,2000,2000,2000,10-Nov-23
Madhya Pradesh,Sidhi,Sidhi,Castor seed,Oil Seeds,5.45,3100,3200,3200,20-Oct-23
Madhya Pradesh,Sidhi,Sidhi,Castor seed,Oil Seeds,3,2100,2100,2100,26-Jun-23
Madhya Pradesh,Sidhi,Sidhi,Castor seed,Oil Seeds,6,2500,2550,2500,10-Jun-23
Madhya Pradesh,Sidhi,Sidhi,Castor seed,Oil Seeds,9,2500,2525,2525,16-May-23
Madhya Pradesh,Sidhi,Sidhi,Castor seed,Oil Seeds,5.92,2000,2000,2000,11-May-23
Madhya Pradesh,Sidhi,Sidhi,Caster,Oil Seeds,4,2500,2500,2500,25-Jul-22
Madhya Pradesh,Sidhi,Sidhi,Caster,Oil Seeds,3,2650,2700,2675,18-May-22
Madhya Pradesh,Sidhi,Sidhi,Caster,Oil Seeds,5,2999,3001,3000,28-Sep-19
Madhya Pradesh,Sidhi,Sidhi,Caster,Oil Seeds,6,2999,3001,3000,27-Sep-19
Madhya Pradesh,Sidhi,Sidhi,Caster,Oil Seeds,12.12,2199,2201,2200,06-Sep-19
Madhya Pradesh,Sidhi,Sidhi,Caster,Oil Seeds,13.51,2299,2301,2300,20-Aug-19
Madhya Pradesh,Sidhi,Sidhi,Caster,Oil Seeds,25,2799,2801,2800,05-Jul-19
Madhya Pradesh,Sidhi,Sidhi,Caster,Oil Seeds,14.02,2800,2900,2850,06-Jun-19
Madhya Pradesh,Sidhi,Sidhi,Caster,Oil Seeds,14,2549,2551,2550,17-May-19
Madhya Pradesh,Sidhi,Sidhi,Caster,Oil Seeds,7,2499,2501,2500,04-May-19
Madhya Pradesh,Sidhi,Sidhi,Caster,Oil Seeds,19.22,2499,2501,2500,13-Apr-19
Madhya Pradesh,Sidhi,Sidhi,Caster,Oil Seeds,33.02,2299,2301,2300,05-Apr-19
Madhya Pradesh,Sidhi,Sidhi,Caster,Oil Seeds,12.91,2299,2301,2300,01-Apr-19
Madhya Pradesh,Sidhi,Sidhi,Caster,Oil Seeds,23.21,2300,2310,2305,13-Mar-19
Madhya Pradesh,Sidhi,Sidhi,Caster,Oil Seeds,1.79,2305,2305,2305,12-Mar-19
Madhya Pradesh,Sidhi,Sidhi,Caster,Oil Seeds,23.89,2299,2301,2300,06-Mar-19
Madhya Pradesh,Sidhi,Sidhi,Caster,Oil Seeds,7.02,2699,2701,2700,05-Mar-19
Madhya Pradesh,Sidhi,Sidhi,Caster,Oil Seeds,12,2599,2601,2600,01-Mar-19
Madhya Pradesh,Sidhi,Sidhi,Caster,Oil Seeds,25,2229,2231,2230,28-Feb-19
Madhya Pradesh,Sidhi,Sidhi,Caster,Oil Seeds,30.21,2228,2230,2229,26-Feb-19
Madhya Pradesh,Sidhi,Sidhi,Caster,Oil Seeds,17,2229,2231,2230,25-Feb-19
Madhya Pradesh,Sidhi,Sidhi,Caster,Oil Seeds,25,2224,2226,2225,20-Feb-19
Madhya Pradesh,Sidhi,Sidhi,Caster,Oil Seeds,9.45,2290,2310,2300,21-Nov-18
Madhya Pradesh,Sidhi,Sidhi,Caster,Oil Seeds,21.01,2000,2002,2001,22-May-18
Madhya Pradesh,Sidhi,Sidhi,Caster,Oil Seeds,16.5,2198,2202,2200,21-Feb-18
Madhya Pradesh,Sidhi,Sidhi,Caster,Oil Seeds,11.5,2000,2000,2000,25-Nov-17
Madhya Pradesh,Sidhi,Sidhi,Caster,Oil Seeds,6,2000,2000,2000,23-Sep-17
Madhya Pradesh,Sidhi,Sidhi,Caster,Oil Seeds,10.5,2430,2502,2440,12-Aug-17
Madhya Pradesh,Sidhi,Sidhi,Caster,Oil Seeds,20,2148,2150,2149,11-May-17
Madhya Pradesh,Sidhi,Sidhi,Caster,Oil Seeds,6,2300,2350,2325,26-Oct-16
Madhya Pradesh,Sidhi,Sidhi,Caster,Oil Seeds,16,2350,2400,2370,21-Oct-16
Madhya Pradesh,Singroli,Singroli,Other,Oil Seeds,1,2500,2500,2500,11-Aug-23
Madhya Pradesh,Singroli,Singroli,Other,Oil Seeds,2,2500,2500,2500,01-Sep-22
Madhya Pradesh,Singroli,Singroli,Other,Oil Seeds,2.5,2500,2500,2500,14-Jun-22
Madhya Pradesh,Singroli,Singroli,Other,Oil Seeds,3,2500,2500,2500,12-Jun-22
Madhya Pradesh,Singroli,Singroli,Other,Oil Seeds,21.1,3700,3700,3700,04-Jul-19
Madhya Pradesh,Singroli,Singroli,Other,Oil Seeds,13.02,3000,3000,3000,28-Jul-18
Madhya Pradesh,Singroli,Singroli,Caster,Oil Seeds,20,2000,2200,2000,06-Feb-17
Madhya Pradesh,Harda,Timarni,Castor seed,Oil Seeds,0.1,2150,2150,2150,31-May-17
Madhya Pradesh,Harda,Timarni,Castor seed,Oil Seeds,0.2,2550,2550,2550,24-May-17
Madhya Pradesh,Harda,Timarni,Castor seed,Oil Seeds,0.1,2200,2200,2200,06-Apr-17
Madhya Pradesh,Harda,Timarni,Castor seed,Oil Seeds,0.2,1101,3711,1101,23-Mar-17
Madhya Pradesh,Harda,Timarni,Other,Oil Seeds,0.1,2500,2500,2500,23-May-16
Madhya Pradesh,Ujjain,Ujjain,Caster,Oil Seeds,1,4400,4400,4400,29-Jul-21
