Both Price And Arrival from 01-Jan-2018 To 09-Apr-2024 Total Arrival- 2685.92,,,,,,,,,
State Name,District Name,Market Name,Variety,Group,Arrivals (Tonnes),Min Price (Rs./Quintal),Max Price (Rs./Quintal),Modal Price (Rs./Quintal),Reported Date
Madhya Pradesh,Betul,Betul,Beetroot,Vegetables,0.1,1000,1200,1100,25-Jan-18
Madhya Pradesh,Bhopal,Bhopal(F&V),Other,Vegetables,6,800,1200,1000,15-Dec-23
Madhya Pradesh,Bhopal,Bhopal(F&V),Other,Vegetables,10,1000,1500,1200,12-Dec-23
Madhya Pradesh,Bhopal,Bhopal(F&V),Other,Vegetables,6.5,800,1500,1000,11-Dec-23
Madhya Pradesh,Bhopal,Bhopal(F&V),Other,Vegetables,1,1000,1500,1200,10-Dec-23
Madhya Pradesh,Bhopal,Bhopal(F&V),Other,Vegetables,2,800,1500,1200,08-Dec-23
Madhya Pradesh,Bhopal,Bhopal(F&V),Other,Vegetables,9.5,800,1500,1200,05-Dec-23
Madhya Pradesh,Bhopal,Bhopal(F&V),Other,Vegetables,5,600,1200,800,02-Dec-23
Madhya Pradesh,Bhopal,Bhopal(F&V),Other,Vegetables,8,1000,1500,1200,30-Nov-23
Madhya Pradesh,Bhopal,Bhopal(F&V),Other,Vegetables,6,1000,1800,1300,28-Nov-23
Madhya Pradesh,Bhopal,Bhopal(F&V),Other,Vegetables,5,1000,2000,1400,27-Nov-23
Madhya Pradesh,Bhopal,Bhopal(F&V),Other,Vegetables,15,700,1200,1000,24-Nov-23
Madhya Pradesh,Bhopal,Bhopal(F&V),Other,Vegetables,1,1000,2000,1500,21-Nov-23
Madhya Pradesh,Bhopal,Bhopal(F&V),Other,Vegetables,39,600,1500,1000,20-Nov-23
Madhya Pradesh,Bhopal,Bhopal(F&V),Other,Vegetables,18,800,1500,1000,19-Nov-23
Madhya Pradesh,Bhopal,Bhopal(F&V),Other,Vegetables,8,1000,1500,1200,17-Nov-23
Madhya Pradesh,Bhopal,Bhopal(F&V),Other,Vegetables,11,1000,2000,1500,15-Nov-23
Madhya Pradesh,Bhopal,Bhopal(F&V),Other,Vegetables,10,1000,2000,1500,06-Nov-23
Madhya Pradesh,Bhopal,Bhopal(F&V),Other,Vegetables,7,1000,1500,1200,05-Nov-23
Madhya Pradesh,Bhopal,Bhopal(F&V),Other,Vegetables,6,1000,2000,1500,04-Nov-23
Madhya Pradesh,Bhopal,Bhopal(F&V),Other,Vegetables,14,1000,1500,1000,02-Nov-23
Madhya Pradesh,Bhopal,Bhopal(F&V),Other,Vegetables,9,1000,2000,1500,01-Nov-23
Madhya Pradesh,Bhopal,Bhopal(F&V),Other,Vegetables,0.8,1000,2000,1500,31-Oct-23
Madhya Pradesh,Bhopal,Bhopal(F&V),Other,Vegetables,18,1000,2000,1500,29-Oct-23
Madhya Pradesh,Bhopal,Bhopal(F&V),Other,Vegetables,9,1000,2000,1500,26-Oct-23
Madhya Pradesh,Bhopal,Bhopal(F&V),Other,Vegetables,12,1000,2000,1700,21-Oct-23
Madhya Pradesh,Bhopal,Bhopal(F&V),Other,Vegetables,15,1000,2000,1500,20-Oct-23
Madhya Pradesh,Bhopal,Bhopal(F&V),Other,Vegetables,12,1000,1800,1500,18-Oct-23
Madhya Pradesh,Bhopal,Bhopal(F&V),Other,Vegetables,17,1000,2000,1500,17-Oct-23
Madhya Pradesh,Bhopal,Bhopal(F&V),Other,Vegetables,10,1000,2000,1500,16-Oct-23
Madhya Pradesh,Bhopal,Bhopal(F&V),Other,Vegetables,2,1000,1500,1200,15-Oct-23
Madhya Pradesh,Bhopal,Bhopal(F&V),Other,Vegetables,6,1000,1500,1200,12-Oct-23
Madhya Pradesh,Bhopal,Bhopal(F&V),Other,Vegetables,10,1000,1500,1200,10-Oct-23
Madhya Pradesh,Bhopal,Bhopal(F&V),Other,Vegetables,6,1000,1800,1400,07-Oct-23
Madhya Pradesh,Bhopal,Bhopal(F&V),Other,Vegetables,17,1000,1500,1200,04-Oct-23
Madhya Pradesh,Bhopal,Bhopal(F&V),Other,Vegetables,7,1000,1500,1200,03-Oct-23
Madhya Pradesh,Bhopal,Bhopal(F&V),Other,Vegetables,6,1000,1500,1200,26-Sep-23
Madhya Pradesh,Bhopal,Bhopal(F&V),Other,Vegetables,20,1000,1500,1200,25-Sep-23
Madhya Pradesh,Bhopal,Bhopal(F&V),Other,Vegetables,5,1200,2500,1800,24-Sep-23
Madhya Pradesh,Bhopal,Bhopal(F&V),Other,Vegetables,5,1000,2000,1500,23-Sep-23
Madhya Pradesh,Bhopal,Bhopal(F&V),Other,Vegetables,8,1000,2500,1800,21-Sep-23
Madhya Pradesh,Bhopal,Bhopal(F&V),Other,Vegetables,8,1000,1800,1400,14-Sep-23
Madhya Pradesh,Bhopal,Bhopal(F&V),Other,Vegetables,5,1000,1500,1200,12-Sep-23
Madhya Pradesh,Bhopal,Bhopal(F&V),Other,Vegetables,6,500,1000,700,08-Sep-23
Madhya Pradesh,Bhopal,Bhopal(F&V),Other,Vegetables,5,600,1200,800,07-Sep-23
Madhya Pradesh,Bhopal,Bhopal(F&V),Other,Vegetables,5,500,1000,800,06-Sep-23
Madhya Pradesh,Bhopal,Bhopal(F&V),Other,Vegetables,3,500,1000,800,04-Sep-23
Madhya Pradesh,Bhopal,Bhopal(F&V),Other,Vegetables,7,700,1200,1000,03-Sep-23
Madhya Pradesh,Bhopal,Bhopal(F&V),Other,Vegetables,4,500,1000,800,31-Aug-23
Madhya Pradesh,Bhopal,Bhopal(F&V),Other,Vegetables,4,500,1000,700,29-Aug-23
Madhya Pradesh,Bhopal,Bhopal(F&V),Other,Vegetables,3,500,1000,700,27-Aug-23
Madhya Pradesh,Bhopal,Bhopal(F&V),Other,Vegetables,6,700,1200,1000,24-Aug-23
Madhya Pradesh,Bhopal,Bhopal(F&V),Other,Vegetables,5,700,1200,1000,20-Aug-23
Madhya Pradesh,Bhopal,Bhopal(F&V),Other,Vegetables,4,800,1500,1000,18-Aug-23
Madhya Pradesh,Bhopal,Bhopal(F&V),Other,Vegetables,5,800,1200,1000,16-Aug-23
Madhya Pradesh,Bhopal,Bhopal(F&V),Other,Vegetables,11,500,1000,800,13-Aug-23
Madhya Pradesh,Bhopal,Bhopal(F&V),Other,Vegetables,6,500,1000,800,12-Aug-23
Madhya Pradesh,Bhopal,Bhopal(F&V),Other,Vegetables,2,800,1200,1000,07-Aug-23
Madhya Pradesh,Bhopal,Bhopal(F&V),Other,Vegetables,3,800,1500,1000,04-Aug-23
Madhya Pradesh,Bhopal,Bhopal(F&V),Other,Vegetables,3,800,1200,1000,01-Aug-23
Madhya Pradesh,Bhopal,Bhopal(F&V),Other,Vegetables,5,1000,1500,1200,23-Jul-23
Madhya Pradesh,Bhopal,Bhopal(F&V),Other,Vegetables,6,800,1500,1000,17-Jul-23
Madhya Pradesh,Bhopal,Bhopal(F&V),Other,Vegetables,5,800,1200,1000,14-Jul-23
Madhya Pradesh,Bhopal,Bhopal(F&V),Other,Vegetables,5,800,1200,1000,07-Jul-23
Madhya Pradesh,Bhopal,Bhopal(F&V),Other,Vegetables,5,800,1200,1000,06-Jul-23
Madhya Pradesh,Bhopal,Bhopal(F&V),Other,Vegetables,4,700,1200,1000,02-Jul-23
Madhya Pradesh,Bhopal,Bhopal(F&V),Other,Vegetables,4,700,1500,1000,29-Jun-23
Madhya Pradesh,Bhopal,Bhopal(F&V),Other,Vegetables,5,800,1200,1000,27-Jun-23
Madhya Pradesh,Bhopal,Bhopal(F&V),Other,Vegetables,3,700,1200,1000,24-Jun-23
Madhya Pradesh,Bhopal,Bhopal(F&V),Other,Vegetables,3,800,1500,1000,21-Jun-23
Madhya Pradesh,Bhopal,Bhopal(F&V),Other,Vegetables,2,800,1200,1000,20-Jun-23
Madhya Pradesh,Bhopal,Bhopal(F&V),Other,Vegetables,5,800,1200,1000,19-Jun-23
Madhya Pradesh,Bhopal,Bhopal(F&V),Other,Vegetables,2,800,1000,900,18-Jun-23
Madhya Pradesh,Bhopal,Bhopal(F&V),Other,Vegetables,8,800,1000,900,16-Jun-23
Madhya Pradesh,Bhopal,Bhopal(F&V),Other,Vegetables,11,700,1200,900,15-Jun-23
Madhya Pradesh,Bhopal,Bhopal(F&V),Other,Vegetables,6,800,1200,1000,14-Jun-23
Madhya Pradesh,Bhopal,Bhopal(F&V),Other,Vegetables,2,800,1200,1000,06-Jun-23
Madhya Pradesh,Bhopal,Bhopal(F&V),Other,Vegetables,3,800,1500,1000,28-May-23
Madhya Pradesh,Bhopal,Bhopal(F&V),Other,Vegetables,11,800,1200,1000,27-May-23
Madhya Pradesh,Bhopal,Bhopal(F&V),Other,Vegetables,9.5,800,1500,1200,26-May-23
Madhya Pradesh,Bhopal,Bhopal(F&V),Other,Vegetables,10,1000,1500,1200,18-May-23
Madhya Pradesh,Bhopal,Bhopal(F&V),Other,Vegetables,2,1000,1500,1200,17-May-23
Madhya Pradesh,Bhopal,Bhopal(F&V),Other,Vegetables,10.5,1000,1500,1200,16-May-23
Madhya Pradesh,Bhopal,Bhopal(F&V),Other,Vegetables,3,1000,1500,1200,12-May-23
Madhya Pradesh,Bhopal,Bhopal(F&V),Other,Vegetables,5,1000,1500,1200,04-May-23
Madhya Pradesh,Bhopal,Bhopal(F&V),Other,Vegetables,4,1000,1500,1200,03-May-23
Madhya Pradesh,Bhopal,Bhopal(F&V),Other,Vegetables,3,1000,1500,1200,30-Apr-23
Madhya Pradesh,Bhopal,Bhopal(F&V),Other,Vegetables,3,1000,1500,1200,27-Apr-23
Madhya Pradesh,Bhopal,Bhopal(F&V),Other,Vegetables,3,1000,1500,1200,25-Apr-23
Madhya Pradesh,Bhopal,Bhopal(F&V),Other,Vegetables,2.5,1000,1500,1200,24-Apr-23
Madhya Pradesh,Bhopal,Bhopal(F&V),Other,Vegetables,10,1000,1500,1200,23-Apr-23
Madhya Pradesh,Bhopal,Bhopal(F&V),Other,Vegetables,3,1000,1500,1200,21-Apr-23
Madhya Pradesh,Bhopal,Bhopal(F&V),Other,Vegetables,6,1000,1500,1200,19-Apr-23
Madhya Pradesh,Bhopal,Bhopal(F&V),Other,Vegetables,2,1000,1500,1200,18-Apr-23
Madhya Pradesh,Bhopal,Bhopal(F&V),Other,Vegetables,2,1000,1500,1200,17-Apr-23
Madhya Pradesh,Bhopal,Bhopal(F&V),Other,Vegetables,10,800,1500,1200,09-Apr-23
Madhya Pradesh,Bhopal,Bhopal(F&V),Other,Vegetables,4,1000,1500,1200,05-Apr-23
Madhya Pradesh,Bhopal,Bhopal(F&V),Other,Vegetables,4,1000,1500,1200,04-Apr-23
Madhya Pradesh,Bhopal,Bhopal(F&V),Other,Vegetables,5,1000,1500,1200,30-Mar-23
Madhya Pradesh,Bhopal,Bhopal(F&V),Other,Vegetables,8.2,1000,1500,1200,27-Mar-23
Madhya Pradesh,Bhopal,Bhopal(F&V),Other,Vegetables,3,1000,1500,1200,23-Mar-23
Madhya Pradesh,Bhopal,Bhopal(F&V),Other,Vegetables,3,1000,1500,1200,19-Mar-23
Madhya Pradesh,Bhopal,Bhopal(F&V),Other,Vegetables,2.5,1000,1500,1200,17-Mar-23
Madhya Pradesh,Bhopal,Bhopal(F&V),Other,Vegetables,5,1000,1600,1200,12-Mar-23
Madhya Pradesh,Bhopal,Bhopal(F&V),Other,Vegetables,3,1000,1800,1400,10-Mar-23
Madhya Pradesh,Bhopal,Bhopal(F&V),Other,Vegetables,4,1000,2000,1500,06-Mar-23
Madhya Pradesh,Bhopal,Bhopal(F&V),Other,Vegetables,1.5,1000,1600,1200,28-Feb-23
Madhya Pradesh,Bhopal,Bhopal(F&V),Other,Vegetables,9,1000,2000,1500,20-Feb-23
Madhya Pradesh,Bhopal,Bhopal(F&V),Other,Vegetables,7,1000,1800,1400,19-Feb-23
Madhya Pradesh,Bhopal,Bhopal(F&V),Other,Vegetables,3,1000,2000,1400,12-Feb-23
Madhya Pradesh,Bhopal,Bhopal(F&V),Other,Vegetables,6,1000,2000,1400,09-Feb-23
Madhya Pradesh,Bhopal,Bhopal(F&V),Other,Vegetables,3,1000,2000,1400,07-Feb-23
Madhya Pradesh,Bhopal,Bhopal(F&V),Other,Vegetables,6,1000,2000,1400,06-Feb-23
Madhya Pradesh,Bhopal,Bhopal(F&V),Other,Vegetables,3,1000,2000,1400,24-Jan-23
Madhya Pradesh,Bhopal,Bhopal(F&V),Other,Vegetables,3.5,1000,2000,1400,23-Jan-23
Madhya Pradesh,Bhopal,Bhopal(F&V),Other,Vegetables,6,800,1200,1000,22-Jan-23
Madhya Pradesh,Bhopal,Bhopal(F&V),Other,Vegetables,4,1200,2000,1500,18-Jan-23
Madhya Pradesh,Bhopal,Bhopal(F&V),Other,Vegetables,2,800,1400,1000,12-Jan-23
Madhya Pradesh,Bhopal,Bhopal(F&V),Other,Vegetables,2,1000,2500,1400,06-Jan-23
Madhya Pradesh,Bhopal,Bhopal(F&V),Other,Vegetables,1,1000,2500,1200,23-Dec-22
Madhya Pradesh,Bhopal,Bhopal(F&V),Other,Vegetables,2,500,1000,700,19-Dec-22
Madhya Pradesh,Bhopal,Bhopal(F&V),Other,Vegetables,2.5,600,1000,800,16-Dec-22
Madhya Pradesh,Bhopal,Bhopal(F&V),Other,Vegetables,1,1000,2000,1500,14-Dec-22
Madhya Pradesh,Bhopal,Bhopal(F&V),Other,Vegetables,4,1000,1500,1200,11-Dec-22
Madhya Pradesh,Bhopal,Bhopal(F&V),Other,Vegetables,3,1000,1800,1500,04-Dec-22
Madhya Pradesh,Bhopal,Bhopal(F&V),Other,Vegetables,1,1800,2500,2000,23-Nov-22
Madhya Pradesh,Bhopal,Bhopal(F&V),Other,Vegetables,3,1800,2500,2000,17-Nov-22
Madhya Pradesh,Bhopal,Bhopal(F&V),Other,Vegetables,2,2000,2500,2200,16-Nov-22
Madhya Pradesh,Bhopal,Bhopal(F&V),Other,Vegetables,5,1000,2000,1500,13-Nov-22
Madhya Pradesh,Bhopal,Bhopal(F&V),Other,Vegetables,2.5,2500,3000,2800,09-Nov-22
Madhya Pradesh,Bhopal,Bhopal(F&V),Other,Vegetables,2,2500,3500,3000,07-Nov-22
Madhya Pradesh,Bhopal,Bhopal(F&V),Other,Vegetables,6,2000,3000,2400,31-Oct-22
Madhya Pradesh,Bhopal,Bhopal(F&V),Other,Vegetables,2,1200,1800,1500,27-Oct-22
Madhya Pradesh,Bhopal,Bhopal(F&V),Other,Vegetables,2,3000,3500,3200,22-Oct-22
Madhya Pradesh,Bhopal,Bhopal(F&V),Other,Vegetables,2,2500,3000,2800,07-Oct-22
Madhya Pradesh,Bhopal,Bhopal(F&V),Other,Vegetables,2.5,2500,3500,3000,06-Oct-22
Madhya Pradesh,Bhopal,Bhopal(F&V),Other,Vegetables,2,2500,4500,3000,29-Sep-22
Madhya Pradesh,Bhopal,Bhopal(F&V),Other,Vegetables,14.6,2000,3000,2400,26-Sep-22
Madhya Pradesh,Bhopal,Bhopal(F&V),Other,Vegetables,2,2000,2500,2200,25-Sep-22
Madhya Pradesh,Bhopal,Bhopal(F&V),Other,Vegetables,2,2000,3000,2500,21-Sep-22
Madhya Pradesh,Bhopal,Bhopal(F&V),Other,Vegetables,2,1500,2500,1800,12-Sep-22
Madhya Pradesh,Bhopal,Bhopal(F&V),Other,Vegetables,6,2000,3500,2500,01-Sep-22
Madhya Pradesh,Bhopal,Bhopal(F&V),Other,Vegetables,2,3000,4000,3500,26-Aug-22
Madhya Pradesh,Bhopal,Bhopal(F&V),Other,Vegetables,5,3000,4000,3500,25-Aug-22
Madhya Pradesh,Bhopal,Bhopal(F&V),Other,Vegetables,6,1000,1500,1200,17-Aug-22
Madhya Pradesh,Bhopal,Bhopal(F&V),Other,Vegetables,3,1500,2000,1800,05-Aug-22
Madhya Pradesh,Bhopal,Bhopal(F&V),Other,Vegetables,5,1500,2000,1800,04-Aug-22
Madhya Pradesh,Bhopal,Bhopal(F&V),Other,Vegetables,2,1000,1500,1200,31-Jul-22
Madhya Pradesh,Bhopal,Bhopal(F&V),Other,Vegetables,2,800,1500,1000,25-Jul-22
Madhya Pradesh,Bhopal,Bhopal(F&V),Other,Vegetables,2.5,800,1200,1000,19-Jul-22
Madhya Pradesh,Bhopal,Bhopal(F&V),Other,Vegetables,2,800,1200,1000,13-Jul-22
Madhya Pradesh,Bhopal,Bhopal(F&V),Other,Vegetables,2,800,1200,1000,12-Jul-22
Madhya Pradesh,Bhopal,Bhopal(F&V),Other,Vegetables,6,800,1200,1000,11-Jul-22
Madhya Pradesh,Bhopal,Bhopal(F&V),Other,Vegetables,0.6,800,1000,900,04-Jul-22
Madhya Pradesh,Bhopal,Bhopal(F&V),Other,Vegetables,2,700,1000,800,03-Jul-22
Madhya Pradesh,Bhopal,Bhopal(F&V),Other,Vegetables,1,500,1000,800,29-Apr-22
Madhya Pradesh,Bhopal,Bhopal(F&V),Other,Vegetables,5,800,1200,1000,28-Apr-22
Madhya Pradesh,Bhopal,Bhopal(F&V),Other,Vegetables,2,1000,1500,1200,26-Apr-22
Madhya Pradesh,Bhopal,Bhopal(F&V),Other,Vegetables,3,600,1000,800,25-Apr-22
Madhya Pradesh,Bhopal,Bhopal(F&V),Other,Vegetables,2.5,600,1000,800,19-Apr-22
Madhya Pradesh,Bhopal,Bhopal(F&V),Other,Vegetables,5.5,600,1000,800,18-Apr-22
Madhya Pradesh,Bhopal,Bhopal(F&V),Other,Vegetables,12.5,400,1000,700,17-Apr-22
Madhya Pradesh,Bhopal,Bhopal(F&V),Other,Vegetables,4.5,600,1000,800,15-Apr-22
Madhya Pradesh,Bhopal,Bhopal(F&V),Other,Vegetables,10,500,1000,700,14-Apr-22
Madhya Pradesh,Bhopal,Bhopal(F&V),Other,Vegetables,9,500,1000,700,11-Apr-22
Madhya Pradesh,Bhopal,Bhopal(F&V),Other,Vegetables,6,500,1000,700,10-Apr-22
Madhya Pradesh,Bhopal,Bhopal(F&V),Other,Vegetables,3.5,500,800,600,07-Apr-22
Madhya Pradesh,Bhopal,Bhopal(F&V),Other,Vegetables,5,500,1000,700,04-Apr-22
Madhya Pradesh,Bhopal,Bhopal(F&V),Other,Vegetables,4.5,500,1000,800,03-Apr-22
Madhya Pradesh,Bhopal,Bhopal(F&V),Other,Vegetables,4,600,1000,800,30-Mar-22
Madhya Pradesh,Bhopal,Bhopal(F&V),Other,Vegetables,9.5,500,1000,700,24-Mar-22
Madhya Pradesh,Bhopal,Bhopal(F&V),Other,Vegetables,1.5,500,1000,700,23-Mar-22
Madhya Pradesh,Bhopal,Bhopal(F&V),Other,Vegetables,10,500,1000,700,14-Mar-22
Madhya Pradesh,Bhopal,Bhopal(F&V),Other,Vegetables,0.5,500,1000,700,13-Mar-22
Madhya Pradesh,Bhopal,Bhopal(F&V),Other,Vegetables,4,500,1000,700,10-Mar-22
Madhya Pradesh,Bhopal,Bhopal(F&V),Other,Vegetables,7.5,500,1000,700,09-Mar-22
Madhya Pradesh,Bhopal,Bhopal(F&V),Other,Vegetables,8,500,900,700,08-Mar-22
Madhya Pradesh,Bhopal,Bhopal(F&V),Other,Vegetables,1,500,800,600,07-Mar-22
Madhya Pradesh,Bhopal,Bhopal(F&V),Other,Vegetables,5,500,800,600,06-Mar-22
Madhya Pradesh,Bhopal,Bhopal(F&V),Other,Vegetables,2.5,400,800,600,04-Mar-22
Madhya Pradesh,Bhopal,Bhopal(F&V),Other,Vegetables,3,500,1000,700,03-Mar-22
Madhya Pradesh,Bhopal,Bhopal(F&V),Other,Vegetables,5,600,1000,800,27-Feb-22
Madhya Pradesh,Bhopal,Bhopal(F&V),Other,Vegetables,5,600,1000,800,25-Feb-22
Madhya Pradesh,Bhopal,Bhopal(F&V),Other,Vegetables,5,600,1000,800,24-Feb-22
Madhya Pradesh,Bhopal,Bhopal(F&V),Other,Vegetables,5,800,1200,1000,17-Feb-22
Madhya Pradesh,Bhopal,Bhopal(F&V),Other,Vegetables,1,700,1000,800,16-Feb-22
Madhya Pradesh,Bhopal,Bhopal(F&V),Other,Vegetables,2,600,1000,800,15-Feb-22
Madhya Pradesh,Bhopal,Bhopal(F&V),Other,Vegetables,4,600,1200,800,10-Feb-22
Madhya Pradesh,Bhopal,Bhopal(F&V),Other,Vegetables,2,600,1000,800,09-Feb-22
Madhya Pradesh,Bhopal,Bhopal(F&V),Other,Vegetables,3,800,1500,1200,07-Feb-22
Madhya Pradesh,Bhopal,Bhopal(F&V),Other,Vegetables,6,1000,1500,1200,04-Feb-22
Madhya Pradesh,Bhopal,Bhopal(F&V),Other,Vegetables,2,600,1000,800,01-Feb-22
Madhya Pradesh,Bhopal,Bhopal(F&V),Other,Vegetables,8,800,1200,1000,31-Jan-22
Madhya Pradesh,Bhopal,Bhopal(F&V),Other,Vegetables,4,600,1000,800,30-Jan-22
Madhya Pradesh,Bhopal,Bhopal(F&V),Other,Vegetables,1,800,1000,900,27-Jan-22
Madhya Pradesh,Bhopal,Bhopal(F&V),Other,Vegetables,3,600,1000,800,20-Jan-22
Madhya Pradesh,Bhopal,Bhopal(F&V),Other,Vegetables,2,700,1000,800,17-Jan-22
Madhya Pradesh,Bhopal,Bhopal(F&V),Other,Vegetables,2,800,1200,1000,16-Jan-22
Madhya Pradesh,Bhopal,Bhopal(F&V),Other,Vegetables,1,800,1500,1000,12-Jan-22
Madhya Pradesh,Bhopal,Bhopal(F&V),Other,Vegetables,2,1000,1500,1200,05-Jan-22
Madhya Pradesh,Bhopal,Bhopal(F&V),Other,Vegetables,1,1000,1200,1100,29-Mar-20
Madhya Pradesh,Bhopal,Bhopal(F&V),Other,Vegetables,2,400,800,600,29-Dec-19
Madhya Pradesh,Bhopal,Bhopal(F&V),Other,Vegetables,2.5,600,1000,800,28-Dec-19
Madhya Pradesh,Bhopal,Bhopal(F&V),Other,Vegetables,1,600,1000,800,22-Dec-19
Madhya Pradesh,Bhopal,Bhopal(F&V),Other,Vegetables,2,600,1000,800,20-Dec-19
Madhya Pradesh,Bhopal,Bhopal(F&V),Other,Vegetables,5,600,1000,800,19-Dec-19
Madhya Pradesh,Bhopal,Bhopal(F&V),Other,Vegetables,4,400,800,600,12-Dec-19
Madhya Pradesh,Bhopal,Bhopal(F&V),Other,Vegetables,2,600,1000,800,10-Dec-19
Madhya Pradesh,Bhopal,Bhopal(F&V),Other,Vegetables,5,400,800,600,09-Dec-19
Madhya Pradesh,Bhopal,Bhopal(F&V),Other,Vegetables,2,400,800,600,07-Dec-19
Madhya Pradesh,Bhopal,Bhopal(F&V),Other,Vegetables,3,600,1000,800,25-Nov-19
Madhya Pradesh,Bhopal,Bhopal(F&V),Other,Vegetables,5,400,800,600,23-Nov-19
Madhya Pradesh,Bhopal,Bhopal(F&V),Other,Vegetables,5,600,1000,800,20-Nov-19
Madhya Pradesh,Bhopal,Bhopal(F&V),Other,Vegetables,0.8,400,800,600,11-Nov-19
Madhya Pradesh,Bhopal,Bhopal(F&V),Other,Vegetables,4,400,800,600,06-Nov-19
Madhya Pradesh,Bhopal,Bhopal(F&V),Other,Vegetables,5,400,800,600,04-Nov-19
Madhya Pradesh,Bhopal,Bhopal(F&V),Other,Vegetables,6,600,1000,800,01-Nov-19
Madhya Pradesh,Bhopal,Bhopal(F&V),Other,Vegetables,2.5,1000,2000,1500,27-Oct-19
Madhya Pradesh,Bhopal,Bhopal(F&V),Other,Vegetables,7,800,1200,1000,24-Oct-19
Madhya Pradesh,Bhopal,Bhopal(F&V),Other,Vegetables,12,600,1000,800,14-Oct-19
Madhya Pradesh,Bhopal,Bhopal(F&V),Other,Vegetables,2,600,1000,800,12-Oct-19
Madhya Pradesh,Bhopal,Bhopal(F&V),Other,Vegetables,5,600,1000,800,04-Oct-19
Madhya Pradesh,Bhopal,Bhopal(F&V),Other,Vegetables,10,400,800,600,25-Sep-19
Madhya Pradesh,Bhopal,Bhopal(F&V),Other,Vegetables,10,400,800,600,16-Sep-19
Madhya Pradesh,Bhopal,Bhopal(F&V),Other,Vegetables,10,400,800,600,05-Sep-19
Madhya Pradesh,Bhopal,Bhopal(F&V),Other,Vegetables,8,400,800,600,29-Aug-19
Madhya Pradesh,Bhopal,Bhopal(F&V),Other,Vegetables,2,400,800,600,27-Aug-19
Madhya Pradesh,Bhopal,Bhopal(F&V),Other,Vegetables,3,600,1000,800,25-Aug-19
Madhya Pradesh,Bhopal,Bhopal(F&V),Other,Vegetables,10,400,800,600,24-Aug-19
Madhya Pradesh,Bhopal,Bhopal(F&V),Other,Vegetables,7.5,600,1000,800,08-Aug-19
Madhya Pradesh,Bhopal,Bhopal(F&V),Other,Vegetables,3.5,600,1000,800,06-Aug-19
Madhya Pradesh,Bhopal,Bhopal(F&V),Other,Vegetables,2,600,1000,800,03-Aug-19
Madhya Pradesh,Bhopal,Bhopal(F&V),Other,Vegetables,2,600,1000,800,01-Aug-19
Madhya Pradesh,Bhopal,Bhopal(F&V),Other,Vegetables,6,600,1000,800,28-Jul-19
Madhya Pradesh,Bhopal,Bhopal(F&V),Other,Vegetables,5.5,600,1000,800,25-Jul-19
Madhya Pradesh,Bhopal,Bhopal(F&V),Other,Vegetables,8,600,1000,800,21-Jul-19
Madhya Pradesh,Bhopal,Bhopal(F&V),Other,Vegetables,10.5,600,1000,800,19-Jul-19
Madhya Pradesh,Bhopal,Bhopal(F&V),Other,Vegetables,3,600,1000,800,12-Jul-19
Madhya Pradesh,Bhopal,Bhopal(F&V),Other,Vegetables,6,600,1000,800,11-Jul-19
Madhya Pradesh,Bhopal,Bhopal(F&V),Other,Vegetables,3,600,1000,800,30-Jun-19
Madhya Pradesh,Bhopal,Bhopal(F&V),Other,Vegetables,4,600,1000,800,24-Jun-19
Madhya Pradesh,Bhopal,Bhopal(F&V),Other,Vegetables,3,400,800,600,19-Jun-19
Madhya Pradesh,Bhopal,Bhopal(F&V),Other,Vegetables,5,400,800,600,18-Jun-19
Madhya Pradesh,Bhopal,Bhopal(F&V),Other,Vegetables,2,600,1000,800,17-Jun-19
Madhya Pradesh,Bhopal,Bhopal(F&V),Other,Vegetables,2.5,400,800,600,15-Jun-19
Madhya Pradesh,Bhopal,Bhopal(F&V),Other,Vegetables,3,600,1000,800,14-Jun-19
Madhya Pradesh,Bhopal,Bhopal(F&V),Other,Vegetables,2,400,800,600,13-Jun-19
Madhya Pradesh,Bhopal,Bhopal(F&V),Other,Vegetables,1.5,400,800,600,12-Jun-19
Madhya Pradesh,Bhopal,Bhopal(F&V),Other,Vegetables,0.6,400,800,600,10-Jun-19
Madhya Pradesh,Bhopal,Bhopal(F&V),Other,Vegetables,3,400,800,600,07-Jun-19
Madhya Pradesh,Bhopal,Bhopal(F&V),Other,Vegetables,2,400,800,600,01-Jun-19
Madhya Pradesh,Bhopal,Bhopal(F&V),Other,Vegetables,5.2,400,800,600,31-May-19
Madhya Pradesh,Bhopal,Bhopal(F&V),Other,Vegetables,3,400,800,600,29-May-19
Madhya Pradesh,Bhopal,Bhopal(F&V),Other,Vegetables,2,400,800,600,27-May-19
Madhya Pradesh,Bhopal,Bhopal(F&V),Other,Vegetables,4.5,400,800,600,25-May-19
Madhya Pradesh,Bhopal,Bhopal(F&V),Other,Vegetables,2.5,400,800,600,23-May-19
Madhya Pradesh,Bhopal,Bhopal(F&V),Other,Vegetables,2,400,800,600,21-May-19
Madhya Pradesh,Bhopal,Bhopal(F&V),Other,Vegetables,2,400,800,600,18-May-19
Madhya Pradesh,Bhopal,Bhopal(F&V),Other,Vegetables,1,400,800,600,17-May-19
Madhya Pradesh,Bhopal,Bhopal(F&V),Other,Vegetables,7,400,800,600,16-May-19
Madhya Pradesh,Bhopal,Bhopal(F&V),Other,Vegetables,4.3,600,800,700,14-May-19
Madhya Pradesh,Bhopal,Bhopal(F&V),Other,Vegetables,2,400,600,500,12-May-19
Madhya Pradesh,Bhopal,Bhopal(F&V),Other,Vegetables,1.5,400,800,600,11-May-19
Madhya Pradesh,Bhopal,Bhopal(F&V),Other,Vegetables,2,400,800,600,10-May-19
Madhya Pradesh,Bhopal,Bhopal(F&V),Other,Vegetables,3.3,600,800,700,07-May-19
Madhya Pradesh,Bhopal,Bhopal(F&V),Other,Vegetables,1,600,1000,800,05-May-19
Madhya Pradesh,Bhopal,Bhopal(F&V),Other,Vegetables,2,600,1000,800,28-Apr-19
Madhya Pradesh,Bhopal,Bhopal(F&V),Other,Vegetables,0.8,600,1000,800,27-Apr-19
Madhya Pradesh,Bhopal,Bhopal(F&V),Other,Vegetables,1.2,400,800,600,25-Apr-19
Madhya Pradesh,Bhopal,Bhopal(F&V),Other,Vegetables,3,600,1000,800,24-Apr-19
Madhya Pradesh,Bhopal,Bhopal(F&V),Other,Vegetables,5,400,800,600,23-Apr-19
Madhya Pradesh,Bhopal,Bhopal(F&V),Other,Vegetables,1,400,800,600,21-Apr-19
Madhya Pradesh,Bhopal,Bhopal(F&V),Other,Vegetables,5,400,800,600,18-Apr-19
Madhya Pradesh,Bhopal,Bhopal(F&V),Other,Vegetables,3.5,400,800,600,09-Apr-19
Madhya Pradesh,Bhopal,Bhopal(F&V),Other,Vegetables,3,400,800,600,08-Apr-19
Madhya Pradesh,Bhopal,Bhopal(F&V),Other,Vegetables,4,400,800,600,07-Apr-19
Madhya Pradesh,Bhopal,Bhopal(F&V),Other,Vegetables,2,400,800,600,04-Apr-19
Madhya Pradesh,Bhopal,Bhopal(F&V),Other,Vegetables,2,400,800,600,03-Apr-19
Madhya Pradesh,Bhopal,Bhopal(F&V),Other,Vegetables,3,400,800,600,30-Mar-19
Madhya Pradesh,Bhopal,Bhopal(F&V),Other,Vegetables,1.1,400,800,600,28-Mar-19
Madhya Pradesh,Bhopal,Bhopal(F&V),Other,Vegetables,6.5,400,800,600,27-Mar-19
Madhya Pradesh,Bhopal,Bhopal(F&V),Other,Vegetables,0.9,400,800,600,24-Mar-19
Madhya Pradesh,Bhopal,Bhopal(F&V),Other,Vegetables,2,400,800,600,20-Mar-19
Madhya Pradesh,Bhopal,Bhopal(F&V),Other,Vegetables,1.5,400,800,600,19-Mar-19
Madhya Pradesh,Bhopal,Bhopal(F&V),Other,Vegetables,2,400,800,600,15-Mar-19
Madhya Pradesh,Bhopal,Bhopal(F&V),Other,Vegetables,1.5,400,800,600,14-Mar-19
Madhya Pradesh,Bhopal,Bhopal(F&V),Other,Vegetables,3,400,800,600,08-Mar-19
Madhya Pradesh,Bhopal,Bhopal(F&V),Other,Vegetables,4,400,800,600,07-Mar-19
Madhya Pradesh,Bhopal,Bhopal(F&V),Other,Vegetables,3.6,600,800,700,27-Feb-19
Madhya Pradesh,Bhopal,Bhopal(F&V),Other,Vegetables,2.5,600,800,700,25-Feb-19
Madhya Pradesh,Bhopal,Bhopal(F&V),Other,Vegetables,4,600,800,700,23-Feb-19
Madhya Pradesh,Bhopal,Bhopal(F&V),Other,Vegetables,5,600,800,700,21-Feb-19
Madhya Pradesh,Bhopal,Bhopal(F&V),Other,Vegetables,3.5,600,800,700,18-Feb-19
Madhya Pradesh,Bhopal,Bhopal(F&V),Other,Vegetables,2,400,800,600,11-Feb-19
Madhya Pradesh,Bhopal,Bhopal(F&V),Other,Vegetables,2.5,400,800,600,04-Feb-19
Madhya Pradesh,Bhopal,Bhopal(F&V),Other,Vegetables,4,600,1000,800,28-Jan-19
Madhya Pradesh,Bhopal,Bhopal(F&V),Other,Vegetables,4.1,400,800,600,24-Jan-19
Madhya Pradesh,Bhopal,Bhopal(F&V),Other,Vegetables,1.5,600,1000,800,20-Jan-19
Madhya Pradesh,Bhopal,Bhopal(F&V),Other,Vegetables,5.2,600,1000,800,17-Jan-19
Madhya Pradesh,Bhopal,Bhopal(F&V),Other,Vegetables,1,400,800,600,08-Jan-19
Madhya Pradesh,Bhopal,Bhopal(F&V),Other,Vegetables,3,600,1000,800,06-Jan-19
Madhya Pradesh,Bhopal,Bhopal(F&V),Other,Vegetables,5,400,800,600,03-Jan-19
Madhya Pradesh,Bhopal,Bhopal(F&V),Other,Vegetables,6,400,800,600,26-Dec-18
Madhya Pradesh,Bhopal,Bhopal(F&V),Other,Vegetables,2,600,800,700,24-Dec-18
Madhya Pradesh,Bhopal,Bhopal(F&V),Other,Vegetables,4,400,800,600,26-Nov-18
Madhya Pradesh,Bhopal,Bhopal(F&V),Other,Vegetables,2,600,800,700,21-Nov-18
Madhya Pradesh,Bhopal,Bhopal(F&V),Other,Vegetables,10,400,800,600,19-Nov-18
Madhya Pradesh,Bhopal,Bhopal(F&V),Other,Vegetables,5,400,800,600,04-Nov-18
Madhya Pradesh,Bhopal,Bhopal(F&V),Other,Vegetables,1,400,800,600,03-Nov-18
Madhya Pradesh,Bhopal,Bhopal(F&V),Other,Vegetables,6,400,800,600,29-Oct-18
Madhya Pradesh,Bhopal,Bhopal(F&V),Other,Vegetables,2.5,400,800,600,27-Oct-18
Madhya Pradesh,Bhopal,Bhopal(F&V),Other,Vegetables,3,600,800,700,19-Oct-18
Madhya Pradesh,Bhopal,Bhopal(F&V),Other,Vegetables,2.5,600,800,700,18-Oct-18
Madhya Pradesh,Bhopal,Bhopal(F&V),Other,Vegetables,2.5,600,1000,800,12-Oct-18
Madhya Pradesh,Bhopal,Bhopal(F&V),Other,Vegetables,1,600,800,700,10-Oct-18
Madhya Pradesh,Bhopal,Bhopal(F&V),Other,Vegetables,2,600,1000,800,09-Oct-18
Madhya Pradesh,Bhopal,Bhopal(F&V),Other,Vegetables,0.5,800,1000,900,08-Oct-18
Madhya Pradesh,Bhopal,Bhopal(F&V),Other,Vegetables,5,400,800,600,24-Sep-18
Madhya Pradesh,Bhopal,Bhopal(F&V),Other,Vegetables,3,400,800,600,21-Sep-18
Madhya Pradesh,Bhopal,Bhopal(F&V),Other,Vegetables,1.5,500,900,700,11-Sep-18
Madhya Pradesh,Bhopal,Bhopal(F&V),Other,Vegetables,6.5,400,800,600,22-Aug-18
Madhya Pradesh,Bhopal,Bhopal(F&V),Other,Vegetables,1,400,800,600,20-Aug-18
Madhya Pradesh,Bhopal,Bhopal(F&V),Other,Vegetables,6,600,1000,800,04-Aug-18
Madhya Pradesh,Bhopal,Bhopal(F&V),Other,Vegetables,1,400,800,600,23-Apr-18
Madhya Pradesh,Chhindwara,Chhindwara(F&V),Beetroot,Vegetables,1.2,500,700,600,17-Dec-23
Madhya Pradesh,Chhindwara,Chhindwara(F&V),Beetroot,Vegetables,1.4,400,600,500,14-Dec-23
Madhya Pradesh,Chhindwara,Chhindwara(F&V),Beetroot,Vegetables,0.8,400,600,500,08-Dec-23
Madhya Pradesh,Chhindwara,Chhindwara(F&V),Beetroot,Vegetables,0.4,400,600,500,07-Dec-23
Madhya Pradesh,Chhindwara,Chhindwara(F&V),Beetroot,Vegetables,4.8,400,600,500,06-Dec-23
Madhya Pradesh,Chhindwara,Chhindwara(F&V),Beetroot,Vegetables,0.3,500,700,600,28-Nov-23
Madhya Pradesh,Chhindwara,Chhindwara(F&V),Beetroot,Vegetables,1.1,600,800,700,25-Nov-23
Madhya Pradesh,Chhindwara,Chhindwara(F&V),Beetroot,Vegetables,1.2,500,700,600,24-Nov-23
Madhya Pradesh,Chhindwara,Chhindwara(F&V),Beetroot,Vegetables,0.8,600,800,700,22-Nov-23
Madhya Pradesh,Chhindwara,Chhindwara(F&V),Beetroot,Vegetables,1.4,600,800,700,21-Nov-23
Madhya Pradesh,Chhindwara,Chhindwara(F&V),Beetroot,Vegetables,0.8,500,700,600,02-Nov-23
Madhya Pradesh,Chhindwara,Chhindwara(F&V),Beetroot,Vegetables,0.2,500,700,600,11-Aug-23
Madhya Pradesh,Chhindwara,Chhindwara(F&V),Beetroot,Vegetables,0.2,400,600,500,10-Aug-23
Madhya Pradesh,Chhindwara,Chhindwara(F&V),Beetroot,Vegetables,0.2,300,500,400,04-Aug-23
Madhya Pradesh,Chhindwara,Chhindwara(F&V),Beetroot,Vegetables,0.4,400,600,500,02-Aug-23
Madhya Pradesh,Chhindwara,Chhindwara(F&V),Beetroot,Vegetables,0.3,400,600,500,16-Jul-23
Madhya Pradesh,Chhindwara,Chhindwara(F&V),Beetroot,Vegetables,0.2,400,600,500,15-Jul-23
Madhya Pradesh,Chhindwara,Chhindwara(F&V),Beetroot,Vegetables,0.1,600,600,600,09-Jul-23
Madhya Pradesh,Chhindwara,Chhindwara(F&V),Beetroot,Vegetables,0.8,600,900,700,06-Jul-23
Madhya Pradesh,Chhindwara,Chhindwara(F&V),Beetroot,Vegetables,0.2,300,500,400,28-May-23
Madhya Pradesh,Chhindwara,Chhindwara(F&V),Beetroot,Vegetables,0.1,500,500,500,20-May-23
Madhya Pradesh,Chhindwara,Chhindwara(F&V),Beetroot,Vegetables,0.8,400,600,500,19-May-23
Madhya Pradesh,Chhindwara,Chhindwara(F&V),Beetroot,Vegetables,0.2,300,500,400,15-Apr-23
Madhya Pradesh,Chhindwara,Chhindwara(F&V),Beetroot,Vegetables,0.2,300,500,400,18-Mar-23
Madhya Pradesh,Chhindwara,Chhindwara(F&V),Beetroot,Vegetables,0.4,300,500,400,17-Mar-23
Madhya Pradesh,Chhindwara,Chhindwara(F&V),Beetroot,Vegetables,0.4,300,500,400,16-Mar-23
Madhya Pradesh,Chhindwara,Chhindwara(F&V),Beetroot,Vegetables,0.2,300,500,400,14-Mar-23
Madhya Pradesh,Chhindwara,Chhindwara(F&V),Beetroot,Vegetables,0.3,400,500,450,12-Mar-23
Madhya Pradesh,Chhindwara,Chhindwara(F&V),Beetroot,Vegetables,0.2,300,500,400,11-Mar-23
Madhya Pradesh,Chhindwara,Chhindwara(F&V),Beetroot,Vegetables,0.8,400,500,450,09-Mar-23
Madhya Pradesh,Chhindwara,Chhindwara(F&V),Beetroot,Vegetables,0.5,400,600,500,04-Mar-23
Madhya Pradesh,Chhindwara,Chhindwara(F&V),Beetroot,Vegetables,0.2,400,600,500,01-Mar-23
Madhya Pradesh,Chhindwara,Chhindwara(F&V),Beetroot,Vegetables,0.3,400,600,500,28-Feb-23
Madhya Pradesh,Chhindwara,Chhindwara(F&V),Beetroot,Vegetables,0.4,400,600,500,26-Feb-23
Madhya Pradesh,Chhindwara,Chhindwara(F&V),Beetroot,Vegetables,0.2,400,600,500,25-Feb-23
Madhya Pradesh,Chhindwara,Chhindwara(F&V),Beetroot,Vegetables,1.3,400,600,500,24-Feb-23
Madhya Pradesh,Chhindwara,Chhindwara(F&V),Beetroot,Vegetables,0.6,400,600,500,23-Feb-23
Madhya Pradesh,Chhindwara,Chhindwara(F&V),Beetroot,Vegetables,0.2,400,600,500,22-Feb-23
Madhya Pradesh,Chhindwara,Chhindwara(F&V),Beetroot,Vegetables,0.4,300,500,400,21-Feb-23
Madhya Pradesh,Chhindwara,Chhindwara(F&V),Beetroot,Vegetables,0.7,400,600,500,19-Feb-23
Madhya Pradesh,Chhindwara,Chhindwara(F&V),Beetroot,Vegetables,0.3,300,500,400,16-Feb-23
Madhya Pradesh,Chhindwara,Chhindwara(F&V),Beetroot,Vegetables,0.3,300,500,400,14-Feb-23
Madhya Pradesh,Chhindwara,Chhindwara(F&V),Beetroot,Vegetables,0.2,300,500,400,11-Feb-23
Madhya Pradesh,Chhindwara,Chhindwara(F&V),Beetroot,Vegetables,0.2,300,500,400,10-Feb-23
Madhya Pradesh,Chhindwara,Chhindwara(F&V),Beetroot,Vegetables,0.7,400,600,500,09-Feb-23
Madhya Pradesh,Chhindwara,Chhindwara(F&V),Beetroot,Vegetables,0.6,300,500,400,08-Feb-23
Madhya Pradesh,Chhindwara,Chhindwara(F&V),Beetroot,Vegetables,1,300,500,400,07-Feb-23
Madhya Pradesh,Chhindwara,Chhindwara(F&V),Beetroot,Vegetables,1,400,500,450,04-Feb-23
Madhya Pradesh,Chhindwara,Chhindwara(F&V),Beetroot,Vegetables,0.2,400,500,450,02-Feb-23
Madhya Pradesh,Chhindwara,Chhindwara(F&V),Beetroot,Vegetables,0.2,300,500,400,01-Feb-23
Madhya Pradesh,Chhindwara,Chhindwara(F&V),Beetroot,Vegetables,1,300,500,400,31-Jan-23
Madhya Pradesh,Chhindwara,Chhindwara(F&V),Beetroot,Vegetables,0.8,400,600,500,29-Jan-23
Madhya Pradesh,Chhindwara,Chhindwara(F&V),Beetroot,Vegetables,0.2,300,500,400,25-Jan-23
Madhya Pradesh,Chhindwara,Chhindwara(F&V),Beetroot,Vegetables,0.1,550,550,550,24-Jan-23
Madhya Pradesh,Chhindwara,Chhindwara(F&V),Beetroot,Vegetables,0.2,300,500,400,20-Jan-23
Madhya Pradesh,Chhindwara,Chhindwara(F&V),Beetroot,Vegetables,0.9,300,500,400,18-Jan-23
Madhya Pradesh,Chhindwara,Chhindwara(F&V),Beetroot,Vegetables,0.4,400,600,500,13-Jan-23
Madhya Pradesh,Chhindwara,Chhindwara(F&V),Beetroot,Vegetables,1.6,400,600,550,11-Jan-23
Madhya Pradesh,Chhindwara,Chhindwara(F&V),Beetroot,Vegetables,1.6,400,600,500,10-Jan-23
Madhya Pradesh,Chhindwara,Chhindwara(F&V),Beetroot,Vegetables,0.2,300,600,400,07-Jan-23
Madhya Pradesh,Chhindwara,Chhindwara(F&V),Beetroot,Vegetables,0.4,600,800,700,06-Jan-23
Madhya Pradesh,Chhindwara,Chhindwara(F&V),Beetroot,Vegetables,0.8,200,400,300,03-Jan-23
Madhya Pradesh,Chhindwara,Chhindwara(F&V),Beetroot,Vegetables,0.8,300,500,400,01-Jan-23
Madhya Pradesh,Chhindwara,Chhindwara(F&V),Beetroot,Vegetables,0.8,400,600,500,27-Dec-22
Madhya Pradesh,Chhindwara,Chhindwara(F&V),Beetroot,Vegetables,0.6,400,600,500,25-Dec-22
Madhya Pradesh,Chhindwara,Chhindwara(F&V),Beetroot,Vegetables,2.6,400,700,500,23-Dec-22
Madhya Pradesh,Chhindwara,Chhindwara(F&V),Beetroot,Vegetables,1.2,400,600,500,21-Dec-22
Madhya Pradesh,Chhindwara,Chhindwara(F&V),Beetroot,Vegetables,0.4,300,500,400,18-Dec-22
Madhya Pradesh,Chhindwara,Chhindwara(F&V),Beetroot,Vegetables,0.1,500,500,500,13-Dec-22
Madhya Pradesh,Chhindwara,Chhindwara(F&V),Beetroot,Vegetables,2.8,400,600,500,11-Dec-22
Madhya Pradesh,Chhindwara,Chhindwara(F&V),Beetroot,Vegetables,0.3,400,600,500,10-Dec-22
Madhya Pradesh,Chhindwara,Chhindwara(F&V),Beetroot,Vegetables,0.8,400,500,450,04-Dec-22
Madhya Pradesh,Chhindwara,Chhindwara(F&V),Beetroot,Vegetables,0.2,400,600,500,01-Dec-22
Madhya Pradesh,Chhindwara,Chhindwara(F&V),Beetroot,Vegetables,1.2,300,500,400,30-Nov-22
Madhya Pradesh,Chhindwara,Chhindwara(F&V),Beetroot,Vegetables,0.3,400,600,500,29-Nov-22
Madhya Pradesh,Chhindwara,Chhindwara(F&V),Beetroot,Vegetables,0.2,300,500,400,27-Aug-22
Madhya Pradesh,Chhindwara,Chhindwara(F&V),Beetroot,Vegetables,0.1,400,400,400,13-Jul-22
Madhya Pradesh,Chhindwara,Chhindwara(F&V),Beetroot,Vegetables,0.1,400,400,400,12-Jul-22
Madhya Pradesh,Chhindwara,Chhindwara(F&V),Beetroot,Vegetables,0.2,300,500,400,10-Jul-22
Madhya Pradesh,Chhindwara,Chhindwara(F&V),Beetroot,Vegetables,0.1,500,500,500,03-Jul-22
Madhya Pradesh,Chhindwara,Chhindwara(F&V),Beetroot,Vegetables,0.2,300,500,400,02-Jul-22
Madhya Pradesh,Chhindwara,Chhindwara(F&V),Beetroot,Vegetables,0.2,300,500,400,01-Jul-22
Madhya Pradesh,Chhindwara,Chhindwara(F&V),Beetroot,Vegetables,0.2,300,500,400,29-Jun-22
Madhya Pradesh,Chhindwara,Chhindwara(F&V),Beetroot,Vegetables,0.2,300,500,400,28-Jun-22
Madhya Pradesh,Chhindwara,Chhindwara(F&V),Beetroot,Vegetables,0.1,400,600,500,25-Jun-22
Madhya Pradesh,Chhindwara,Chhindwara(F&V),Beetroot,Vegetables,0.2,300,500,400,23-Jun-22
Madhya Pradesh,Chhindwara,Chhindwara(F&V),Beetroot,Vegetables,0.2,300,500,400,22-Jun-22
Madhya Pradesh,Chhindwara,Chhindwara(F&V),Beetroot,Vegetables,0.3,300,500,400,21-Jun-22
Madhya Pradesh,Chhindwara,Chhindwara(F&V),Beetroot,Vegetables,0.2,300,500,400,19-Jun-22
Madhya Pradesh,Chhindwara,Chhindwara(F&V),Beetroot,Vegetables,0.2,300,500,400,18-Jun-22
Madhya Pradesh,Chhindwara,Chhindwara(F&V),Beetroot,Vegetables,0.2,300,600,400,17-Jun-22
Madhya Pradesh,Chhindwara,Chhindwara(F&V),Beetroot,Vegetables,0.2,400,600,500,16-Jun-22
Madhya Pradesh,Chhindwara,Chhindwara(F&V),Beetroot,Vegetables,0.2,300,500,400,15-Jun-22
Madhya Pradesh,Chhindwara,Chhindwara(F&V),Beetroot,Vegetables,0.2,300,500,400,14-Jun-22
Madhya Pradesh,Chhindwara,Chhindwara(F&V),Beetroot,Vegetables,0.2,300,500,400,12-Jun-22
Madhya Pradesh,Chhindwara,Chhindwara(F&V),Beetroot,Vegetables,0.2,300,500,400,11-Jun-22
Madhya Pradesh,Chhindwara,Chhindwara(F&V),Beetroot,Vegetables,0.3,300,500,400,10-Jun-22
Madhya Pradesh,Chhindwara,Chhindwara(F&V),Beetroot,Vegetables,0.2,300,500,400,09-Jun-22
Madhya Pradesh,Chhindwara,Chhindwara(F&V),Beetroot,Vegetables,0.2,300,500,400,08-Jun-22
Madhya Pradesh,Chhindwara,Chhindwara(F&V),Beetroot,Vegetables,0.3,300,500,400,05-Jun-22
Madhya Pradesh,Chhindwara,Chhindwara(F&V),Beetroot,Vegetables,0.3,300,500,400,04-Jun-22
Madhya Pradesh,Chhindwara,Chhindwara(F&V),Beetroot,Vegetables,0.1,400,400,400,03-Jun-22
Madhya Pradesh,Chhindwara,Chhindwara(F&V),Beetroot,Vegetables,0.3,300,500,400,02-Jun-22
Madhya Pradesh,Chhindwara,Chhindwara(F&V),Beetroot,Vegetables,0.2,300,500,400,01-Jun-22
Madhya Pradesh,Chhindwara,Chhindwara(F&V),Beetroot,Vegetables,0.3,300,500,400,31-May-22
Madhya Pradesh,Chhindwara,Chhindwara(F&V),Beetroot,Vegetables,0.2,300,500,400,29-May-22
Madhya Pradesh,Chhindwara,Chhindwara(F&V),Beetroot,Vegetables,0.2,300,500,400,28-May-22
Madhya Pradesh,Chhindwara,Chhindwara(F&V),Beetroot,Vegetables,0.2,300,500,400,27-May-22
Madhya Pradesh,Chhindwara,Chhindwara(F&V),Beetroot,Vegetables,0.4,300,500,400,25-May-22
Madhya Pradesh,Chhindwara,Chhindwara(F&V),Beetroot,Vegetables,0.1,400,400,400,24-May-22
Madhya Pradesh,Chhindwara,Chhindwara(F&V),Beetroot,Vegetables,0.01,300,500,400,23-May-22
Madhya Pradesh,Chhindwara,Chhindwara(F&V),Beetroot,Vegetables,0.2,300,500,400,22-May-22
Madhya Pradesh,Chhindwara,Chhindwara(F&V),Beetroot,Vegetables,0.1,400,400,400,20-May-22
Madhya Pradesh,Chhindwara,Chhindwara(F&V),Beetroot,Vegetables,0.6,300,500,400,19-May-22
Madhya Pradesh,Chhindwara,Chhindwara(F&V),Beetroot,Vegetables,0.2,200,400,300,18-May-22
Madhya Pradesh,Chhindwara,Chhindwara(F&V),Beetroot,Vegetables,0.6,300,500,400,17-May-22
Madhya Pradesh,Chhindwara,Chhindwara(F&V),Beetroot,Vegetables,0.2,300,500,400,15-May-22
Madhya Pradesh,Chhindwara,Chhindwara(F&V),Beetroot,Vegetables,0.2,400,600,500,14-May-22
Madhya Pradesh,Chhindwara,Chhindwara(F&V),Beetroot,Vegetables,0.6,300,500,400,12-May-22
Madhya Pradesh,Chhindwara,Chhindwara(F&V),Beetroot,Vegetables,0.1,400,400,400,11-May-22
Madhya Pradesh,Chhindwara,Chhindwara(F&V),Beetroot,Vegetables,0.4,300,500,400,10-May-22
Madhya Pradesh,Chhindwara,Chhindwara(F&V),Beetroot,Vegetables,0.2,300,500,400,08-May-22
Madhya Pradesh,Chhindwara,Chhindwara(F&V),Beetroot,Vegetables,0.4,300,500,400,07-May-22
Madhya Pradesh,Chhindwara,Chhindwara(F&V),Beetroot,Vegetables,0.1,400,400,400,06-May-22
Madhya Pradesh,Chhindwara,Chhindwara(F&V),Beetroot,Vegetables,0.8,300,500,400,05-May-22
Madhya Pradesh,Chhindwara,Chhindwara(F&V),Beetroot,Vegetables,0.8,300,500,400,04-May-22
Madhya Pradesh,Chhindwara,Chhindwara(F&V),Beetroot,Vegetables,0.2,300,500,400,28-Apr-22
Madhya Pradesh,Chhindwara,Chhindwara(F&V),Beetroot,Vegetables,0.9,300,500,400,27-Apr-22
Madhya Pradesh,Chhindwara,Chhindwara(F&V),Beetroot,Vegetables,0.4,300,500,400,19-Apr-22
Madhya Pradesh,Chhindwara,Chhindwara(F&V),Beetroot,Vegetables,0.5,300,500,400,17-Apr-22
Madhya Pradesh,Chhindwara,Chhindwara(F&V),Beetroot,Vegetables,0.1,400,400,400,16-Apr-22
Madhya Pradesh,Chhindwara,Chhindwara(F&V),Beetroot,Vegetables,1,300,500,400,15-Apr-22
Madhya Pradesh,Chhindwara,Chhindwara(F&V),Beetroot,Vegetables,0.2,300,500,400,10-Apr-22
Madhya Pradesh,Chhindwara,Chhindwara(F&V),Beetroot,Vegetables,0.5,300,500,400,09-Apr-22
Madhya Pradesh,Chhindwara,Chhindwara(F&V),Beetroot,Vegetables,0.8,400,600,500,08-Apr-22
Madhya Pradesh,Chhindwara,Chhindwara(F&V),Beetroot,Vegetables,0.1,300,500,400,07-Apr-22
Madhya Pradesh,Chhindwara,Chhindwara(F&V),Beetroot,Vegetables,2,300,500,400,06-Apr-22
Madhya Pradesh,Chhindwara,Chhindwara(F&V),Beetroot,Vegetables,1,400,500,450,05-Apr-22
Madhya Pradesh,Chhindwara,Chhindwara(F&V),Beetroot,Vegetables,0.8,300,500,400,03-Apr-22
Madhya Pradesh,Chhindwara,Chhindwara(F&V),Beetroot,Vegetables,0.8,400,600,500,02-Apr-22
Madhya Pradesh,Chhindwara,Chhindwara(F&V),Beetroot,Vegetables,3.4,300,500,400,01-Apr-22
Madhya Pradesh,Chhindwara,Chhindwara(F&V),Beetroot,Vegetables,0.8,300,500,400,31-Mar-22
Madhya Pradesh,Chhindwara,Chhindwara(F&V),Beetroot,Vegetables,0.1,300,500,400,30-Mar-22
Madhya Pradesh,Chhindwara,Chhindwara(F&V),Beetroot,Vegetables,1.1,300,450,410,29-Mar-22
Madhya Pradesh,Chhindwara,Chhindwara(F&V),Beetroot,Vegetables,1.2,200,400,300,27-Mar-22
Madhya Pradesh,Chhindwara,Chhindwara(F&V),Beetroot,Vegetables,0.9,300,500,400,26-Mar-22
Madhya Pradesh,Chhindwara,Chhindwara(F&V),Beetroot,Vegetables,0.1,300,500,400,25-Mar-22
Madhya Pradesh,Chhindwara,Chhindwara(F&V),Beetroot,Vegetables,0.6,300,500,400,23-Mar-22
Madhya Pradesh,Chhindwara,Chhindwara(F&V),Beetroot,Vegetables,2,200,400,300,22-Mar-22
Madhya Pradesh,Chhindwara,Chhindwara(F&V),Beetroot,Vegetables,0.4,200,400,300,20-Mar-22
Madhya Pradesh,Chhindwara,Chhindwara(F&V),Beetroot,Vegetables,0.3,300,500,400,16-Mar-22
Madhya Pradesh,Chhindwara,Chhindwara(F&V),Beetroot,Vegetables,1.1,300,500,400,15-Mar-22
Madhya Pradesh,Chhindwara,Chhindwara(F&V),Beetroot,Vegetables,2.8,300,500,400,12-Mar-22
Madhya Pradesh,Chhindwara,Chhindwara(F&V),Beetroot,Vegetables,0.4,200,400,300,11-Mar-22
Madhya Pradesh,Chhindwara,Chhindwara(F&V),Beetroot,Vegetables,1.2,200,400,300,10-Mar-22
Madhya Pradesh,Chhindwara,Chhindwara(F&V),Beetroot,Vegetables,2,300,500,400,09-Mar-22
Madhya Pradesh,Chhindwara,Chhindwara(F&V),Beetroot,Vegetables,1,300,500,400,08-Mar-22
Madhya Pradesh,Chhindwara,Chhindwara(F&V),Beetroot,Vegetables,0.4,200,400,300,06-Mar-22
Madhya Pradesh,Chhindwara,Chhindwara(F&V),Beetroot,Vegetables,0.6,300,500,400,05-Mar-22
Madhya Pradesh,Chhindwara,Chhindwara(F&V),Beetroot,Vegetables,0.8,400,500,450,02-Mar-22
Madhya Pradesh,Chhindwara,Chhindwara(F&V),Beetroot,Vegetables,0.1,600,800,700,23-Feb-22
Madhya Pradesh,Chhindwara,Chhindwara(F&V),Beetroot,Vegetables,0.4,600,800,700,22-Feb-22
Madhya Pradesh,Chhindwara,Chhindwara(F&V),Beetroot,Vegetables,1,600,800,700,18-Feb-22
Madhya Pradesh,Chhindwara,Chhindwara(F&V),Beetroot,Vegetables,0.3,700,900,800,10-Feb-22
Madhya Pradesh,Chhindwara,Chhindwara(F&V),Beetroot,Vegetables,2,300,500,400,30-Jan-22
Madhya Pradesh,Chhindwara,Chhindwara(F&V),Beetroot,Vegetables,0.4,600,800,700,28-Jan-22
Madhya Pradesh,Chhindwara,Chhindwara(F&V),Beetroot,Vegetables,2,400,600,500,26-Jan-22
Madhya Pradesh,Chhindwara,Chhindwara(F&V),Beetroot,Vegetables,0.8,400,600,500,26-Mar-21
Madhya Pradesh,Chhindwara,Chhindwara(F&V),Beetroot,Vegetables,0.6,500,700,600,25-Mar-21
Madhya Pradesh,Chhindwara,Chhindwara(F&V),Beetroot,Vegetables,0.2,500,700,600,24-Mar-21
Madhya Pradesh,Chhindwara,Chhindwara(F&V),Beetroot,Vegetables,0.4,400,600,550,20-Mar-21
Madhya Pradesh,Chhindwara,Chhindwara(F&V),Beetroot,Vegetables,0.4,500,700,600,29-Nov-20
Madhya Pradesh,Chhindwara,Chhindwara(F&V),Beetroot,Vegetables,0.2,600,900,700,28-Nov-20
Madhya Pradesh,Chhindwara,Chhindwara(F&V),Beetroot,Vegetables,0.4,600,800,700,26-Nov-20
Madhya Pradesh,Chhindwara,Chhindwara(F&V),Beetroot,Vegetables,0.4,700,900,800,24-Nov-20
Madhya Pradesh,Chhindwara,Chhindwara(F&V),Beetroot,Vegetables,0.2,800,1000,900,23-Nov-20
Madhya Pradesh,Chhindwara,Chhindwara(F&V),Beetroot,Vegetables,0.2,700,900,800,21-Nov-20
Madhya Pradesh,Chhindwara,Chhindwara(F&V),Beetroot,Vegetables,0.4,500,800,658,20-Nov-20
Madhya Pradesh,Chhindwara,Chhindwara(F&V),Beetroot,Vegetables,0.4,500,700,600,19-Nov-20
Madhya Pradesh,Chhindwara,Chhindwara(F&V),Beetroot,Vegetables,0.2,600,800,700,26-Aug-20
Madhya Pradesh,Chhindwara,Chhindwara(F&V),Beetroot,Vegetables,1.4,500,700,600,28-Jun-20
Madhya Pradesh,Chhindwara,Chhindwara(F&V),Beetroot,Vegetables,1.4,500,700,600,27-Jun-20
Madhya Pradesh,Chhindwara,Chhindwara(F&V),Beetroot,Vegetables,0.6,500,700,600,24-Jun-20
Madhya Pradesh,Chhindwara,Chhindwara(F&V),Beetroot,Vegetables,1.2,500,700,600,23-Jun-20
Madhya Pradesh,Chhindwara,Chhindwara(F&V),Beetroot,Vegetables,0.8,400,600,500,21-Jun-20
Madhya Pradesh,Chhindwara,Chhindwara(F&V),Beetroot,Vegetables,0.5,300,500,400,19-Jun-20
Madhya Pradesh,Chhindwara,Chhindwara(F&V),Beetroot,Vegetables,2,300,500,400,18-Jun-20
Madhya Pradesh,Chhindwara,Chhindwara(F&V),Beetroot,Vegetables,0.6,500,700,600,17-Jun-20
Madhya Pradesh,Chhindwara,Chhindwara(F&V),Beetroot,Vegetables,0.6,400,600,500,16-Jun-20
Madhya Pradesh,Chhindwara,Chhindwara(F&V),Beetroot,Vegetables,0.4,400,500,450,14-Jun-20
Madhya Pradesh,Chhindwara,Chhindwara(F&V),Beetroot,Vegetables,1.2,500,700,600,13-Jun-20
Madhya Pradesh,Chhindwara,Chhindwara(F&V),Beetroot,Vegetables,0.7,500,700,600,11-Jun-20
Madhya Pradesh,Chhindwara,Chhindwara(F&V),Beetroot,Vegetables,0.8,500,700,600,10-Jun-20
Madhya Pradesh,Chhindwara,Chhindwara(F&V),Beetroot,Vegetables,0.8,500,700,600,07-Jun-20
Madhya Pradesh,Chhindwara,Chhindwara(F&V),Beetroot,Vegetables,3,400,600,500,06-Jun-20
Madhya Pradesh,Chhindwara,Chhindwara(F&V),Beetroot,Vegetables,1,300,500,400,05-Jun-20
Madhya Pradesh,Chhindwara,Chhindwara(F&V),Beetroot,Vegetables,0.2,500,700,600,04-Jun-20
Madhya Pradesh,Chhindwara,Chhindwara(F&V),Beetroot,Vegetables,0.9,500,700,600,30-May-20
Madhya Pradesh,Chhindwara,Chhindwara(F&V),Beetroot,Vegetables,1,500,700,600,29-May-20
Madhya Pradesh,Chhindwara,Chhindwara(F&V),Beetroot,Vegetables,1.6,400,600,500,27-May-20
Madhya Pradesh,Chhindwara,Chhindwara(F&V),Beetroot,Vegetables,1.6,600,1000,800,26-May-20
Madhya Pradesh,Chhindwara,Chhindwara(F&V),Beetroot,Vegetables,0.2,500,700,600,31-Mar-20
Madhya Pradesh,Chhindwara,Chhindwara(F&V),Beetroot,Vegetables,0.4,500,700,600,29-Mar-20
Madhya Pradesh,Chhindwara,Chhindwara(F&V),Beetroot,Vegetables,0.4,400,600,500,27-Mar-20
Madhya Pradesh,Chhindwara,Chhindwara(F&V),Beetroot,Vegetables,2.6,400,600,500,21-Mar-20
Madhya Pradesh,Chhindwara,Chhindwara(F&V),Beetroot,Vegetables,0.8,500,700,600,20-Mar-20
Madhya Pradesh,Chhindwara,Chhindwara(F&V),Beetroot,Vegetables,0.3,500,700,600,19-Mar-20
Madhya Pradesh,Chhindwara,Chhindwara(F&V),Beetroot,Vegetables,0.2,500,700,600,18-Mar-20
Madhya Pradesh,Chhindwara,Chhindwara(F&V),Beetroot,Vegetables,0.5,500,700,600,14-Mar-20
Madhya Pradesh,Chhindwara,Chhindwara(F&V),Beetroot,Vegetables,0.1,800,900,850,13-Mar-20
Madhya Pradesh,Chhindwara,Chhindwara(F&V),Beetroot,Vegetables,2.7,100,300,200,29-Feb-20
Madhya Pradesh,Chhindwara,Chhindwara(F&V),Beetroot,Vegetables,0.8,500,700,600,28-Feb-20
Madhya Pradesh,Chhindwara,Chhindwara(F&V),Beetroot,Vegetables,2.7,400,600,500,27-Feb-20
Madhya Pradesh,Chhindwara,Chhindwara(F&V),Beetroot,Vegetables,1.2,300,500,400,26-Feb-20
Madhya Pradesh,Chhindwara,Chhindwara(F&V),Beetroot,Vegetables,3.6,400,600,500,24-Feb-20
Madhya Pradesh,Chhindwara,Chhindwara(F&V),Beetroot,Vegetables,1.6,300,500,400,23-Feb-20
Madhya Pradesh,Chhindwara,Chhindwara(F&V),Beetroot,Vegetables,1.6,500,700,600,22-Feb-20
Madhya Pradesh,Chhindwara,Chhindwara(F&V),Beetroot,Vegetables,0.4,500,700,600,21-Feb-20
Madhya Pradesh,Chhindwara,Chhindwara(F&V),Beetroot,Vegetables,2.8,300,500,400,19-Feb-20
Madhya Pradesh,Chhindwara,Chhindwara(F&V),Beetroot,Vegetables,4.5,400,600,500,17-Feb-20
Madhya Pradesh,Chhindwara,Chhindwara(F&V),Beetroot,Vegetables,2.3,800,1000,900,16-Feb-20
Madhya Pradesh,Chhindwara,Chhindwara(F&V),Beetroot,Vegetables,5.9,500,700,600,15-Feb-20
Madhya Pradesh,Chhindwara,Chhindwara(F&V),Beetroot,Vegetables,0.8,600,800,700,14-Feb-20
Madhya Pradesh,Chhindwara,Chhindwara(F&V),Beetroot,Vegetables,5.7,500,700,600,13-Feb-20
Madhya Pradesh,Chhindwara,Chhindwara(F&V),Beetroot,Vegetables,4.6,400,600,500,12-Feb-20
Madhya Pradesh,Chhindwara,Chhindwara(F&V),Beetroot,Vegetables,1.2,500,700,600,11-Feb-20
Madhya Pradesh,Chhindwara,Chhindwara(F&V),Beetroot,Vegetables,1.4,700,900,800,10-Feb-20
Madhya Pradesh,Chhindwara,Chhindwara(F&V),Beetroot,Vegetables,2.2,700,900,800,09-Feb-20
Madhya Pradesh,Chhindwara,Chhindwara(F&V),Beetroot,Vegetables,0.4,500,700,600,08-Feb-20
Madhya Pradesh,Chhindwara,Chhindwara(F&V),Beetroot,Vegetables,0.4,800,1000,900,05-Feb-20
Madhya Pradesh,Chhindwara,Chhindwara(F&V),Beetroot,Vegetables,0.8,700,900,800,31-Jan-20
Madhya Pradesh,Chhindwara,Chhindwara(F&V),Beetroot,Vegetables,1.9,800,1000,900,30-Jan-20
Madhya Pradesh,Chhindwara,Chhindwara(F&V),Beetroot,Vegetables,0.2,600,1000,800,29-Jan-20
Madhya Pradesh,Chhindwara,Chhindwara(F&V),Beetroot,Vegetables,3,700,900,800,27-Jan-20
Madhya Pradesh,Chhindwara,Chhindwara(F&V),Beetroot,Vegetables,0.8,700,900,800,26-Jan-20
Madhya Pradesh,Chhindwara,Chhindwara(F&V),Beetroot,Vegetables,2,600,800,700,25-Jan-20
Madhya Pradesh,Chhindwara,Chhindwara(F&V),Beetroot,Vegetables,2,900,1000,950,24-Jan-20
Madhya Pradesh,Chhindwara,Chhindwara(F&V),Beetroot,Vegetables,2.2,700,900,800,23-Jan-20
Madhya Pradesh,Chhindwara,Chhindwara(F&V),Beetroot,Vegetables,4,900,1100,1000,22-Jan-20
Madhya Pradesh,Chhindwara,Chhindwara(F&V),Beetroot,Vegetables,0.9,800,1000,900,20-Jan-20
Madhya Pradesh,Chhindwara,Chhindwara(F&V),Beetroot,Vegetables,0.6,600,800,700,19-Jan-20
Madhya Pradesh,Chhindwara,Chhindwara(F&V),Beetroot,Vegetables,1.6,500,700,600,18-Jan-20
Madhya Pradesh,Chhindwara,Chhindwara(F&V),Beetroot,Vegetables,2.4,500,700,600,28-Dec-19
Madhya Pradesh,Chhindwara,Chhindwara(F&V),Beetroot,Vegetables,1.2,500,700,600,26-Dec-19
Madhya Pradesh,Chhindwara,Chhindwara(F&V),Beetroot,Vegetables,0.4,490,500,495,25-Dec-19
Madhya Pradesh,Chhindwara,Chhindwara(F&V),Beetroot,Vegetables,2,500,700,600,23-Dec-19
Madhya Pradesh,Chhindwara,Chhindwara(F&V),Beetroot,Vegetables,2,500,700,600,22-Dec-19
Madhya Pradesh,Chhindwara,Chhindwara(F&V),Beetroot,Vegetables,0.8,400,600,500,21-Dec-19
Madhya Pradesh,Chhindwara,Chhindwara(F&V),Beetroot,Vegetables,0.6,400,600,500,15-Dec-19
Madhya Pradesh,Chhindwara,Chhindwara(F&V),Beetroot,Vegetables,0.6,500,700,600,06-Dec-19
Madhya Pradesh,Chhindwara,Chhindwara(F&V),Beetroot,Vegetables,0.1,900,1000,950,13-Jul-19
Madhya Pradesh,Chhindwara,Chhindwara(F&V),Beetroot,Vegetables,0.4,700,900,800,06-Jul-19
Madhya Pradesh,Chhindwara,Chhindwara(F&V),Beetroot,Vegetables,0.4,800,1200,1000,11-Jun-19
Madhya Pradesh,Chhindwara,Chhindwara(F&V),Beetroot,Vegetables,0.3,900,1100,1000,31-May-19
Madhya Pradesh,Chhindwara,Chhindwara(F&V),Beetroot,Vegetables,1.2,400,600,500,25-May-19
Madhya Pradesh,Chhindwara,Chhindwara(F&V),Beetroot,Vegetables,0.4,400,600,500,24-May-19
Madhya Pradesh,Chhindwara,Chhindwara(F&V),Beetroot,Vegetables,1.4,500,700,600,23-May-19
Madhya Pradesh,Chhindwara,Chhindwara(F&V),Beetroot,Vegetables,1.6,500,700,600,21-May-19
Madhya Pradesh,Chhindwara,Chhindwara(F&V),Beetroot,Vegetables,0.8,600,800,700,19-May-19
Madhya Pradesh,Chhindwara,Chhindwara(F&V),Beetroot,Vegetables,1.8,400,600,500,08-May-19
Madhya Pradesh,Chhindwara,Chhindwara(F&V),Beetroot,Vegetables,0.9,400,600,500,05-May-19
Madhya Pradesh,Chhindwara,Chhindwara(F&V),Beetroot,Vegetables,0.4,500,700,600,04-May-19
Madhya Pradesh,Chhindwara,Chhindwara(F&V),Beetroot,Vegetables,0.4,400,600,500,03-May-19
Madhya Pradesh,Chhindwara,Chhindwara(F&V),Beetroot,Vegetables,0.1,400,600,500,02-May-19
Madhya Pradesh,Chhindwara,Chhindwara(F&V),Beetroot,Vegetables,0.8,500,700,600,29-Apr-19
Madhya Pradesh,Chhindwara,Chhindwara(F&V),Beetroot,Vegetables,0.4,400,600,500,27-Apr-19
Madhya Pradesh,Chhindwara,Chhindwara(F&V),Beetroot,Vegetables,0.4,400,600,500,24-Apr-19
Madhya Pradesh,Chhindwara,Chhindwara(F&V),Beetroot,Vegetables,0.4,400,600,500,21-Apr-19
Madhya Pradesh,Chhindwara,Chhindwara(F&V),Beetroot,Vegetables,0.8,400,600,500,20-Apr-19
Madhya Pradesh,Chhindwara,Chhindwara(F&V),Beetroot,Vegetables,1,400,600,500,18-Apr-19
Madhya Pradesh,Chhindwara,Chhindwara(F&V),Beetroot,Vegetables,1.2,400,600,500,17-Apr-19
Madhya Pradesh,Chhindwara,Chhindwara(F&V),Beetroot,Vegetables,1.2,500,700,600,15-Apr-19
Madhya Pradesh,Chhindwara,Chhindwara(F&V),Beetroot,Vegetables,0.1,400,600,500,10-Apr-19
Madhya Pradesh,Chhindwara,Chhindwara(F&V),Beetroot,Vegetables,0.8,400,600,500,08-Apr-19
Madhya Pradesh,Chhindwara,Chhindwara(F&V),Beetroot,Vegetables,8,400,600,500,02-Apr-19
Madhya Pradesh,Chhindwara,Chhindwara(F&V),Beetroot,Vegetables,14,400,600,500,01-Apr-19
Madhya Pradesh,Chhindwara,Chhindwara(F&V),Beetroot,Vegetables,24,800,1200,1000,31-Mar-19
Madhya Pradesh,Chhindwara,Chhindwara(F&V),Beetroot,Vegetables,12,600,800,700,25-Mar-19
Madhya Pradesh,Chhindwara,Chhindwara(F&V),Beetroot,Vegetables,20,500,700,600,24-Mar-19
Madhya Pradesh,Chhindwara,Chhindwara(F&V),Beetroot,Vegetables,28,700,900,800,18-Mar-19
Madhya Pradesh,Chhindwara,Chhindwara(F&V),Beetroot,Vegetables,42,700,900,800,17-Mar-19
Madhya Pradesh,Chhindwara,Chhindwara(F&V),Beetroot,Vegetables,20,700,900,800,16-Mar-19
Madhya Pradesh,Chhindwara,Chhindwara(F&V),Beetroot,Vegetables,4,800,1200,1000,15-Mar-19
Madhya Pradesh,Chhindwara,Chhindwara(F&V),Beetroot,Vegetables,32,700,900,800,11-Mar-19
Madhya Pradesh,Chhindwara,Chhindwara(F&V),Beetroot,Vegetables,16,600,800,700,10-Mar-19
Madhya Pradesh,Chhindwara,Chhindwara(F&V),Beetroot,Vegetables,4,900,1100,1000,08-Mar-19
Madhya Pradesh,Chhindwara,Chhindwara(F&V),Beetroot,Vegetables,14,500,700,600,04-Mar-19
Madhya Pradesh,Chhindwara,Chhindwara(F&V),Beetroot,Vegetables,8,500,700,600,03-Mar-19
Madhya Pradesh,Chhindwara,Chhindwara(F&V),Beetroot,Vegetables,10,500,700,600,25-Feb-19
Madhya Pradesh,Chhindwara,Chhindwara(F&V),Beetroot,Vegetables,1,700,900,800,22-Feb-19
Madhya Pradesh,Chhindwara,Chhindwara(F&V),Beetroot,Vegetables,20,500,700,600,20-Feb-19
Madhya Pradesh,Chhindwara,Chhindwara(F&V),Beetroot,Vegetables,12,500,700,600,18-Feb-19
Madhya Pradesh,Chhindwara,Chhindwara(F&V),Beetroot,Vegetables,4,600,800,700,11-Feb-19
Madhya Pradesh,Chhindwara,Chhindwara(F&V),Beetroot,Vegetables,8,600,800,700,10-Feb-19
Madhya Pradesh,Chhindwara,Chhindwara(F&V),Beetroot,Vegetables,8,600,800,700,04-Feb-19
Madhya Pradesh,Chhindwara,Chhindwara(F&V),Beetroot,Vegetables,16,600,800,700,03-Feb-19
Madhya Pradesh,Chhindwara,Chhindwara(F&V),Beetroot,Vegetables,8,400,700,600,02-Feb-19
Madhya Pradesh,Chhindwara,Chhindwara(F&V),Beetroot,Vegetables,2,500,700,600,01-Feb-19
Madhya Pradesh,Chhindwara,Chhindwara(F&V),Beetroot,Vegetables,16,500,700,600,25-Jan-19
Madhya Pradesh,Chhindwara,Chhindwara(F&V),Beetroot,Vegetables,8,500,700,600,24-Jan-19
Madhya Pradesh,Chhindwara,Chhindwara(F&V),Beetroot,Vegetables,8,600,800,700,21-Jan-19
Madhya Pradesh,Chhindwara,Chhindwara(F&V),Beetroot,Vegetables,32,500,700,600,20-Jan-19
Madhya Pradesh,Chhindwara,Chhindwara(F&V),Beetroot,Vegetables,40,500,700,600,14-Jan-19
Madhya Pradesh,Chhindwara,Chhindwara(F&V),Beetroot,Vegetables,24,600,700,650,13-Jan-19
Madhya Pradesh,Chhindwara,Chhindwara(F&V),Beetroot,Vegetables,36,400,600,500,12-Jan-19
Madhya Pradesh,Chhindwara,Chhindwara(F&V),Beetroot,Vegetables,32,600,800,700,11-Jan-19
Madhya Pradesh,Chhindwara,Chhindwara(F&V),Beetroot,Vegetables,20,600,800,700,09-Jan-19
Madhya Pradesh,Chhindwara,Chhindwara(F&V),Beetroot,Vegetables,4,600,800,700,06-Jan-19
Madhya Pradesh,Chhindwara,Chhindwara(F&V),Beetroot,Vegetables,4,500,700,600,05-Jan-19
Madhya Pradesh,Chhindwara,Chhindwara(F&V),Beetroot,Vegetables,8,500,700,600,04-Jan-19
Madhya Pradesh,Chhindwara,Chhindwara(F&V),Beetroot,Vegetables,8,500,700,600,02-Jan-19
Madhya Pradesh,Chhindwara,Chhindwara(F&V),Beetroot,Vegetables,8,600,800,700,30-Dec-18
Madhya Pradesh,Chhindwara,Chhindwara(F&V),Beetroot,Vegetables,12,600,800,700,26-Dec-18
Madhya Pradesh,Chhindwara,Chhindwara(F&V),Beetroot,Vegetables,20,600,700,650,25-Dec-18
Madhya Pradesh,Chhindwara,Chhindwara(F&V),Beetroot,Vegetables,5,700,900,800,24-Dec-18
Madhya Pradesh,Chhindwara,Chhindwara(F&V),Beetroot,Vegetables,4,500,700,600,22-Dec-18
Madhya Pradesh,Chhindwara,Chhindwara(F&V),Beetroot,Vegetables,8,600,800,700,21-Dec-18
Madhya Pradesh,Chhindwara,Chhindwara(F&V),Beetroot,Vegetables,10,500,700,600,19-Dec-18
Madhya Pradesh,Chhindwara,Chhindwara(F&V),Beetroot,Vegetables,2,500,700,600,15-Dec-18
Madhya Pradesh,Chhindwara,Chhindwara(F&V),Beetroot,Vegetables,28,500,700,600,13-Dec-18
Madhya Pradesh,Chhindwara,Chhindwara(F&V),Beetroot,Vegetables,26,500,700,600,07-Dec-18
Madhya Pradesh,Chhindwara,Chhindwara(F&V),Beetroot,Vegetables,8,500,700,600,06-Dec-18
Madhya Pradesh,Chhindwara,Chhindwara(F&V),Beetroot,Vegetables,8,500,700,600,05-Dec-18
Madhya Pradesh,Chhindwara,Chhindwara(F&V),Beetroot,Vegetables,52,500,700,600,02-Dec-18
Madhya Pradesh,Chhindwara,Chhindwara(F&V),Beetroot,Vegetables,12,500,700,600,25-Nov-18
Madhya Pradesh,Chhindwara,Chhindwara(F&V),Beetroot,Vegetables,16,400,600,500,24-Nov-18
Madhya Pradesh,Chhindwara,Chhindwara(F&V),Beetroot,Vegetables,17,500,600,550,23-Nov-18
Madhya Pradesh,Chhindwara,Chhindwara(F&V),Beetroot,Vegetables,44,500,700,600,19-Nov-18
Madhya Pradesh,Chhindwara,Chhindwara(F&V),Beetroot,Vegetables,16,500,700,600,18-Nov-18
Madhya Pradesh,Chhindwara,Chhindwara(F&V),Beetroot,Vegetables,4,400,600,500,07-Nov-18
Madhya Pradesh,Chhindwara,Chhindwara(F&V),Beetroot,Vegetables,16,400,600,500,05-Nov-18
Madhya Pradesh,Chhindwara,Chhindwara(F&V),Beetroot,Vegetables,2,500,700,600,02-Nov-18
Madhya Pradesh,Chhindwara,Chhindwara(F&V),Beetroot,Vegetables,4,500,700,600,29-Oct-18
Madhya Pradesh,Chhindwara,Chhindwara(F&V),Beetroot,Vegetables,1,400,600,500,03-Oct-18
Madhya Pradesh,Chhindwara,Chhindwara(F&V),Beetroot,Vegetables,4,400,600,500,26-Sep-18
Madhya Pradesh,Chhindwara,Chhindwara(F&V),Beetroot,Vegetables,8,400,600,500,12-Sep-18
Madhya Pradesh,Narsinghpur,Gadarwada,Beetroot,Vegetables,0.3,2000,2000,2000,31-Aug-20
Madhya Pradesh,Narsinghpur,Gadarwada,Beetroot,Vegetables,0.3,2000,2000,2000,27-Aug-20
Madhya Pradesh,Narsinghpur,Gadarwada,Beetroot,Vegetables,0.5,1500,1500,1500,26-Aug-20
Madhya Pradesh,Narsinghpur,Gadarwada,Beetroot,Vegetables,0.2,1600,1600,1600,10-Aug-20
Madhya Pradesh,Narsinghpur,Gadarwada,Beetroot,Vegetables,0.2,1500,1500,1500,07-Aug-20
Madhya Pradesh,Narsinghpur,Gadarwada,Beetroot,Vegetables,0.1,1000,1500,1250,06-Aug-20
Madhya Pradesh,Narsinghpur,Gadarwada,Beetroot,Vegetables,0.2,1500,1500,1500,24-Jun-20
Madhya Pradesh,Narsinghpur,Gadarwada,Beetroot,Vegetables,0.2,1500,1500,1500,16-Jun-20
Madhya Pradesh,Narsinghpur,Gadarwada,Beetroot,Vegetables,0.2,1500,1500,1500,15-Jun-20
Madhya Pradesh,Narsinghpur,Gadarwada,Beetroot,Vegetables,0.3,1000,1000,1000,14-Jun-20
Madhya Pradesh,Narsinghpur,Gadarwada,Beetroot,Vegetables,0.2,1500,1500,1500,13-Jun-20
Madhya Pradesh,Narsinghpur,Gadarwada,Beetroot,Vegetables,0.2,1500,1500,1500,10-Jun-20
Madhya Pradesh,Narsinghpur,Gadarwada,Beetroot,Vegetables,0.2,1500,1500,1500,08-Jun-20
Madhya Pradesh,Narsinghpur,Gadarwada,Beetroot,Vegetables,0.3,1000,1000,1000,02-Jun-20
Madhya Pradesh,Narsinghpur,Gadarwada,Beetroot,Vegetables,0.3,1000,1000,1000,31-May-20
Madhya Pradesh,Narsinghpur,Gadarwada,Beetroot,Vegetables,0.2,1500,1500,1500,26-May-20
Madhya Pradesh,Narsinghpur,Gadarwada,Beetroot,Vegetables,0.2,1500,1500,1500,24-May-20
Madhya Pradesh,Narsinghpur,Gadarwada,Beetroot,Vegetables,0.2,1000,1000,1000,10-May-20
Madhya Pradesh,Narsinghpur,Gadarwada,Beetroot,Vegetables,0.01,1700,1700,1700,23-Feb-20
Madhya Pradesh,Narsinghpur,Gadarwada,Beetroot,Vegetables,0.01,2000,2000,2000,22-Feb-20
Madhya Pradesh,Narsinghpur,Gadarwada,Beetroot,Vegetables,0.01,1800,1800,1800,21-Feb-20
Madhya Pradesh,Narsinghpur,Gadarwada,Beetroot,Vegetables,0.01,1800,1800,1800,20-Feb-20
Madhya Pradesh,Narsinghpur,Gadarwada,Beetroot,Vegetables,0.01,1800,1800,1800,19-Feb-20
Madhya Pradesh,Narsinghpur,Gadarwada,Beetroot,Vegetables,0.1,1800,1800,1800,17-Feb-20
Madhya Pradesh,Narsinghpur,Gadarwada,Beetroot,Vegetables,0.2,1000,1500,1250,16-Feb-20
Madhya Pradesh,Narsinghpur,Gadarwada,Beetroot,Vegetables,0.3,1400,1600,1500,15-Feb-20
Madhya Pradesh,Narsinghpur,Gadarwada,Beetroot,Vegetables,0.3,1500,1800,1750,14-Feb-20
Madhya Pradesh,Narsinghpur,Gadarwada,Beetroot,Vegetables,0.2,1500,1500,1500,13-Feb-20
Madhya Pradesh,Narsinghpur,Gadarwada,Beetroot,Vegetables,0.1,1600,1600,1600,10-Feb-20
Madhya Pradesh,Narsinghpur,Gadarwada,Beetroot,Vegetables,0.2,1200,2000,1600,09-Feb-20
Madhya Pradesh,Narsinghpur,Gadarwada,Beetroot,Vegetables,0.1,4000,4000,4000,02-Oct-19
Madhya Pradesh,Narsinghpur,Gadarwada,Beetroot,Vegetables,0.1,1000,1000,1000,15-Jul-19
Madhya Pradesh,Narsinghpur,Gadarwada,Beetroot,Vegetables,0.3,1000,1400,1200,14-Jul-19
Madhya Pradesh,Narsinghpur,Gadarwada,Beetroot,Vegetables,0.1,1500,1500,1500,13-Jul-19
Madhya Pradesh,Narsinghpur,Gadarwada,Beetroot,Vegetables,0.2,1200,1300,1250,12-Jul-19
Madhya Pradesh,Narsinghpur,Gadarwada,Beetroot,Vegetables,0.1,1000,1000,1000,08-Jul-19
Madhya Pradesh,Narsinghpur,Gadarwada,Beetroot,Vegetables,0.1,1000,1000,1000,07-Jul-19
Madhya Pradesh,Narsinghpur,Gadarwada,Beetroot,Vegetables,0.2,1000,1000,1000,01-Jul-19
Madhya Pradesh,Narsinghpur,Gadarwada,Beetroot,Vegetables,0.1,1200,1200,1200,30-Jun-19
Madhya Pradesh,Narsinghpur,Gadarwada,Beetroot,Vegetables,0.1,1000,1000,1000,29-Jun-19
Madhya Pradesh,Narsinghpur,Gadarwada,Beetroot,Vegetables,0.3,800,1000,900,28-Jun-19
Madhya Pradesh,Narsinghpur,Gadarwada,Beetroot,Vegetables,0.2,1000,1000,1000,27-Jun-19
Madhya Pradesh,Narsinghpur,Gadarwada,Beetroot,Vegetables,0.2,1000,1200,1100,19-Jun-19
Madhya Pradesh,Narsinghpur,Gadarwada,Beetroot,Vegetables,0.2,1500,1500,1500,17-Jun-19
Madhya Pradesh,Narsinghpur,Gadarwada,Beetroot,Vegetables,0.1,1000,1000,1000,16-Jun-19
Madhya Pradesh,Narsinghpur,Gadarwada,Beetroot,Vegetables,0.2,800,800,800,15-Jun-19
Madhya Pradesh,Narsinghpur,Gadarwada,Beetroot,Vegetables,0.1,800,800,800,14-Jun-19
Madhya Pradesh,Narsinghpur,Gadarwada,Beetroot,Vegetables,0.2,700,800,750,13-Jun-19
Madhya Pradesh,Narsinghpur,Gadarwada,Beetroot,Vegetables,0.2,700,900,800,10-Jun-19
Madhya Pradesh,Narsinghpur,Gadarwada,Beetroot,Vegetables,0.2,600,600,600,08-Jun-19
Madhya Pradesh,Narsinghpur,Gadarwada,Beetroot,Vegetables,0.3,600,600,600,07-Jun-19
Madhya Pradesh,Narsinghpur,Gadarwada,Beetroot,Vegetables,0.2,500,500,500,06-Jun-19
Madhya Pradesh,Narsinghpur,Gadarwada,Beetroot,Vegetables,0.1,500,500,500,03-Jun-19
Madhya Pradesh,Narsinghpur,Gadarwada,Beetroot,Vegetables,0.9,500,1000,750,02-Jun-19
Madhya Pradesh,Narsinghpur,Gadarwada,Beetroot,Vegetables,0.2,500,700,600,30-May-19
Madhya Pradesh,Narsinghpur,Gadarwada,Beetroot,Vegetables,0.3,600,600,600,29-May-19
Madhya Pradesh,Narsinghpur,Gadarwada,Beetroot,Vegetables,0.1,800,800,800,27-May-19
Madhya Pradesh,Narsinghpur,Gadarwada,Beetroot,Vegetables,0.2,600,600,600,26-May-19
Madhya Pradesh,Narsinghpur,Gadarwada,Beetroot,Vegetables,0.3,800,800,800,25-May-19
Madhya Pradesh,Narsinghpur,Gadarwada,Beetroot,Vegetables,0.2,1000,1000,1000,24-May-19
Madhya Pradesh,Narsinghpur,Gadarwada,Beetroot,Vegetables,0.2,1000,1000,1000,23-May-19
Madhya Pradesh,Narsinghpur,Gadarwada,Beetroot,Vegetables,0.2,600,600,600,22-May-19
Madhya Pradesh,Narsinghpur,Gadarwada,Beetroot,Vegetables,0.2,700,700,700,20-May-19
Madhya Pradesh,Narsinghpur,Gadarwada,Beetroot,Vegetables,0.2,700,700,700,19-May-19
Madhya Pradesh,Narsinghpur,Gadarwada,Beetroot,Vegetables,0.2,700,700,700,18-May-19
Madhya Pradesh,Narsinghpur,Gadarwada,Beetroot,Vegetables,0.2,600,600,600,16-May-19
Madhya Pradesh,Narsinghpur,Gadarwada,Beetroot,Vegetables,0.2,800,800,800,15-May-19
Madhya Pradesh,Narsinghpur,Gadarwada,Beetroot,Vegetables,0.2,1000,1000,1000,13-May-19
Madhya Pradesh,Narsinghpur,Gadarwada,Beetroot,Vegetables,0.2,1000,1000,1000,12-May-19
Madhya Pradesh,Narsinghpur,Gadarwada,Beetroot,Vegetables,0.2,1000,1000,1000,11-May-19
Madhya Pradesh,Narsinghpur,Gadarwada,Beetroot,Vegetables,0.1,600,600,600,10-May-19
Madhya Pradesh,Narsinghpur,Gadarwada,Beetroot,Vegetables,0.2,600,600,600,09-May-19
Madhya Pradesh,Narsinghpur,Gadarwada,Beetroot,Vegetables,0.2,500,500,500,06-May-19
Madhya Pradesh,Narsinghpur,Gadarwada,Beetroot,Vegetables,0.2,1000,1000,1000,05-May-19
Madhya Pradesh,Narsinghpur,Gadarwada,Beetroot,Vegetables,0.3,500,1000,750,04-May-19
Madhya Pradesh,Narsinghpur,Gadarwada,Beetroot,Vegetables,0.4,500,600,550,02-May-19
Madhya Pradesh,Narsinghpur,Gadarwada,Beetroot,Vegetables,0.2,700,700,700,01-May-19
Madhya Pradesh,Narsinghpur,Gadarwada,Beetroot,Vegetables,0.2,800,1000,900,28-Apr-19
Madhya Pradesh,Narsinghpur,Gadarwada,Beetroot,Vegetables,0.4,500,500,500,27-Apr-19
Madhya Pradesh,Narsinghpur,Gadarwada,Beetroot,Vegetables,0.3,800,800,800,25-Apr-19
Madhya Pradesh,Narsinghpur,Gadarwada,Beetroot,Vegetables,0.1,1100,1100,1100,21-Apr-19
Madhya Pradesh,Narsinghpur,Gadarwada,Beetroot,Vegetables,0.2,1000,1000,1000,17-Apr-19
Madhya Pradesh,Narsinghpur,Gadarwada,Beetroot,Vegetables,0.2,600,600,600,14-Apr-19
Madhya Pradesh,Narsinghpur,Gadarwada,Beetroot,Vegetables,0.3,800,800,800,12-Apr-19
Madhya Pradesh,Narsinghpur,Gadarwada,Beetroot,Vegetables,0.3,500,500,500,11-Apr-19
Madhya Pradesh,Narsinghpur,Gadarwada,Beetroot,Vegetables,0.2,800,800,800,10-Apr-19
Madhya Pradesh,Narsinghpur,Gadarwada,Beetroot,Vegetables,0.1,800,800,800,07-Apr-19
Madhya Pradesh,Narsinghpur,Gadarwada,Beetroot,Vegetables,0.2,600,600,600,03-Apr-19
Madhya Pradesh,Narsinghpur,Gadarwada,Beetroot,Vegetables,0.1,600,600,600,31-Mar-19
Madhya Pradesh,Narsinghpur,Gadarwada,Beetroot,Vegetables,0.1,600,600,600,30-Mar-19
Madhya Pradesh,Narsinghpur,Gadarwada,Beetroot,Vegetables,0.3,800,800,800,29-Mar-19
Madhya Pradesh,Narsinghpur,Gadarwada,Beetroot,Vegetables,0.3,600,800,700,27-Mar-19
Madhya Pradesh,Narsinghpur,Gadarwada,Beetroot,Vegetables,0.2,1000,1000,1000,23-Mar-19
Madhya Pradesh,Narsinghpur,Gadarwada,Beetroot,Vegetables,0.1,1000,1000,1000,22-Mar-19
Madhya Pradesh,Narsinghpur,Gadarwada,Beetroot,Vegetables,0.5,800,1000,900,20-Mar-19
Madhya Pradesh,Narsinghpur,Gadarwada,Beetroot,Vegetables,0.1,1000,1000,1000,18-Mar-19
Madhya Pradesh,Narsinghpur,Gadarwada,Beetroot,Vegetables,0.2,800,800,800,17-Mar-19
Madhya Pradesh,Narsinghpur,Gadarwada,Beetroot,Vegetables,0.1,1000,1000,1000,16-Mar-19
Madhya Pradesh,Narsinghpur,Gadarwada,Beetroot,Vegetables,0.1,1000,1000,1000,15-Mar-19
Madhya Pradesh,Narsinghpur,Gadarwada,Beetroot,Vegetables,0.2,1000,1000,1000,13-Mar-19
Madhya Pradesh,Narsinghpur,Gadarwada,Other,Vegetables,0.2,1000,1000,1000,10-Mar-19
Madhya Pradesh,Narsinghpur,Gadarwada,Other,Vegetables,0.2,1000,1000,1000,09-Mar-19
Madhya Pradesh,Narsinghpur,Gadarwada,Other,Vegetables,0.3,1000,1500,1250,08-Mar-19
Madhya Pradesh,Narsinghpur,Gadarwada,Other,Vegetables,0.2,1000,1000,1000,07-Mar-19
Madhya Pradesh,Narsinghpur,Gadarwada,Other,Vegetables,0.4,800,1000,900,06-Mar-19
Madhya Pradesh,Narsinghpur,Gadarwada,Other,Vegetables,0.2,1000,1000,1000,04-Mar-19
Madhya Pradesh,Harda,Harda(F&V),Other,Vegetables,0.2,1200,1500,1300,23-Mar-20
Madhya Pradesh,Harda,Harda(F&V),Other,Vegetables,0.2,1000,1300,1200,21-Mar-20
Madhya Pradesh,Harda,Harda(F&V),Other,Vegetables,0.1,700,900,800,18-Mar-18
Madhya Pradesh,Harda,Harda(F&V),Other,Vegetables,0.1,1000,1200,1100,17-Mar-18
Madhya Pradesh,Harda,Harda(F&V),Other,Vegetables,0.1,800,1000,900,16-Mar-18
Madhya Pradesh,Harda,Harda(F&V),Other,Vegetables,0.1,900,1100,1000,15-Mar-18
Madhya Pradesh,Harda,Harda(F&V),Other,Vegetables,0.1,800,1000,900,14-Mar-18
Madhya Pradesh,Harda,Harda(F&V),Other,Vegetables,0.1,700,900,800,13-Mar-18
Madhya Pradesh,Harda,Harda(F&V),Other,Vegetables,0.2,600,800,700,12-Mar-18
Madhya Pradesh,Harda,Harda(F&V),Other,Vegetables,0.1,700,900,800,11-Mar-18
Madhya Pradesh,Harda,Harda(F&V),Other,Vegetables,0.1,800,1000,900,10-Mar-18
Madhya Pradesh,Harda,Harda(F&V),Other,Vegetables,0.1,700,900,800,09-Mar-18
Madhya Pradesh,Harda,Harda(F&V),Other,Vegetables,0.1,600,800,700,08-Mar-18
Madhya Pradesh,Harda,Harda(F&V),Other,Vegetables,0.1,500,700,650,07-Mar-18
Madhya Pradesh,Hoshangabad,Itarsi,Beetroot,Vegetables,0.08,2200,2200,2200,27-Sep-22
Madhya Pradesh,Hoshangabad,Itarsi,Beetroot,Vegetables,0.16,600,600,600,07-May-22
Madhya Pradesh,Hoshangabad,Itarsi,Beetroot,Vegetables,0.05,800,800,800,27-Apr-22
Madhya Pradesh,Hoshangabad,Itarsi,Beetroot,Vegetables,0.05,1000,1000,1000,20-Apr-22
Madhya Pradesh,Hoshangabad,Itarsi,Beetroot,Vegetables,0.04,1300,1300,1300,19-Apr-22
Madhya Pradesh,Hoshangabad,Itarsi,Beetroot,Vegetables,0.05,1800,1800,1800,18-Apr-22
Madhya Pradesh,Katni,Katni(F&V),Other,Vegetables,0.2,2500,2500,2500,19-Dec-23
Madhya Pradesh,Katni,Katni(F&V),Other,Vegetables,0.3,2500,2500,2500,15-Dec-23
Madhya Pradesh,Katni,Katni(F&V),Other,Vegetables,0.2,2500,2500,2500,14-Dec-23
Madhya Pradesh,Katni,Katni(F&V),Other,Vegetables,0.3,2500,2500,2500,12-Nov-23
Madhya Pradesh,Katni,Katni(F&V),Other,Vegetables,0.1,2500,2500,2500,11-Nov-23
Madhya Pradesh,Katni,Katni(F&V),Other,Vegetables,0.2,3500,4000,4000,10-Nov-23
Madhya Pradesh,Katni,Katni(F&V),Other,Vegetables,0.1,4000,4000,4000,09-Nov-23
Madhya Pradesh,Katni,Katni(F&V),Other,Vegetables,0.2,3000,4000,3000,08-Nov-23
Madhya Pradesh,Katni,Katni(F&V),Other,Vegetables,0.2,2500,3000,3000,07-Nov-23
Madhya Pradesh,Katni,Katni(F&V),Other,Vegetables,0.1,2500,2500,2500,06-Nov-23
Madhya Pradesh,Katni,Katni(F&V),Other,Vegetables,0.1,2500,2500,2500,05-Nov-23
Madhya Pradesh,Katni,Katni(F&V),Other,Vegetables,0.1,2500,2500,2500,04-Nov-23
Madhya Pradesh,Katni,Katni(F&V),Other,Vegetables,0.1,2500,2500,2500,03-Nov-23
Madhya Pradesh,Katni,Katni(F&V),Other,Vegetables,0.3,2500,2500,2500,02-Nov-23
Madhya Pradesh,Katni,Katni(F&V),Other,Vegetables,0.2,2500,3000,2500,01-Nov-23
Madhya Pradesh,Katni,Katni(F&V),Other,Vegetables,0.1,2000,2000,2000,31-Oct-23
Madhya Pradesh,Katni,Katni(F&V),Other,Vegetables,0.2,3000,3000,3000,29-Oct-23
Madhya Pradesh,Katni,Katni(F&V),Other,Vegetables,0.2,3000,3000,3000,28-Oct-23
Madhya Pradesh,Katni,Katni(F&V),Other,Vegetables,0.3,3000,3000,3000,27-Oct-23
Madhya Pradesh,Katni,Katni(F&V),Other,Vegetables,0.1,3000,3000,3000,26-Oct-23
Madhya Pradesh,Katni,Katni(F&V),Other,Vegetables,0.1,3000,3000,3000,24-Oct-23
Madhya Pradesh,Katni,Katni(F&V),Other,Vegetables,0.3,2500,3000,3000,22-Oct-23
Madhya Pradesh,Katni,Katni(F&V),Other,Vegetables,0.1,2500,2500,2500,21-Oct-23
Madhya Pradesh,Katni,Katni(F&V),Other,Vegetables,0.25,2000,2500,2000,20-Oct-23
Madhya Pradesh,Katni,Katni(F&V),Other,Vegetables,0.25,1500,2500,2000,19-Oct-23
Madhya Pradesh,Katni,Katni(F&V),Other,Vegetables,0.1,2500,2500,2500,18-Oct-23
Madhya Pradesh,Katni,Katni(F&V),Other,Vegetables,0.2,2500,2500,2500,17-Oct-23
Madhya Pradesh,Katni,Katni(F&V),Other,Vegetables,0.1,2500,2500,2500,16-Oct-23
Madhya Pradesh,Katni,Katni(F&V),Other,Vegetables,0.2,2000,2000,2000,13-Oct-23
Madhya Pradesh,Katni,Katni(F&V),Other,Vegetables,0.05,2000,2000,2000,10-Oct-23
Madhya Pradesh,Katni,Katni(F&V),Other,Vegetables,0.05,2000,2000,2000,09-Oct-23
Madhya Pradesh,Katni,Katni(F&V),Other,Vegetables,0.1,2000,2000,2000,08-Oct-23
Madhya Pradesh,Katni,Katni(F&V),Other,Vegetables,0.05,2000,2000,2000,06-Oct-23
Madhya Pradesh,Katni,Katni(F&V),Other,Vegetables,0.05,2500,2500,2500,30-Sep-23
Madhya Pradesh,Katni,Katni(F&V),Other,Vegetables,0.05,3000,3000,3000,29-Sep-23
Madhya Pradesh,Katni,Katni(F&V),Other,Vegetables,0.15,2000,2000,2000,28-Sep-23
Madhya Pradesh,Katni,Katni(F&V),Other,Vegetables,0.1,2000,2000,2000,27-Sep-23
Madhya Pradesh,Katni,Katni(F&V),Other,Vegetables,0.05,2000,2000,2000,23-Sep-23
Madhya Pradesh,Katni,Katni(F&V),Other,Vegetables,0.45,2000,2500,2000,22-Sep-23
Madhya Pradesh,Katni,Katni(F&V),Other,Vegetables,0.15,2000,2500,2500,16-Sep-23
Madhya Pradesh,Katni,Katni(F&V),Other,Vegetables,0.1,2000,2000,2000,15-Sep-23
Madhya Pradesh,Katni,Katni(F&V),Other,Vegetables,0.05,2000,2000,2000,14-Sep-23
Madhya Pradesh,Katni,Katni(F&V),Other,Vegetables,0.05,2000,2000,2000,13-Sep-23
Madhya Pradesh,Katni,Katni(F&V),Other,Vegetables,0.15,2000,2000,2000,09-Sep-23
Madhya Pradesh,Katni,Katni(F&V),Other,Vegetables,0.15,2000,2000,2000,07-Sep-23
Madhya Pradesh,Katni,Katni(F&V),Other,Vegetables,0.15,2000,2000,2000,06-Sep-23
Madhya Pradesh,Katni,Katni(F&V),Other,Vegetables,0.05,2000,2000,2000,02-Sep-23
Madhya Pradesh,Katni,Katni(F&V),Other,Vegetables,0.1,2000,2000,2000,29-Aug-23
Madhya Pradesh,Katni,Katni(F&V),Other,Vegetables,0.1,2000,2000,2000,28-Aug-23
Madhya Pradesh,Katni,Katni(F&V),Other,Vegetables,0.25,2000,2000,2000,27-Aug-23
Madhya Pradesh,Katni,Katni(F&V),Other,Vegetables,0.05,2000,2000,2000,26-Aug-23
Madhya Pradesh,Katni,Katni(F&V),Other,Vegetables,0.1,2000,2000,2000,25-Aug-23
Madhya Pradesh,Katni,Katni(F&V),Other,Vegetables,0.1,2000,2000,2000,24-Aug-23
Madhya Pradesh,Katni,Katni(F&V),Other,Vegetables,0.15,1000,2000,2000,22-Aug-23
Madhya Pradesh,Katni,Katni(F&V),Other,Vegetables,0.15,2000,2500,2500,21-Aug-23
Madhya Pradesh,Katni,Katni(F&V),Other,Vegetables,0.1,2000,2000,2000,20-Aug-23
Madhya Pradesh,Katni,Katni(F&V),Other,Vegetables,0.1,2000,2000,2000,19-Aug-23
Madhya Pradesh,Katni,Katni(F&V),Other,Vegetables,0.05,2000,2000,2000,18-Aug-23
Madhya Pradesh,Katni,Katni(F&V),Other,Vegetables,0.05,2000,2000,2000,16-Aug-23
Madhya Pradesh,Katni,Katni(F&V),Other,Vegetables,0.05,2000,2000,2000,15-Aug-23
Madhya Pradesh,Katni,Katni(F&V),Other,Vegetables,0.05,2000,2000,2000,14-Aug-23
Madhya Pradesh,Katni,Katni(F&V),Other,Vegetables,0.1,2000,2000,2000,13-Aug-23
Madhya Pradesh,Katni,Katni(F&V),Other,Vegetables,0.15,2000,2000,2000,12-Aug-23
Madhya Pradesh,Katni,Katni(F&V),Other,Vegetables,0.1,2000,2000,2000,11-Aug-23
Madhya Pradesh,Katni,Katni(F&V),Other,Vegetables,0.05,1000,1000,1000,10-Aug-23
Madhya Pradesh,Katni,Katni(F&V),Other,Vegetables,0.15,2000,2000,2000,09-Aug-23
Madhya Pradesh,Katni,Katni(F&V),Other,Vegetables,0.1,2000,2000,2000,08-Aug-23
Madhya Pradesh,Katni,Katni(F&V),Other,Vegetables,0.1,2000,2000,2000,07-Aug-23
Madhya Pradesh,Katni,Katni(F&V),Other,Vegetables,0.1,2500,2500,2500,05-Aug-23
Madhya Pradesh,Katni,Katni(F&V),Other,Vegetables,0.1,2000,2000,2000,03-Aug-23
Madhya Pradesh,Katni,Katni(F&V),Other,Vegetables,0.15,2000,2000,2000,01-Aug-23
Madhya Pradesh,Katni,Katni(F&V),Other,Vegetables,0.05,2500,2500,2500,29-Jul-23
Madhya Pradesh,Katni,Katni(F&V),Other,Vegetables,0.1,2000,2000,2000,28-Jul-23
Madhya Pradesh,Katni,Katni(F&V),Other,Vegetables,0.1,2000,2000,2000,25-Jul-23
Madhya Pradesh,Katni,Katni(F&V),Other,Vegetables,0.2,2000,2000,2000,24-Jul-23
Madhya Pradesh,Katni,Katni(F&V),Other,Vegetables,0.1,2000,2000,2000,23-Jul-23
Madhya Pradesh,Katni,Katni(F&V),Other,Vegetables,0.3,2000,2000,2000,22-Jul-23
Madhya Pradesh,Katni,Katni(F&V),Other,Vegetables,0.1,2000,2000,2000,21-Jul-23
Madhya Pradesh,Katni,Katni(F&V),Other,Vegetables,0.2,1500,2000,2000,19-Jul-23
Madhya Pradesh,Katni,Katni(F&V),Other,Vegetables,0.05,2000,2000,2000,17-Jul-23
Madhya Pradesh,Katni,Katni(F&V),Other,Vegetables,0.15,2000,2000,2000,16-Jul-23
Madhya Pradesh,Katni,Katni(F&V),Other,Vegetables,0.05,2000,2000,2000,15-Jul-23
Madhya Pradesh,Katni,Katni(F&V),Other,Vegetables,0.05,2000,2000,2000,14-Jul-23
Madhya Pradesh,Katni,Katni(F&V),Other,Vegetables,0.1,2500,2500,2500,12-Jul-23
Madhya Pradesh,Katni,Katni(F&V),Other,Vegetables,0.15,1000,2000,1500,11-Jul-23
Madhya Pradesh,Katni,Katni(F&V),Other,Vegetables,0.4,1200,2000,1800,09-Jul-23
Madhya Pradesh,Katni,Katni(F&V),Other,Vegetables,0.1,2500,2500,2500,08-Jul-23
Madhya Pradesh,Katni,Katni(F&V),Other,Vegetables,0.06,2000,2000,2000,07-Jul-23
Madhya Pradesh,Katni,Katni(F&V),Other,Vegetables,0.1,2000,2000,2000,04-Jul-23
Madhya Pradesh,Katni,Katni(F&V),Other,Vegetables,0.1,2000,2000,2000,02-Jul-23
Madhya Pradesh,Shajapur,Nalkehda,Beetroot,Vegetables,0.1,2000,3000,2500,01-May-19
Madhya Pradesh,Jhabua,Petlawad,Beetroot,Vegetables,0.01,1600,1600,1600,10-Mar-23
Madhya Pradesh,Jhabua,Petlawad,Beetroot,Vegetables,0.01,1600,1600,1600,09-Mar-23
Madhya Pradesh,Jhabua,Petlawad,Beetroot,Vegetables,0.02,1800,1800,1800,06-Mar-23
Madhya Pradesh,Jhabua,Petlawad,Beetroot,Vegetables,0.05,1000,1000,1000,27-Feb-23
Madhya Pradesh,Jhabua,Petlawad,Beetroot,Vegetables,0.11,800,800,800,20-Feb-23
Madhya Pradesh,Jhabua,Petlawad,Beetroot,Vegetables,0.2,1500,1500,1500,13-Feb-23
Madhya Pradesh,Jhabua,Petlawad,Beetroot,Vegetables,0.2,1500,1500,1500,12-Feb-23
Madhya Pradesh,Jhabua,Petlawad,Beetroot,Vegetables,0.4,2500,2500,2500,11-Feb-23
Madhya Pradesh,Jhabua,Petlawad,Beetroot,Vegetables,0.4,2500,2500,2500,10-Feb-23
Madhya Pradesh,Jhabua,Petlawad,Beetroot,Vegetables,0.2,1500,1500,1500,09-Feb-23
Madhya Pradesh,Jhabua,Petlawad,Beetroot,Vegetables,1.2,800,800,800,03-Jan-23
Madhya Pradesh,Harda,Sirali,Beetroot,Vegetables,0.4,800,800,800,18-Mar-21
Madhya Pradesh,Harda,Timarni,Beetroot,Vegetables,0.01,2000,2000,2000,20-Dec-23
Madhya Pradesh,Harda,Timarni,Beetroot,Vegetables,0.01,2000,2000,2000,16-Dec-23
Madhya Pradesh,Harda,Timarni,Beetroot,Vegetables,0.01,1500,2000,1750,11-Dec-23
Madhya Pradesh,Harda,Timarni,Beetroot,Vegetables,0.01,2000,2000,2000,07-Dec-23
Madhya Pradesh,Harda,Timarni,Beetroot,Vegetables,0.01,2000,2000,2000,22-Sep-23
Madhya Pradesh,Harda,Timarni,Beetroot,Vegetables,0.01,1500,1500,1500,12-Sep-23
Madhya Pradesh,Harda,Timarni,Beetroot,Vegetables,0.01,2000,2000,2000,20-Aug-23
Madhya Pradesh,Harda,Timarni,Beetroot,Vegetables,0.02,1000,1000,1000,27-Jun-23
Madhya Pradesh,Harda,Timarni,Beetroot,Vegetables,0.01,1000,1000,1000,09-Jun-23
Madhya Pradesh,Harda,Timarni,Beetroot,Vegetables,0.02,1000,1000,1000,20-Mar-23
Madhya Pradesh,Harda,Timarni,Beetroot,Vegetables,0.01,1000,1000,1000,13-Mar-23
Madhya Pradesh,Harda,Timarni,Beetroot,Vegetables,0.01,1000,1000,1000,11-Mar-23
Madhya Pradesh,Harda,Timarni,Beetroot,Vegetables,0.01,1000,1000,1000,10-Mar-23
Madhya Pradesh,Harda,Timarni,Beetroot,Vegetables,0.01,1500,1500,1500,13-Apr-22
Madhya Pradesh,Harda,Timarni,Beetroot,Vegetables,0.01,1000,1000,1000,12-Apr-22
Madhya Pradesh,Harda,Timarni,Beetroot,Vegetables,0.03,1000,1500,1250,10-Apr-22
Madhya Pradesh,Harda,Timarni,Beetroot,Vegetables,0.04,2000,3000,2500,29-Mar-22
Madhya Pradesh,Harda,Timarni,Beetroot,Vegetables,0.02,1000,1000,1000,28-Mar-22
Madhya Pradesh,Harda,Timarni,Beetroot,Vegetables,0.03,1000,1000,1000,14-Mar-22
Madhya Pradesh,Harda,Timarni,Beetroot,Vegetables,0.01,1000,1000,1000,09-Mar-22
Madhya Pradesh,Harda,Timarni,Beetroot,Vegetables,0.01,1000,1000,1000,02-Mar-22
Madhya Pradesh,Harda,Timarni,Beetroot,Vegetables,0.01,1000,1000,1000,08-Feb-22
Madhya Pradesh,Harda,Timarni,Beetroot,Vegetables,0.01,2000,2000,2000,19-Nov-20
Madhya Pradesh,Harda,Timarni,Beetroot,Vegetables,0.12,1000,1500,1250,05-Nov-20
Madhya Pradesh,Harda,Timarni,Beetroot,Vegetables,0.01,1000,1000,1000,31-Mar-20
Madhya Pradesh,Harda,Timarni,Beetroot,Vegetables,0.01,1000,1000,1000,18-Mar-20
Madhya Pradesh,Harda,Timarni,Beetroot,Vegetables,0.01,500,500,500,07-Mar-20
Madhya Pradesh,Harda,Timarni,Beetroot,Vegetables,0.02,600,800,700,26-Feb-20
Madhya Pradesh,Harda,Timarni,Beetroot,Vegetables,0.03,400,800,600,16-Feb-20
Madhya Pradesh,Harda,Timarni,Beetroot,Vegetables,0.03,500,1000,750,12-Feb-20
Madhya Pradesh,Harda,Timarni,Beetroot,Vegetables,0.01,500,500,500,11-Feb-20
Madhya Pradesh,Harda,Timarni,Beetroot,Vegetables,0.03,500,800,650,10-Feb-20
Madhya Pradesh,Harda,Timarni,Beetroot,Vegetables,0.02,600,1000,800,09-Feb-20
Madhya Pradesh,Harda,Timarni,Beetroot,Vegetables,0.01,1000,1000,1000,03-Feb-20
Madhya Pradesh,Harda,Timarni,Beetroot,Vegetables,0.02,1000,1000,1000,02-Feb-20
Madhya Pradesh,Harda,Timarni,Beetroot,Vegetables,0.02,500,800,650,01-Feb-20
Madhya Pradesh,Harda,Timarni,Beetroot,Vegetables,0.02,1000,1200,1100,30-Jan-20
Madhya Pradesh,Harda,Timarni,Beetroot,Vegetables,0.01,1000,1000,1000,29-Jan-20
Madhya Pradesh,Harda,Timarni,Beetroot,Vegetables,0.02,1000,1000,1000,28-Jan-20
Madhya Pradesh,Harda,Timarni,Beetroot,Vegetables,0.01,1000,1000,1000,27-Jan-20
Madhya Pradesh,Harda,Timarni,Beetroot,Vegetables,0.02,1000,1000,1000,22-Jan-20
Madhya Pradesh,Harda,Timarni,Beetroot,Vegetables,0.01,1000,1000,1000,18-Jan-20
Madhya Pradesh,Harda,Timarni,Beetroot,Vegetables,0.02,1000,1000,1000,17-Jan-20
Madhya Pradesh,Harda,Timarni,Beetroot,Vegetables,0.01,1200,1200,1200,16-Jan-20
Madhya Pradesh,Harda,Timarni,Beetroot,Vegetables,0.03,1000,2000,1500,15-Jan-20
Madhya Pradesh,Harda,Timarni,Beetroot,Vegetables,0.02,4000,4000,4000,17-Dec-19
Madhya Pradesh,Harda,Timarni,Beetroot,Vegetables,0.01,3000,3000,3000,15-Dec-19
Madhya Pradesh,Harda,Timarni,Beetroot,Vegetables,0.03,3000,3200,3100,13-Dec-19
Madhya Pradesh,Harda,Timarni,Beetroot,Vegetables,0.01,4000,4000,4000,12-Dec-19
Madhya Pradesh,Harda,Timarni,Beetroot,Vegetables,0.02,4000,4000,4000,10-Dec-19
Madhya Pradesh,Harda,Timarni,Beetroot,Vegetables,0.01,4000,4000,4000,09-Dec-19
