Both Price And Arrival from 01-Jan-2018 To 31-Dec-2023 Total Arrival- 371.04,,,,,,,,,
State Name,District Name,Market Name,Variety,Group,Arrivals (Tonnes),Min Price (Rs./Quintal),Max Price (Rs./Quintal),Modal Price (Rs./Quintal),Reported Date
Madhya Pradesh,Badwani,Badwani,Cluster Beans,Vegetables,0.1,2800,2800,2800,18-Dec-23
Madhya Pradesh,Badwani,Badwani,Cluster Beans,Vegetables,0.12,2800,2800,2800,17-Dec-23
Madhya Pradesh,Badwani,Badwani,Cluster Beans,Vegetables,0.11,3100,3100,3100,16-Dec-23
Madhya Pradesh,Badwani,Badwani,Cluster Beans,Vegetables,0.1,2600,2600,2600,14-Dec-23
Madhya Pradesh,Badwani,Badwani,Cluster Beans,Vegetables,0.12,1900,1900,1900,11-Dec-23
Madhya Pradesh,Badwani,Badwani,Cluster Beans,Vegetables,0.11,2300,2300,2300,10-Dec-23
Madhya Pradesh,Badwani,Badwani,Cluster Beans,Vegetables,0.11,1600,1600,1600,04-Dec-23
Madhya Pradesh,Badwani,Badwani,Cluster Beans,Vegetables,0.14,1600,1600,1600,03-Dec-23
Madhya Pradesh,Badwani,Badwani,Cluster Beans,Vegetables,0.08,2200,2200,2200,01-Dec-23
Madhya Pradesh,Badwani,Badwani,Cluster Beans,Vegetables,0.11,1500,1500,1500,30-Nov-23
Madhya Pradesh,Badwani,Badwani,Cluster Beans,Vegetables,0.14,1600,1600,1600,29-Nov-23
Madhya Pradesh,Badwani,Badwani,Cluster Beans,Vegetables,0.11,2100,2100,2100,27-Nov-23
Madhya Pradesh,Badwani,Badwani,Cluster Beans,Vegetables,0.15,1800,1800,1800,26-Nov-23
Madhya Pradesh,Badwani,Badwani,Cluster Beans,Vegetables,0.11,2000,2000,2000,25-Nov-23
Madhya Pradesh,Badwani,Badwani,Cluster Beans,Vegetables,0.13,1800,1800,1800,24-Nov-23
Madhya Pradesh,Badwani,Badwani,Cluster Beans,Vegetables,0.14,1600,1600,1600,23-Nov-23
Madhya Pradesh,Badwani,Badwani,Cluster Beans,Vegetables,0.25,1500,1500,1500,22-Nov-23
Madhya Pradesh,Badwani,Badwani,Cluster Beans,Vegetables,0.14,1600,1600,1600,21-Nov-23
Madhya Pradesh,Badwani,Badwani,Cluster Beans,Vegetables,0.16,1650,1650,1650,19-Nov-23
Madhya Pradesh,Badwani,Badwani,Cluster Beans,Vegetables,0.12,1800,1800,1800,18-Nov-23
Madhya Pradesh,Badwani,Badwani,Cluster Beans,Vegetables,0.11,2400,2400,2400,17-Nov-23
Madhya Pradesh,Badwani,Badwani,Cluster Beans,Vegetables,0.12,2600,2600,2600,16-Nov-23
Madhya Pradesh,Badwani,Badwani,Cluster Beans,Vegetables,0.14,1700,1700,1700,15-Nov-23
Madhya Pradesh,Badwani,Badwani,Cluster Beans,Vegetables,0.23,1500,1500,1500,13-Nov-23
Madhya Pradesh,Badwani,Badwani,Cluster Beans,Vegetables,0.22,1600,1600,1600,12-Nov-23
Madhya Pradesh,Badwani,Badwani,Cluster Beans,Vegetables,0.14,2000,2000,2000,11-Nov-23
Madhya Pradesh,Badwani,Badwani,Cluster Beans,Vegetables,0.11,2500,2500,2500,10-Nov-23
Madhya Pradesh,Badwani,Badwani,Cluster Beans,Vegetables,0.11,2000,2000,2000,09-Nov-23
Madhya Pradesh,Badwani,Badwani,Cluster Beans,Vegetables,0.12,2350,2350,2350,07-Nov-23
Madhya Pradesh,Badwani,Badwani,Cluster Beans,Vegetables,0.11,2600,2600,2600,06-Nov-23
Madhya Pradesh,Badwani,Badwani,Cluster Beans,Vegetables,0.11,2700,2700,2700,04-Nov-23
Madhya Pradesh,Badwani,Badwani,Cluster Beans,Vegetables,0.12,2500,2500,2500,02-Nov-23
Madhya Pradesh,Badwani,Badwani,Cluster Beans,Vegetables,0.12,2600,2600,2600,31-Oct-23
Madhya Pradesh,Badwani,Badwani,Cluster Beans,Vegetables,0.14,2500,2500,2500,30-Oct-23
Madhya Pradesh,Badwani,Badwani,Cluster Beans,Vegetables,0.15,2400,2400,2400,29-Oct-23
Madhya Pradesh,Badwani,Badwani,Cluster Beans,Vegetables,0.16,2500,2500,2500,28-Oct-23
Madhya Pradesh,Badwani,Badwani,Cluster Beans,Vegetables,0.11,2200,2200,2200,27-Oct-23
Madhya Pradesh,Badwani,Badwani,Cluster Beans,Vegetables,0.11,2400,2400,2400,26-Oct-23
Madhya Pradesh,Badwani,Badwani,Cluster Beans,Vegetables,0.13,2900,2900,2900,25-Oct-23
Madhya Pradesh,Badwani,Badwani,Cluster Beans,Vegetables,0.13,3100,3100,3100,24-Oct-23
Madhya Pradesh,Badwani,Badwani,Cluster Beans,Vegetables,0.14,2800,2800,2800,23-Oct-23
Madhya Pradesh,Badwani,Badwani,Cluster Beans,Vegetables,0.14,2800,2800,2800,22-Oct-23
Madhya Pradesh,Badwani,Badwani,Cluster Beans,Vegetables,0.06,3200,3200,3200,21-Oct-23
Madhya Pradesh,Badwani,Badwani,Cluster Beans,Vegetables,0.07,3200,3200,3200,19-Oct-23
Madhya Pradesh,Badwani,Badwani,Cluster Beans,Vegetables,0.09,3500,3500,3500,16-Oct-23
Madhya Pradesh,Badwani,Badwani,Cluster Beans,Vegetables,0.11,2300,2300,2300,03-Oct-23
Madhya Pradesh,Badwani,Badwani,Cluster Beans,Vegetables,0.1,1600,1600,1600,02-Oct-23
Madhya Pradesh,Badwani,Badwani,Cluster Beans,Vegetables,0.12,2500,2500,2500,01-Oct-23
Madhya Pradesh,Badwani,Badwani,Cluster Beans,Vegetables,0.08,2500,2500,2500,30-Sep-23
Madhya Pradesh,Badwani,Badwani,Cluster Beans,Vegetables,0.1,2300,2300,2300,27-Sep-23
Madhya Pradesh,Badwani,Badwani,Cluster Beans,Vegetables,0.11,2500,2500,2500,26-Sep-23
Madhya Pradesh,Badwani,Badwani,Cluster Beans,Vegetables,0.06,2500,2500,2500,24-Sep-23
Madhya Pradesh,Badwani,Badwani,Cluster Beans,Vegetables,0.14,1600,1600,1600,13-Sep-23
Madhya Pradesh,Badwani,Badwani,Cluster Beans,Vegetables,0.13,1700,1700,1700,12-Sep-23
Madhya Pradesh,Badwani,Badwani,Cluster Beans,Vegetables,0.13,1600,1600,1600,11-Sep-23
Madhya Pradesh,Badwani,Badwani,Cluster Beans,Vegetables,0.17,1400,1400,1400,10-Sep-23
Madhya Pradesh,Badwani,Badwani,Cluster Beans,Vegetables,0.12,2100,2100,2100,07-Sep-23
Madhya Pradesh,Badwani,Badwani,Cluster Beans,Vegetables,0.13,1350,1350,1350,06-Sep-23
Madhya Pradesh,Badwani,Badwani,Cluster Beans,Vegetables,0.11,1500,1500,1500,05-Sep-23
Madhya Pradesh,Badwani,Badwani,Cluster Beans,Vegetables,0.16,1300,1300,1300,03-Sep-23
Madhya Pradesh,Badwani,Badwani,Cluster Beans,Vegetables,0.12,1600,1600,1600,02-Sep-23
Madhya Pradesh,Badwani,Badwani,Cluster Beans,Vegetables,0.1,1800,1800,1800,01-Sep-23
Madhya Pradesh,Badwani,Badwani,Cluster Beans,Vegetables,0.08,2000,2000,2000,31-Aug-23
Madhya Pradesh,Badwani,Badwani,Cluster Beans,Vegetables,0.11,1600,1600,1600,29-Aug-23
Madhya Pradesh,Badwani,Badwani,Cluster Beans,Vegetables,0.11,1700,1700,1700,28-Aug-23
Madhya Pradesh,Badwani,Badwani,Cluster Beans,Vegetables,0.07,1900,1900,1900,26-Aug-23
Madhya Pradesh,Badwani,Badwani,Cluster Beans,Vegetables,0.1,1750,1750,1750,24-Aug-23
Madhya Pradesh,Badwani,Badwani,Cluster Beans,Vegetables,0.1,1800,1800,1800,23-Aug-23
Madhya Pradesh,Badwani,Badwani,Cluster Beans,Vegetables,0.1,1625,1625,1625,21-Aug-23
Madhya Pradesh,Badwani,Badwani,Cluster Beans,Vegetables,0.12,1400,1400,1400,20-Aug-23
Madhya Pradesh,Badwani,Badwani,Cluster Beans,Vegetables,0.11,1500,1500,1500,19-Aug-23
Madhya Pradesh,Badwani,Badwani,Cluster Beans,Vegetables,0.11,1600,1600,1600,18-Aug-23
Madhya Pradesh,Badwani,Badwani,Cluster Beans,Vegetables,0.11,1800,1800,1800,17-Aug-23
Madhya Pradesh,Badwani,Badwani,Cluster Beans,Vegetables,0.12,1400,1400,1400,15-Aug-23
Madhya Pradesh,Badwani,Badwani,Cluster Beans,Vegetables,0.11,1600,1600,1600,14-Aug-23
Madhya Pradesh,Badwani,Badwani,Cluster Beans,Vegetables,0.11,1600,1600,1600,10-Aug-23
Madhya Pradesh,Badwani,Badwani,Cluster Beans,Vegetables,0.11,1700,1700,1700,09-Aug-23
Madhya Pradesh,Badwani,Badwani,Cluster Beans,Vegetables,0.11,1700,1700,1700,08-Aug-23
Madhya Pradesh,Badwani,Badwani,Cluster Beans,Vegetables,0.1,1800,1800,1800,07-Aug-23
Madhya Pradesh,Badwani,Badwani,Cluster Beans,Vegetables,0.1,1500,1500,1500,06-Aug-23
Madhya Pradesh,Badwani,Badwani,Cluster Beans,Vegetables,0.12,1500,1500,1500,05-Aug-23
Madhya Pradesh,Badwani,Badwani,Cluster Beans,Vegetables,0.12,1500,1500,1500,02-Aug-23
Madhya Pradesh,Badwani,Badwani,Cluster Beans,Vegetables,0.1,1500,1500,1500,01-Aug-23
Madhya Pradesh,Badwani,Badwani,Cluster Beans,Vegetables,0.1,1700,1700,1700,31-Jul-23
Madhya Pradesh,Badwani,Badwani,Cluster Beans,Vegetables,0.11,1700,1700,1700,30-Jul-23
Madhya Pradesh,Badwani,Badwani,Cluster Beans,Vegetables,0.11,1400,1400,1400,29-Jul-23
Madhya Pradesh,Badwani,Badwani,Cluster Beans,Vegetables,0.1,1450,1450,1450,28-Jul-23
Madhya Pradesh,Badwani,Badwani,Cluster Beans,Vegetables,0.07,1800,1800,1800,27-Jul-23
Madhya Pradesh,Badwani,Badwani,Cluster Beans,Vegetables,0.07,1700,1700,1700,26-Jul-23
Madhya Pradesh,Badwani,Badwani,Cluster Beans,Vegetables,0.12,1500,1500,1500,25-Jul-23
Madhya Pradesh,Badwani,Badwani,Cluster Beans,Vegetables,0.09,1550,1550,1550,24-Jul-23
Madhya Pradesh,Badwani,Badwani,Cluster Beans,Vegetables,0.11,1700,1700,1700,23-Jul-23
Madhya Pradesh,Badwani,Badwani,Cluster Beans,Vegetables,0.1,1900,1900,1900,22-Jul-23
Madhya Pradesh,Badwani,Badwani,Cluster Beans,Vegetables,0.1,1800,1800,1800,21-Jul-23
Madhya Pradesh,Badwani,Badwani,Cluster Beans,Vegetables,0.08,1500,1500,1500,20-Jul-23
Madhya Pradesh,Badwani,Badwani,Cluster Beans,Vegetables,0.16,1550,1550,1550,18-Jul-23
Madhya Pradesh,Badwani,Badwani,Cluster Beans,Vegetables,0.09,1800,1800,1800,17-Jul-23
Madhya Pradesh,Badwani,Badwani,Cluster Beans,Vegetables,0.1,1600,1600,1600,16-Jul-23
Madhya Pradesh,Badwani,Badwani,Cluster Beans,Vegetables,0.1,1500,1500,1500,14-Jul-23
Madhya Pradesh,Badwani,Badwani,Cluster Beans,Vegetables,0.08,1800,1800,1800,13-Jul-23
Madhya Pradesh,Badwani,Badwani,Cluster Beans,Vegetables,0.09,1800,1800,1800,12-Jul-23
Madhya Pradesh,Badwani,Badwani,Cluster Beans,Vegetables,0.13,1300,1300,1300,09-Jul-23
Madhya Pradesh,Badwani,Badwani,Cluster Beans,Vegetables,0.09,1600,1600,1600,08-Jul-23
Madhya Pradesh,Badwani,Badwani,Cluster Beans,Vegetables,0.11,1500,1500,1500,05-Jul-23
Madhya Pradesh,Badwani,Badwani,Cluster Beans,Vegetables,0.1,1800,1800,1800,03-Jul-23
Madhya Pradesh,Badwani,Badwani,Cluster Beans,Vegetables,0.13,1600,1600,1600,02-Jul-23
Madhya Pradesh,Badwani,Badwani,Cluster Beans,Vegetables,0.06,1800,1800,1800,01-Jul-23
Madhya Pradesh,Badwani,Badwani,Cluster Beans,Vegetables,0.09,1900,1900,1900,30-Jun-23
Madhya Pradesh,Badwani,Badwani,Cluster Beans,Vegetables,0.09,1600,1600,1600,26-Jun-23
Madhya Pradesh,Badwani,Badwani,Cluster Beans,Vegetables,0.14,1400,1400,1400,25-Jun-23
Madhya Pradesh,Badwani,Badwani,Cluster Beans,Vegetables,0.12,2000,2000,2000,22-Jun-23
Madhya Pradesh,Badwani,Badwani,Cluster Beans,Vegetables,0.1,1600,1600,1600,17-Jun-23
Madhya Pradesh,Badwani,Badwani,Cluster Beans,Vegetables,0.1,2000,2000,2000,16-Jun-23
Madhya Pradesh,Badwani,Badwani,Cluster Beans,Vegetables,0.11,1600,1600,1600,15-Jun-23
Madhya Pradesh,Badwani,Badwani,Cluster Beans,Vegetables,0.08,1800,1800,1800,14-Jun-23
Madhya Pradesh,Badwani,Badwani,Cluster Beans,Vegetables,0.1,1800,1800,1800,13-Jun-23
Madhya Pradesh,Badwani,Badwani,Cluster Beans,Vegetables,0.11,1500,1500,1500,12-Jun-23
Madhya Pradesh,Badwani,Badwani,Cluster Beans,Vegetables,0.1,1500,1500,1500,06-Jun-23
Madhya Pradesh,Badwani,Badwani,Cluster Beans,Vegetables,0.17,1700,1700,1700,05-Jun-23
Madhya Pradesh,Badwani,Badwani,Cluster Beans,Vegetables,0.09,1700,1700,1700,03-Jun-23
Madhya Pradesh,Badwani,Badwani,Cluster Beans,Vegetables,0.09,1800,1800,1800,01-Jun-23
Madhya Pradesh,Badwani,Badwani,Cluster Beans,Vegetables,0.14,1500,1500,1500,31-May-23
Madhya Pradesh,Badwani,Badwani,Cluster Beans,Vegetables,0.12,1500,1500,1500,30-May-23
Madhya Pradesh,Badwani,Badwani,Cluster Beans,Vegetables,0.13,1500,1500,1500,28-May-23
Madhya Pradesh,Badwani,Badwani,Cluster Beans,Vegetables,0.11,1700,1700,1700,18-May-23
Madhya Pradesh,Badwani,Badwani,Cluster Beans,Vegetables,0.13,1300,1300,1300,17-May-23
Madhya Pradesh,Badwani,Badwani,Cluster Beans,Vegetables,0.13,1500,1500,1500,16-May-23
Madhya Pradesh,Badwani,Badwani,Cluster Beans,Vegetables,0.14,1650,1650,1650,07-May-23
Madhya Pradesh,Badwani,Badwani,Cluster Beans,Vegetables,0.13,1500,1500,1500,06-May-23
Madhya Pradesh,Badwani,Badwani,Cluster Beans,Vegetables,0.12,1800,1800,1800,04-May-23
Madhya Pradesh,Badwani,Badwani,Cluster Beans,Vegetables,0.12,1500,1500,1500,01-May-23
Madhya Pradesh,Badwani,Badwani,Cluster Beans,Vegetables,0.11,1500,1500,1500,30-Apr-23
Madhya Pradesh,Badwani,Badwani,Cluster Beans,Vegetables,0.08,2000,2000,2000,28-Apr-23
Madhya Pradesh,Badwani,Badwani,Cluster Beans,Vegetables,0.11,1800,1800,1800,25-Apr-23
Madhya Pradesh,Badwani,Badwani,Cluster Beans,Vegetables,0.11,1500,1500,1500,20-Apr-23
Madhya Pradesh,Badwani,Badwani,Cluster Beans,Vegetables,0.11,1600,1600,1600,17-Apr-23
Madhya Pradesh,Badwani,Badwani,Cluster Beans,Vegetables,0.13,1800,1800,1800,16-Apr-23
Madhya Pradesh,Badwani,Badwani,Cluster Beans,Vegetables,0.07,2000,2000,2000,15-Apr-23
Madhya Pradesh,Badwani,Badwani,Cluster Beans,Vegetables,0.11,1800,1800,1800,13-Apr-23
Madhya Pradesh,Badwani,Badwani,Cluster Beans,Vegetables,0.11,1700,1700,1700,09-Apr-23
Madhya Pradesh,Badwani,Badwani,Cluster Beans,Vegetables,0.11,2250,2250,2250,06-Apr-23
Madhya Pradesh,Badwani,Badwani,Cluster Beans,Vegetables,0.08,2500,2500,2500,03-Apr-23
Madhya Pradesh,Badwani,Badwani,Cluster Beans,Vegetables,0.04,2200,2200,2200,02-Jan-23
Madhya Pradesh,Badwani,Badwani,Cluster Beans,Vegetables,0.12,1300,1300,1300,28-Dec-22
Madhya Pradesh,Badwani,Badwani,Cluster Beans,Vegetables,0.04,2000,2000,2000,24-Dec-22
Madhya Pradesh,Badwani,Badwani,Cluster Beans,Vegetables,0.11,1700,1700,1700,18-Dec-22
Madhya Pradesh,Badwani,Badwani,Cluster Beans,Vegetables,0.13,1300,1300,1300,17-Dec-22
Madhya Pradesh,Badwani,Badwani,Cluster Beans,Vegetables,0.09,1600,1600,1600,16-Dec-22
Madhya Pradesh,Badwani,Badwani,Cluster Beans,Vegetables,0.08,1700,1700,1700,12-Dec-22
Madhya Pradesh,Badwani,Badwani,Cluster Beans,Vegetables,0.08,1500,1500,1500,07-Dec-22
Madhya Pradesh,Badwani,Badwani,Cluster Beans,Vegetables,0.09,1400,1400,1400,05-Dec-22
Madhya Pradesh,Badwani,Badwani,Cluster Beans,Vegetables,0.13,1200,1200,1200,04-Dec-22
Madhya Pradesh,Badwani,Badwani,Cluster Beans,Vegetables,0.09,1700,1700,1700,01-Dec-22
Madhya Pradesh,Badwani,Badwani,Cluster Beans,Vegetables,0.08,2000,2000,2000,27-Nov-22
Madhya Pradesh,Badwani,Badwani,Cluster Beans,Vegetables,0.07,1800,1800,1800,26-Nov-22
Madhya Pradesh,Badwani,Badwani,Cluster Beans,Vegetables,0.11,1225,1225,1225,25-Nov-22
Madhya Pradesh,Badwani,Badwani,Cluster Beans,Vegetables,0.12,1500,1500,1500,23-Nov-22
Madhya Pradesh,Badwani,Badwani,Cluster Beans,Vegetables,0.16,1300,1300,1300,20-Nov-22
Madhya Pradesh,Badwani,Badwani,Cluster Beans,Vegetables,0.14,1200,1200,1200,18-Nov-22
Madhya Pradesh,Badwani,Badwani,Cluster Beans,Vegetables,0.13,1000,1000,1000,17-Nov-22
Madhya Pradesh,Badwani,Badwani,Cluster Beans,Vegetables,0.13,1000,1000,1000,16-Nov-22
Madhya Pradesh,Badwani,Badwani,Cluster Beans,Vegetables,0.13,1250,1250,1250,15-Nov-22
Madhya Pradesh,Badwani,Badwani,Cluster Beans,Vegetables,0.13,1300,1300,1300,14-Nov-22
Madhya Pradesh,Badwani,Badwani,Cluster Beans,Vegetables,0.15,1300,1300,1300,13-Nov-22
Madhya Pradesh,Badwani,Badwani,Cluster Beans,Vegetables,0.08,1550,1550,1550,12-Nov-22
Madhya Pradesh,Badwani,Badwani,Cluster Beans,Vegetables,0.13,1320,1320,1320,11-Nov-22
Madhya Pradesh,Badwani,Badwani,Cluster Beans,Vegetables,0.11,1400,1400,1400,10-Nov-22
Madhya Pradesh,Badwani,Badwani,Cluster Beans,Vegetables,0.09,1500,1500,1500,09-Nov-22
Madhya Pradesh,Badwani,Badwani,Cluster Beans,Vegetables,0.15,1500,1500,1500,08-Nov-22
Madhya Pradesh,Badwani,Badwani,Cluster Beans,Vegetables,0.13,1500,1500,1500,07-Nov-22
Madhya Pradesh,Badwani,Badwani,Cluster Beans,Vegetables,0.11,1600,1600,1600,06-Nov-22
Madhya Pradesh,Badwani,Badwani,Cluster Beans,Vegetables,0.08,1800,1800,1800,05-Nov-22
Madhya Pradesh,Badwani,Badwani,Cluster Beans,Vegetables,0.11,1650,1650,1650,03-Nov-22
Madhya Pradesh,Badwani,Badwani,Cluster Beans,Vegetables,0.06,2100,2100,2100,02-Nov-22
Madhya Pradesh,Badwani,Badwani,Cluster Beans,Vegetables,0.06,2800,2800,2800,31-Oct-22
Madhya Pradesh,Badwani,Badwani,Cluster Beans,Vegetables,0.08,3100,3100,3100,30-Oct-22
Madhya Pradesh,Badwani,Badwani,Cluster Beans,Vegetables,0.04,2500,2500,2500,28-Oct-22
Madhya Pradesh,Badwani,Badwani,Cluster Beans,Vegetables,0.05,2350,2350,2350,06-Oct-22
Madhya Pradesh,Badwani,Badwani,Cluster Beans,Vegetables,0.05,2450,2450,2450,03-Oct-22
Madhya Pradesh,Badwani,Badwani,Cluster Beans,Vegetables,0.04,2500,2500,2500,28-Sep-22
Madhya Pradesh,Badwani,Badwani,Cluster Beans,Vegetables,0.06,2225,2225,2225,27-Sep-22
Madhya Pradesh,Badwani,Badwani,Cluster Beans,Vegetables,0.06,2650,2650,2650,25-Sep-22
Madhya Pradesh,Badwani,Badwani,Cluster Beans,Vegetables,0.04,2800,2800,2800,23-Sep-22
Madhya Pradesh,Badwani,Badwani,Cluster Beans,Vegetables,0.06,1900,1900,1900,13-Sep-22
Madhya Pradesh,Badwani,Badwani,Cluster Beans,Vegetables,0.08,2200,2200,2200,12-Sep-22
Madhya Pradesh,Badwani,Badwani,Cluster Beans,Vegetables,0.06,2300,2300,2300,05-Sep-22
Madhya Pradesh,Badwani,Badwani,Cluster Beans,Vegetables,0.07,2500,2500,2500,04-Sep-22
Madhya Pradesh,Badwani,Badwani,Cluster Beans,Vegetables,0.04,3000,3000,3000,03-Sep-22
Madhya Pradesh,Badwani,Badwani,Cluster Beans,Vegetables,0.11,2400,2800,2400,02-Sep-22
Madhya Pradesh,Badwani,Badwani,Cluster Beans,Vegetables,0.04,2800,2800,2800,01-Sep-22
Madhya Pradesh,Badwani,Badwani,Cluster Beans,Vegetables,0.04,2400,2400,2400,29-Aug-22
Madhya Pradesh,Badwani,Badwani,Cluster Beans,Vegetables,0.03,2450,2450,2450,28-Aug-22
Madhya Pradesh,Badwani,Badwani,Cluster Beans,Vegetables,0.06,1650,1650,1650,18-Aug-22
Madhya Pradesh,Badwani,Badwani,Cluster Beans,Vegetables,0.09,1800,1800,1800,16-Aug-22
Madhya Pradesh,Badwani,Badwani,Cluster Beans,Vegetables,0.08,2000,2000,2000,14-Aug-22
Madhya Pradesh,Badwani,Badwani,Cluster Beans,Vegetables,0.05,2100,2100,2100,13-Aug-22
Madhya Pradesh,Badwani,Badwani,Cluster Beans,Vegetables,0.06,2000,2000,2000,07-Aug-22
Madhya Pradesh,Badwani,Badwani,Cluster Beans,Vegetables,0.05,2100,2100,2100,29-Jul-22
Madhya Pradesh,Badwani,Badwani,Cluster Beans,Vegetables,0.04,1850,1850,1850,28-Jul-22
Madhya Pradesh,Badwani,Badwani,Cluster Beans,Vegetables,0.11,2100,2100,2100,14-Jul-22
Madhya Pradesh,Badwani,Badwani,Cluster Beans,Vegetables,0.08,2500,2500,2500,13-Jul-22
Madhya Pradesh,Badwani,Badwani,Cluster Beans,Vegetables,0.06,2800,2800,2800,12-Jul-22
Madhya Pradesh,Badwani,Badwani,Cluster Beans,Vegetables,0.06,2300,2300,2300,30-Jun-22
Madhya Pradesh,Badwani,Badwani,Cluster Beans,Vegetables,0.16,1300,1300,1300,19-Jun-22
Madhya Pradesh,Badwani,Badwani,Cluster Beans,Vegetables,0.12,1250,1250,1250,15-Jun-22
Madhya Pradesh,Badwani,Badwani,Cluster Beans,Vegetables,0.11,1500,1500,1500,14-Jun-22
Madhya Pradesh,Badwani,Badwani,Cluster Beans,Vegetables,0.18,1300,1300,1300,12-Jun-22
Madhya Pradesh,Badwani,Badwani,Cluster Beans,Vegetables,0.12,1600,1600,1600,10-Jun-22
Madhya Pradesh,Badwani,Badwani,Cluster Beans,Vegetables,0.11,1500,1500,1500,09-Jun-22
Madhya Pradesh,Badwani,Badwani,Cluster Beans,Vegetables,0.14,2500,2500,2500,05-Jun-22
Madhya Pradesh,Badwani,Badwani,Cluster Beans,Vegetables,0.13,1325,1325,1325,03-Jun-22
Madhya Pradesh,Badwani,Badwani,Cluster Beans,Vegetables,0.11,1325,1325,1325,28-May-22
Madhya Pradesh,Badwani,Badwani,Cluster Beans,Vegetables,0.16,1000,1000,1000,26-May-22
Madhya Pradesh,Badwani,Badwani,Cluster Beans,Vegetables,0.13,1000,1000,1000,23-May-22
Madhya Pradesh,Badwani,Badwani,Cluster Beans,Vegetables,0.24,1150,1150,1150,22-May-22
Madhya Pradesh,Badwani,Badwani,Cluster Beans,Vegetables,0.15,1200,1200,1200,21-May-22
Madhya Pradesh,Badwani,Badwani,Cluster Beans,Vegetables,0.15,1200,1200,1200,20-May-22
Madhya Pradesh,Badwani,Badwani,Cluster Beans,Vegetables,0.2,1000,1000,1000,19-May-22
Madhya Pradesh,Badwani,Badwani,Cluster Beans,Vegetables,0.14,1100,1100,1100,18-May-22
Madhya Pradesh,Badwani,Badwani,Cluster Beans,Vegetables,0.18,1000,1000,1000,17-May-22
Madhya Pradesh,Badwani,Badwani,Cluster Beans,Vegetables,0.22,1000,1000,1000,16-May-22
Madhya Pradesh,Badwani,Badwani,Cluster Beans,Vegetables,0.22,1000,1000,1000,15-May-22
Madhya Pradesh,Badwani,Badwani,Cluster Beans,Vegetables,0.16,1000,1000,1000,14-May-22
Madhya Pradesh,Badwani,Badwani,Cluster Beans,Vegetables,0.23,1000,1000,1000,13-May-22
Madhya Pradesh,Badwani,Badwani,Cluster Beans,Vegetables,0.18,1250,1250,1250,12-May-22
Madhya Pradesh,Badwani,Badwani,Cluster Beans,Vegetables,0.2,1200,1200,1200,11-May-22
Madhya Pradesh,Badwani,Badwani,Cluster Beans,Vegetables,0.16,1300,1300,1300,10-May-22
Madhya Pradesh,Badwani,Badwani,Cluster Beans,Vegetables,0.21,1200,1200,1200,09-May-22
Madhya Pradesh,Badwani,Badwani,Cluster Beans,Vegetables,0.11,1500,1500,1500,07-May-22
Madhya Pradesh,Badwani,Badwani,Cluster Beans,Vegetables,0.14,1200,1200,1200,06-May-22
Madhya Pradesh,Badwani,Badwani,Cluster Beans,Vegetables,0.21,1200,1200,1200,01-May-22
Madhya Pradesh,Badwani,Badwani,Cluster Beans,Vegetables,0.14,1300,1300,1300,28-Apr-22
Madhya Pradesh,Badwani,Badwani,Cluster Beans,Vegetables,0.11,1500,1500,1500,27-Apr-22
Madhya Pradesh,Badwani,Badwani,Cluster Beans,Vegetables,0.13,1200,1200,1200,25-Apr-22
Madhya Pradesh,Badwani,Badwani,Cluster Beans,Vegetables,0.21,1300,1300,1300,24-Apr-22
Madhya Pradesh,Badwani,Badwani,Cluster Beans,Vegetables,0.15,1200,1200,1200,23-Apr-22
Madhya Pradesh,Badwani,Badwani,Cluster Beans,Vegetables,0.15,1200,1200,1200,22-Apr-22
Madhya Pradesh,Badwani,Badwani,Cluster Beans,Vegetables,0.16,2200,2200,2200,21-Apr-22
Madhya Pradesh,Badwani,Badwani,Cluster Beans,Vegetables,0.14,1250,1250,1250,20-Apr-22
Madhya Pradesh,Badwani,Badwani,Cluster Beans,Vegetables,0.2,1325,1325,1325,17-Apr-22
Madhya Pradesh,Badwani,Badwani,Cluster Beans,Vegetables,0.12,1300,1300,1300,16-Apr-22
Madhya Pradesh,Badwani,Badwani,Cluster Beans,Vegetables,0.11,1575,1575,1575,15-Apr-22
Madhya Pradesh,Badwani,Badwani,Cluster Beans,Vegetables,0.13,2000,2000,2000,14-Apr-22
Madhya Pradesh,Badwani,Badwani,Cluster Beans,Vegetables,0.11,2000,2000,2000,13-Apr-22
Madhya Pradesh,Badwani,Badwani,Cluster Beans,Vegetables,0.13,2200,2200,2200,12-Apr-22
Madhya Pradesh,Badwani,Badwani,Cluster Beans,Vegetables,0.1,2800,2800,2800,11-Apr-22
Madhya Pradesh,Badwani,Badwani,Cluster Beans,Vegetables,0.11,2400,2400,2400,10-Apr-22
Madhya Pradesh,Badwani,Badwani,Cluster Beans,Vegetables,0.1,2800,2800,2800,08-Apr-22
Madhya Pradesh,Badwani,Badwani,Cluster Beans,Vegetables,0.09,2800,2800,2800,07-Apr-22
Madhya Pradesh,Badwani,Badwani,Cluster Beans,Vegetables,0.1,3000,3000,3000,06-Apr-22
Madhya Pradesh,Badwani,Badwani,Cluster Beans,Vegetables,0.08,2500,2500,2500,05-Apr-22
Madhya Pradesh,Badwani,Badwani,Cluster Beans,Vegetables,0.09,3000,3000,3000,04-Apr-22
Madhya Pradesh,Badwani,Badwani,Cluster Beans,Vegetables,0.1,3500,3500,3500,03-Apr-22
Madhya Pradesh,Badwani,Badwani,Cluster Beans,Vegetables,0.06,2000,2000,2000,30-Mar-22
Madhya Pradesh,Badwani,Badwani,Cluster Beans,Vegetables,0.06,2000,2000,2000,29-Mar-22
Madhya Pradesh,Bhopal,Bhopal(F&V),Cluster Beans,Vegetables,2,600,1000,800,27-Jul-21
Madhya Pradesh,Bhopal,Bhopal(F&V),Cluster Beans,Vegetables,2,600,800,700,21-Jul-21
Madhya Pradesh,Chhindwara,Chhindwara(F&V),Cluster Beans,Vegetables,0.1,1500,1500,1500,28-Jul-23
Madhya Pradesh,Chhindwara,Chhindwara(F&V),Cluster Beans,Vegetables,0.1,1550,1550,1550,11-Jul-23
Madhya Pradesh,Chhindwara,Chhindwara(F&V),Cluster Beans,Vegetables,0.4,1400,1600,1500,04-Jul-23
Madhya Pradesh,Chhindwara,Chhindwara(F&V),Cluster Beans,Vegetables,0.2,1100,1300,1200,02-Jul-23
Madhya Pradesh,Chhindwara,Chhindwara(F&V),Cluster Beans,Vegetables,0.8,1100,1300,1200,01-Jul-23
Madhya Pradesh,Chhindwara,Chhindwara(F&V),Cluster Beans,Vegetables,0.7,800,1000,900,30-Jun-23
Madhya Pradesh,Chhindwara,Chhindwara(F&V),Cluster Beans,Vegetables,0.2,1700,1900,1800,28-Jun-23
Madhya Pradesh,Chhindwara,Chhindwara(F&V),Cluster Beans,Vegetables,0.4,1100,1300,1150,24-Jun-23
Madhya Pradesh,Chhindwara,Chhindwara(F&V),Cluster Beans,Vegetables,0.4,1000,1200,1100,20-Jun-23
Madhya Pradesh,Chhindwara,Chhindwara(F&V),Cluster Beans,Vegetables,0.4,900,1100,1000,08-Jun-23
Madhya Pradesh,Chhindwara,Chhindwara(F&V),Cluster Beans,Vegetables,0.4,1400,1600,1500,24-Apr-19
Madhya Pradesh,Chhindwara,Chhindwara(F&V),Cluster Beans,Vegetables,3,1000,1200,1100,22-Apr-19
Madhya Pradesh,Narsinghpur,Gadarwada,Cluster Beans,Vegetables,0.1,2000,2000,2000,24-Jun-19
Madhya Pradesh,Narsinghpur,Gadarwada,Cluster Beans,Vegetables,0.1,2000,2000,2000,23-Jun-19
Madhya Pradesh,Narsinghpur,Gadarwada,Cluster Beans,Vegetables,0.1,2000,2000,2000,22-Jun-19
Madhya Pradesh,Narsinghpur,Gadarwada,Cluster Beans,Vegetables,0.1,2000,2000,2000,20-Jun-19
Madhya Pradesh,Narsinghpur,Gadarwada,Cluster Beans,Vegetables,0.1,2000,2000,2000,19-Jun-19
Madhya Pradesh,Narsinghpur,Gadarwada,Cluster Beans,Vegetables,0.2,800,1200,1000,07-Jun-19
Madhya Pradesh,Narsinghpur,Gadarwada,Cluster Beans,Vegetables,0.3,1200,1400,1300,06-Jun-19
Madhya Pradesh,Hoshangabad,Hoshangabad,Cluster Beans,Vegetables,0.6,580,960,790,26-Jan-22
Madhya Pradesh,Jhabua,Jhabua,Cluster Beans,Vegetables,0.5,2000,2000,2000,27-Jul-20
Madhya Pradesh,Jhabua,Jhabua,Cluster Beans,Vegetables,0.8,600,600,600,11-Aug-19
Madhya Pradesh,Jhabua,Jhabua,Cluster Beans,Vegetables,0.5,600,600,600,10-Aug-19
Madhya Pradesh,Jhabua,Jhabua,Cluster Beans,Vegetables,0.9,600,700,650,07-Aug-19
Madhya Pradesh,Jhabua,Jhabua,Cluster Beans,Vegetables,0.3,600,700,650,03-Aug-19
Madhya Pradesh,Jhabua,Jhabua,Cluster Beans,Vegetables,0.4,400,500,450,24-Jul-19
Madhya Pradesh,Jhabua,Jhabua,Cluster Beans,Vegetables,0.6,400,700,550,11-Jul-19
Madhya Pradesh,Jhabua,Jhabua,Cluster Beans,Vegetables,0.7,500,600,550,10-Jul-19
Madhya Pradesh,Jhabua,Jhabua,Cluster Beans,Vegetables,1.4,300,500,400,06-Jul-19
Madhya Pradesh,Jhabua,Jhabua,Cluster Beans,Vegetables,0.8,300,700,500,05-Jul-19
Madhya Pradesh,Jhabua,Jhabua,Cluster Beans,Vegetables,0.4,600,700,650,04-Jul-19
Madhya Pradesh,Jhabua,Jhabua,Cluster Beans,Vegetables,0.5,400,700,550,03-Jul-19
Madhya Pradesh,Jhabua,Jhabua,Cluster Beans,Vegetables,0.8,500,600,550,01-Jul-19
Madhya Pradesh,Jhabua,Jhabua,Cluster Beans,Vegetables,1.2,400,700,550,29-Jun-19
Madhya Pradesh,Jhabua,Jhabua,Cluster Beans,Vegetables,0.9,500,900,750,28-Jun-19
Madhya Pradesh,Jhabua,Jhabua,Cluster Beans,Vegetables,1.7,600,800,700,27-Jun-19
Madhya Pradesh,Jhabua,Jhabua,Cluster Beans,Vegetables,1.1,500,900,700,26-Jun-19
Madhya Pradesh,Jhabua,Jhabua,Cluster Beans,Vegetables,1,600,900,750,24-Jun-19
Madhya Pradesh,Jhabua,Jhabua,Cluster Beans,Vegetables,0.8,400,700,550,23-Jun-19
Madhya Pradesh,Jhabua,Jhabua,Cluster Beans,Vegetables,0.7,500,800,650,22-Jun-19
Madhya Pradesh,Jhabua,Jhabua,Cluster Beans,Vegetables,0.6,600,700,650,19-Jun-19
Madhya Pradesh,Jhabua,Jhabua,Cluster Beans,Vegetables,0.6,400,700,550,14-Jun-19
Madhya Pradesh,Jhabua,Jhabua,Cluster Beans,Vegetables,0.8,500,600,550,12-Jun-19
Madhya Pradesh,Jhabua,Jhabua,Cluster Beans,Vegetables,0.3,400,800,600,09-Jun-19
Madhya Pradesh,Jhabua,Jhabua,Cluster Beans,Vegetables,0.5,400,700,550,08-Jun-19
Madhya Pradesh,Jhabua,Jhabua,Cluster Beans,Vegetables,0.4,500,800,650,07-Jun-19
Madhya Pradesh,Jhabua,Jhabua,Cluster Beans,Vegetables,0.2,700,800,750,06-Jun-19
Madhya Pradesh,Jhabua,Jhabua,Cluster Beans,Vegetables,0.1,1200,1200,1200,03-Jun-19
Madhya Pradesh,Jhabua,Jhabua,Cluster Beans,Vegetables,0.1,1100,1100,1100,31-May-19
Madhya Pradesh,Jhabua,Jhabua,Cluster Beans,Vegetables,0.4,1000,1100,1050,30-May-19
Madhya Pradesh,Jhabua,Jhabua,Cluster Beans,Vegetables,0.1,900,900,900,29-May-19
Madhya Pradesh,Jhabua,Jhabua,Cluster Beans,Vegetables,0.2,800,800,800,28-May-19
Madhya Pradesh,Jhabua,Jhabua,Cluster Beans,Vegetables,0.1,1000,1000,1000,27-May-19
Madhya Pradesh,Jhabua,Jhabua,Cluster Beans,Vegetables,0.1,1700,1700,1700,12-Jun-18
Madhya Pradesh,Jhabua,Jhabua,Cluster Beans,Vegetables,0.6,900,1200,1100,10-Jun-18
Madhya Pradesh,Jhabua,Jhabua,Cluster Beans,Vegetables,0.5,600,600,600,09-Jun-18
Madhya Pradesh,Jhabua,Jhabua,Cluster Beans,Vegetables,0.4,700,900,800,08-Jun-18
Madhya Pradesh,Jhabua,Jhabua,Cluster Beans,Vegetables,0.5,1800,2000,1900,03-Jun-18
Madhya Pradesh,Katni,Katni(F&V),Other,Vegetables,0.3,2000,2000,2000,19-Dec-23
Madhya Pradesh,Katni,Katni(F&V),Other,Vegetables,0.3,1500,1500,1500,17-Dec-23
Madhya Pradesh,Katni,Katni(F&V),Other,Vegetables,1.25,1500,3000,3000,15-Dec-23
Madhya Pradesh,Katni,Katni(F&V),Other,Vegetables,0.5,1000,1000,1000,13-Dec-23
Madhya Pradesh,Katni,Katni(F&V),Other,Vegetables,0.06,2000,2000,2000,12-Nov-23
Madhya Pradesh,Katni,Katni(F&V),Other,Vegetables,0.03,4000,4000,4000,11-Nov-23
Madhya Pradesh,Katni,Katni(F&V),Other,Vegetables,0.06,2000,2000,2000,10-Nov-23
Madhya Pradesh,Katni,Katni(F&V),Other,Vegetables,0.86,1000,2000,1500,09-Nov-23
Madhya Pradesh,Katni,Katni(F&V),Other,Vegetables,0.06,2000,2000,2000,07-Nov-23
Madhya Pradesh,Katni,Katni(F&V),Other,Vegetables,0.08,2000,2000,2000,04-Nov-23
Madhya Pradesh,Katni,Katni(F&V),Cluster Beans,Vegetables,0.46,1500,2000,1500,02-Nov-23
Madhya Pradesh,Katni,Katni(F&V),Other,Vegetables,0.04,2000,2000,2000,01-Nov-23
Madhya Pradesh,Katni,Katni(F&V),Other,Vegetables,0.05,2500,2500,2500,29-Oct-23
Madhya Pradesh,Katni,Katni(F&V),Other,Vegetables,0.05,2500,2500,2500,28-Oct-23
Madhya Pradesh,Katni,Katni(F&V),Other,Vegetables,0.6,1500,2000,1500,27-Oct-23
Madhya Pradesh,Katni,Katni(F&V),Other,Vegetables,0.04,2000,2000,2000,20-Oct-23
Madhya Pradesh,Katni,Katni(F&V),Other,Vegetables,0.2,2000,2000,2000,19-Oct-23
Madhya Pradesh,Katni,Katni(F&V),Other,Vegetables,0.1,1000,1000,1000,26-Sep-23
Madhya Pradesh,Katni,Katni(F&V),Other,Vegetables,0.1,2000,2000,2000,15-Sep-23
Madhya Pradesh,Katni,Katni(F&V),Other,Vegetables,0.15,1000,2000,1000,07-Sep-23
Madhya Pradesh,Katni,Katni(F&V),Other,Vegetables,0.2,1200,1200,1200,06-Sep-23
Madhya Pradesh,Katni,Katni(F&V),Other,Vegetables,0.1,1800,1800,1800,02-Sep-23
Madhya Pradesh,Katni,Katni(F&V),Other,Vegetables,0.1,1600,1600,1600,29-Aug-23
Madhya Pradesh,Katni,Katni(F&V),Other,Vegetables,0.05,4000,4000,4000,25-Aug-23
Madhya Pradesh,Katni,Katni(F&V),Other,Vegetables,0.12,1000,1000,1000,24-Aug-23
Madhya Pradesh,Katni,Katni(F&V),Other,Vegetables,0.15,2500,2500,2500,21-Aug-23
Madhya Pradesh,Katni,Katni(F&V),Other,Vegetables,0.05,1000,1000,1000,20-Aug-23
Madhya Pradesh,Katni,Katni(F&V),Other,Vegetables,0.05,2000,2000,2000,19-Aug-23
Madhya Pradesh,Katni,Katni(F&V),Other,Vegetables,0.05,2000,2000,2000,18-Aug-23
Madhya Pradesh,Katni,Katni(F&V),Other,Vegetables,0.1,1000,1000,1000,16-Aug-23
Madhya Pradesh,Katni,Katni(F&V),Other,Vegetables,0.1,1000,1000,1000,15-Aug-23
Madhya Pradesh,Katni,Katni(F&V),Other,Vegetables,0.2,2500,2700,2700,14-Aug-23
Madhya Pradesh,Katni,Katni(F&V),Other,Vegetables,0.3,1500,2700,2500,13-Aug-23
Madhya Pradesh,Katni,Katni(F&V),Other,Vegetables,0.2,2500,2700,2500,12-Aug-23
Madhya Pradesh,Katni,Katni(F&V),Other,Vegetables,0.1,1000,1000,1000,11-Aug-23
Madhya Pradesh,Katni,Katni(F&V),Other,Vegetables,0.1,1500,1500,1500,10-Aug-23
Madhya Pradesh,Katni,Katni(F&V),Other,Vegetables,0.1,1500,1500,1500,09-Aug-23
Madhya Pradesh,Katni,Katni(F&V),Other,Vegetables,0.1,1000,3000,3000,07-Aug-23
Madhya Pradesh,Katni,Katni(F&V),Other,Vegetables,0.1,1000,1000,1000,26-Jul-23
Madhya Pradesh,Katni,Katni(F&V),Other,Vegetables,0.1,1800,1800,1800,23-Jul-23
Madhya Pradesh,Katni,Katni(F&V),Other,Vegetables,0.1,2000,2000,2000,22-Jul-23
Madhya Pradesh,Katni,Katni(F&V),Other,Vegetables,0.1,1800,1800,1800,18-Jul-23
Madhya Pradesh,Katni,Katni(F&V),Other,Vegetables,0.1,3000,3000,3000,16-Jul-23
Madhya Pradesh,Katni,Katni(F&V),Other,Vegetables,1,2000,2000,2000,14-Jul-23
Madhya Pradesh,Katni,Katni(F&V),Other,Vegetables,1,1000,1000,1000,13-Jul-23
Madhya Pradesh,Katni,Katni(F&V),Other,Vegetables,1.5,1500,2500,1500,11-Jul-23
Madhya Pradesh,Katni,Katni(F&V),Other,Vegetables,1,1800,1800,1800,10-Jul-23
Madhya Pradesh,Katni,Katni(F&V),Other,Vegetables,2,1500,1500,1500,09-Jul-23
Madhya Pradesh,Katni,Katni(F&V),Other,Vegetables,0.5,2000,2500,2500,04-Jul-23
Madhya Pradesh,Katni,Katni(F&V),Other,Vegetables,0.5,3000,3000,3000,02-Jul-23
Madhya Pradesh,Khargone,Khargone,Cluster Beans,Vegetables,0.2,800,2200,1500,14-Dec-23
Madhya Pradesh,Khargone,Khargone,Cluster Beans,Vegetables,0.2,800,2500,2000,13-Dec-23
Madhya Pradesh,Khargone,Khargone,Cluster Beans,Vegetables,0.3,800,2200,1500,12-Dec-23
Madhya Pradesh,Khargone,Khargone,Cluster Beans,Vegetables,0.2,800,2500,2000,11-Dec-23
Madhya Pradesh,Khargone,Khargone,Cluster Beans,Vegetables,0.4,800,2500,2000,09-Dec-23
Madhya Pradesh,Khargone,Khargone,Cluster Beans,Vegetables,0.5,800,3000,2500,08-Dec-23
Madhya Pradesh,Khargone,Khargone,Cluster Beans,Vegetables,0.5,800,2000,1500,07-Dec-23
Madhya Pradesh,Khargone,Khargone,Cluster Beans,Vegetables,0.4,800,2200,1500,06-Dec-23
Madhya Pradesh,Khargone,Khargone,Cluster Beans,Vegetables,0.5,800,2500,1500,05-Dec-23
Madhya Pradesh,Khargone,Khargone,Cluster Beans,Vegetables,0.6,800,2000,1500,04-Dec-23
Madhya Pradesh,Khargone,Khargone,Cluster Beans,Vegetables,0.6,800,2200,1500,01-Dec-23
Madhya Pradesh,Khargone,Khargone,Cluster Beans,Vegetables,0.5,800,2000,1200,30-Nov-23
Madhya Pradesh,Khargone,Khargone,Cluster Beans,Vegetables,0.5,800,2000,1500,29-Nov-23
Madhya Pradesh,Khargone,Khargone,Cluster Beans,Vegetables,0.6,800,2200,1800,28-Nov-23
Madhya Pradesh,Khargone,Khargone,Cluster Beans,Vegetables,0.3,800,2500,2000,27-Nov-23
Madhya Pradesh,Khargone,Khargone,Cluster Beans,Vegetables,0.3,800,1500,1200,24-Nov-23
Madhya Pradesh,Khargone,Khargone,Cluster Beans,Vegetables,0.5,800,1500,1000,23-Nov-23
Madhya Pradesh,Khargone,Khargone,Cluster Beans,Vegetables,0.4,800,1500,1000,22-Nov-23
Madhya Pradesh,Khargone,Khargone,Cluster Beans,Vegetables,0.5,800,1500,1200,21-Nov-23
Madhya Pradesh,Khargone,Khargone,Cluster Beans,Vegetables,0.3,800,1500,1200,20-Nov-23
Madhya Pradesh,Khargone,Khargone,Cluster Beans,Vegetables,0.4,800,1500,1200,18-Nov-23
Madhya Pradesh,Khargone,Khargone,Cluster Beans,Vegetables,0.3,800,1200,1000,10-Nov-23
Madhya Pradesh,Khargone,Khargone,Cluster Beans,Vegetables,0.5,800,1500,1200,09-Nov-23
Madhya Pradesh,Khargone,Khargone,Cluster Beans,Vegetables,0.4,800,1800,1500,08-Nov-23
Madhya Pradesh,Khargone,Khargone,Cluster Beans,Vegetables,0.5,800,2000,1200,07-Nov-23
Madhya Pradesh,Khargone,Khargone,Cluster Beans,Vegetables,0.5,800,2000,1500,06-Nov-23
Madhya Pradesh,Khargone,Khargone,Cluster Beans,Vegetables,0.5,800,2000,1200,05-Nov-23
Madhya Pradesh,Khargone,Khargone,Cluster Beans,Vegetables,0.4,800,2000,1500,04-Nov-23
Madhya Pradesh,Khargone,Khargone,Cluster Beans,Vegetables,0.4,800,2200,1500,03-Nov-23
Madhya Pradesh,Khargone,Khargone,Cluster Beans,Vegetables,0.5,800,2000,1500,02-Nov-23
Madhya Pradesh,Khargone,Khargone,Cluster Beans,Vegetables,0.4,600,2000,1500,01-Nov-23
Madhya Pradesh,Khargone,Khargone,Cluster Beans,Vegetables,0.3,800,2000,1500,31-Oct-23
Madhya Pradesh,Khargone,Khargone,Cluster Beans,Vegetables,0.4,800,1800,1200,30-Oct-23
Madhya Pradesh,Khargone,Khargone,Cluster Beans,Vegetables,0.5,800,2000,1500,29-Oct-23
Madhya Pradesh,Khargone,Khargone,Cluster Beans,Vegetables,0.5,800,2000,1500,28-Oct-23
Madhya Pradesh,Khargone,Khargone,Cluster Beans,Vegetables,0.3,800,1500,1200,27-Oct-23
Madhya Pradesh,Khargone,Khargone,Cluster Beans,Vegetables,0.5,800,2000,1500,26-Oct-23
Madhya Pradesh,Khargone,Khargone,Cluster Beans,Vegetables,0.2,800,2500,1000,17-Oct-23
Madhya Pradesh,Khargone,Khargone,Cluster Beans,Vegetables,0.4,1000,2500,1200,16-Oct-23
Madhya Pradesh,Khargone,Khargone,Cluster Beans,Vegetables,0.2,1000,2000,1500,14-Oct-23
Madhya Pradesh,Khargone,Khargone,Cluster Beans,Vegetables,0.2,1000,3500,1500,13-Oct-23
Madhya Pradesh,Khargone,Khargone,Cluster Beans,Vegetables,0.5,1000,3000,1500,12-Oct-23
Madhya Pradesh,Khargone,Khargone,Cluster Beans,Vegetables,0.9,800,2000,1000,09-Oct-23
Madhya Pradesh,Khargone,Khargone,Cluster Beans,Vegetables,0.6,800,2000,1500,06-Oct-23
Madhya Pradesh,Khargone,Khargone,Cluster Beans,Vegetables,0.9,800,2000,1000,05-Oct-23
Madhya Pradesh,Khargone,Khargone,Cluster Beans,Vegetables,1.8,800,2000,1000,04-Oct-23
Madhya Pradesh,Khargone,Khargone,Cluster Beans,Vegetables,0.7,1000,3000,1500,03-Oct-23
Madhya Pradesh,Khargone,Khargone,Cluster Beans,Vegetables,0.8,800,1000,900,25-Sep-23
Madhya Pradesh,Khargone,Khargone,Cluster Beans,Vegetables,0.5,1000,2000,1500,24-Sep-23
Madhya Pradesh,Khargone,Khargone,Cluster Beans,Vegetables,0.5,500,1000,800,23-Sep-23
Madhya Pradesh,Khargone,Khargone,Cluster Beans,Vegetables,0.5,800,1000,900,14-Sep-23
Madhya Pradesh,Khargone,Khargone,Cluster Beans,Vegetables,0.5,500,1000,600,13-Sep-23
Madhya Pradesh,Khargone,Khargone,Cluster Beans,Vegetables,0.8,800,1000,900,11-Sep-23
Madhya Pradesh,Khargone,Khargone,Cluster Beans,Vegetables,1,500,1200,600,10-Sep-23
Madhya Pradesh,Khargone,Khargone,Cluster Beans,Vegetables,1,500,1200,600,07-Sep-23
Madhya Pradesh,Khargone,Khargone,Cluster Beans,Vegetables,0.5,500,1000,800,06-Sep-23
Madhya Pradesh,Khargone,Khargone,Cluster Beans,Vegetables,0.5,800,1000,900,05-Sep-23
Madhya Pradesh,Khargone,Khargone,Cluster Beans,Vegetables,0.8,800,1000,900,04-Sep-23
Madhya Pradesh,Khargone,Khargone,Cluster Beans,Vegetables,0.5,500,1000,600,03-Sep-23
Madhya Pradesh,Khargone,Khargone,Cluster Beans,Vegetables,0.5,500,1000,600,30-Aug-23
Madhya Pradesh,Khargone,Khargone,Cluster Beans,Vegetables,0.5,800,1000,900,29-Aug-23
Madhya Pradesh,Khargone,Khargone,Cluster Beans,Vegetables,0.5,500,1000,800,27-Aug-23
Madhya Pradesh,Khargone,Khargone,Cluster Beans,Vegetables,0.5,800,1000,900,26-Aug-23
Madhya Pradesh,Khargone,Khargone,Cluster Beans,Vegetables,0.5,1000,2000,1500,25-Aug-23
Madhya Pradesh,Khargone,Khargone,Cluster Beans,Vegetables,0.8,800,1000,900,23-Aug-23
Madhya Pradesh,Khargone,Khargone,Cluster Beans,Vegetables,0.5,1000,2000,1500,20-Aug-23
Madhya Pradesh,Khargone,Khargone,Cluster Beans,Vegetables,0.5,500,1000,800,19-Aug-23
Madhya Pradesh,Khargone,Khargone,Cluster Beans,Vegetables,0.5,500,1000,800,18-Aug-23
Madhya Pradesh,Khargone,Khargone,Cluster Beans,Vegetables,0.5,500,1000,600,17-Aug-23
Madhya Pradesh,Khargone,Khargone,Cluster Beans,Vegetables,0.8,800,1000,900,16-Aug-23
Madhya Pradesh,Khargone,Khargone,Cluster Beans,Vegetables,0.5,1000,2000,1500,14-Aug-23
Madhya Pradesh,Khargone,Khargone,Cluster Beans,Vegetables,0.5,1000,2000,1500,13-Aug-23
Madhya Pradesh,Khargone,Khargone,Cluster Beans,Vegetables,1,500,1200,600,11-Aug-23
Madhya Pradesh,Khargone,Khargone,Cluster Beans,Vegetables,0.5,800,1000,900,10-Aug-23
Madhya Pradesh,Khargone,Khargone,Cluster Beans,Vegetables,0.5,500,1000,800,09-Aug-23
Madhya Pradesh,Khargone,Khargone,Cluster Beans,Vegetables,0.5,800,1000,900,08-Aug-23
Madhya Pradesh,Khargone,Khargone,Cluster Beans,Vegetables,0.5,1000,2000,1500,06-Aug-23
Madhya Pradesh,Khargone,Khargone,Cluster Beans,Vegetables,0.8,800,1000,900,05-Aug-23
Madhya Pradesh,Khargone,Khargone,Cluster Beans,Vegetables,0.5,500,1000,600,04-Aug-23
Madhya Pradesh,Khargone,Khargone,Cluster Beans,Vegetables,0.8,800,1000,900,03-Aug-23
Madhya Pradesh,Khargone,Khargone,Cluster Beans,Vegetables,0.5,800,1000,900,01-Aug-23
Madhya Pradesh,Khargone,Khargone,Cluster Beans,Vegetables,0.4,1000,2000,1500,31-Jul-23
Madhya Pradesh,Khargone,Khargone,Cluster Beans,Vegetables,0.5,500,1000,800,30-Jul-23
Madhya Pradesh,Khargone,Khargone,Cluster Beans,Vegetables,0.5,800,1000,900,29-Jul-23
Madhya Pradesh,Khargone,Khargone,Cluster Beans,Vegetables,0.5,800,1000,900,26-Jul-23
Madhya Pradesh,Khargone,Khargone,Cluster Beans,Vegetables,0.5,500,1000,800,25-Jul-23
Madhya Pradesh,Khargone,Khargone,Cluster Beans,Vegetables,0.8,800,1000,900,24-Jul-23
Madhya Pradesh,Khargone,Khargone,Cluster Beans,Vegetables,0.3,500,1500,800,23-Jul-23
Madhya Pradesh,Khargone,Khargone,Cluster Beans,Vegetables,1,500,1200,600,21-Jul-23
Madhya Pradesh,Khargone,Khargone,Cluster Beans,Vegetables,0.5,1000,1500,1200,20-Jul-23
Madhya Pradesh,Khargone,Khargone,Cluster Beans,Vegetables,0.5,800,1000,900,19-Jul-23
Madhya Pradesh,Khargone,Khargone,Cluster Beans,Vegetables,0.5,500,1000,800,18-Jul-23
Madhya Pradesh,Khargone,Khargone,Cluster Beans,Vegetables,0.5,500,1000,800,15-Jul-23
Madhya Pradesh,Khargone,Khargone,Cluster Beans,Vegetables,0.5,500,1000,800,14-Jul-23
Madhya Pradesh,Khargone,Khargone,Cluster Beans,Vegetables,0.8,800,1000,900,13-Jul-23
Madhya Pradesh,Khargone,Khargone,Cluster Beans,Vegetables,0.5,500,1000,800,11-Jul-23
Madhya Pradesh,Khargone,Khargone,Cluster Beans,Vegetables,0.5,1000,2000,1500,10-Jul-23
Madhya Pradesh,Khargone,Khargone,Cluster Beans,Vegetables,0.5,1000,2000,1500,09-Jul-23
Madhya Pradesh,Khargone,Khargone,Cluster Beans,Vegetables,0.5,500,1000,600,06-Jul-23
Madhya Pradesh,Khargone,Khargone,Cluster Beans,Vegetables,0.8,800,1000,900,05-Jul-23
Madhya Pradesh,Khargone,Khargone,Cluster Beans,Vegetables,0.5,500,1000,800,04-Jul-23
Madhya Pradesh,Khargone,Khargone,Cluster Beans,Vegetables,0.5,1000,2000,1500,02-Jul-23
Madhya Pradesh,Khargone,Khargone,Cluster Beans,Vegetables,0.5,500,1000,800,30-Jun-23
Madhya Pradesh,Khargone,Khargone,Cluster Beans,Vegetables,0.8,800,1000,900,28-Jun-23
Madhya Pradesh,Khargone,Khargone,Cluster Beans,Vegetables,0.5,500,1000,800,27-Jun-23
Madhya Pradesh,Khargone,Khargone,Cluster Beans,Vegetables,0.5,800,1000,900,25-Jun-23
Madhya Pradesh,Khargone,Khargone,Cluster Beans,Vegetables,0.8,800,1000,900,24-Jun-23
Madhya Pradesh,Khargone,Khargone,Cluster Beans,Vegetables,0.5,500,1000,800,22-Jun-23
Madhya Pradesh,Khargone,Khargone,Cluster Beans,Vegetables,0.5,500,1000,800,21-Jun-23
Madhya Pradesh,Khargone,Khargone,Cluster Beans,Vegetables,0.5,800,1000,900,20-Jun-23
Madhya Pradesh,Khargone,Khargone,Cluster Beans,Vegetables,0.5,800,1000,900,19-Jun-23
Madhya Pradesh,Khargone,Khargone,Cluster Beans,Vegetables,0.5,800,1000,900,18-Jun-23
Madhya Pradesh,Khargone,Khargone,Cluster Beans,Vegetables,0.5,800,1000,900,15-Jun-23
Madhya Pradesh,Khargone,Khargone,Cluster Beans,Vegetables,0.5,800,1000,900,14-Jun-23
Madhya Pradesh,Khargone,Khargone,Cluster Beans,Vegetables,0.1,1000,2000,1500,12-Jun-23
Madhya Pradesh,Khargone,Khargone,Cluster Beans,Vegetables,0.5,1000,2000,1500,11-Jun-23
Madhya Pradesh,Khargone,Khargone,Cluster Beans,Vegetables,0.5,500,1000,800,10-Jun-23
Madhya Pradesh,Khargone,Khargone,Cluster Beans,Vegetables,0.2,1000,2000,1500,08-Jun-23
Madhya Pradesh,Khargone,Khargone,Cluster Beans,Vegetables,0.5,800,1000,900,07-Jun-23
Madhya Pradesh,Khargone,Khargone,Cluster Beans,Vegetables,0.5,500,1000,600,06-Jun-23
Madhya Pradesh,Khargone,Khargone,Cluster Beans,Vegetables,0.5,500,1000,800,05-Jun-23
Madhya Pradesh,Khargone,Khargone,Cluster Beans,Vegetables,0.4,1000,2000,1500,04-Jun-23
Madhya Pradesh,Khargone,Khargone,Cluster Beans,Vegetables,0.4,1000,2000,1500,01-Jun-23
Madhya Pradesh,Khargone,Khargone,Cluster Beans,Vegetables,0.2,1000,2000,1500,31-May-23
Madhya Pradesh,Khargone,Khargone,Cluster Beans,Vegetables,0.5,800,1000,900,29-May-23
Madhya Pradesh,Khargone,Khargone,Cluster Beans,Vegetables,0.5,800,1000,900,28-May-23
Madhya Pradesh,Khargone,Khargone,Cluster Beans,Vegetables,0.5,800,1000,900,27-May-23
Madhya Pradesh,Khargone,Khargone,Cluster Beans,Vegetables,0.5,1000,2000,1500,25-May-23
Madhya Pradesh,Khargone,Khargone,Cluster Beans,Vegetables,0.5,1000,2000,1500,24-May-23
Madhya Pradesh,Khargone,Khargone,Cluster Beans,Vegetables,0.2,1000,2000,1500,23-May-23
Madhya Pradesh,Khargone,Khargone,Cluster Beans,Vegetables,0.5,800,1000,900,22-May-23
Madhya Pradesh,Khargone,Khargone,Cluster Beans,Vegetables,0.9,1000,2000,1500,21-May-23
Madhya Pradesh,Khargone,Khargone,Cluster Beans,Vegetables,0.4,1000,2000,1500,15-May-23
Madhya Pradesh,Khargone,Khargone,Cluster Beans,Vegetables,0.4,1000,2000,1500,14-May-23
Madhya Pradesh,Khargone,Khargone,Cluster Beans,Vegetables,0.2,1000,2000,1500,10-May-23
Madhya Pradesh,Khargone,Khargone,Cluster Beans,Vegetables,0.2,1000,2000,1500,02-May-23
Madhya Pradesh,Khargone,Khargone,Cluster Beans,Vegetables,0.3,1100,2150,1600,01-May-23
Madhya Pradesh,Khargone,Khargone,Cluster Beans,Vegetables,0.1,2000,2000,2000,30-Apr-23
Madhya Pradesh,Khargone,Khargone,Cluster Beans,Vegetables,0.4,1000,1500,1200,28-Apr-23
Madhya Pradesh,Khargone,Khargone,Cluster Beans,Vegetables,1,500,1000,800,27-Apr-23
Madhya Pradesh,Khargone,Khargone,Cluster Beans,Vegetables,1,500,1000,800,26-Apr-23
Madhya Pradesh,Khargone,Khargone,Cluster Beans,Vegetables,1,500,1000,800,25-Apr-23
Madhya Pradesh,Khargone,Khargone,Cluster Beans,Vegetables,0.1,1000,2000,1500,23-Apr-23
Madhya Pradesh,Khargone,Khargone,Cluster Beans,Vegetables,0.5,1000,1500,1200,21-Apr-23
Madhya Pradesh,Khargone,Khargone,Cluster Beans,Vegetables,0.5,1000,1500,1200,20-Apr-23
Madhya Pradesh,Khargone,Khargone,Cluster Beans,Vegetables,0.5,1000,1500,1200,19-Apr-23
Madhya Pradesh,Khargone,Khargone,Cluster Beans,Vegetables,0.5,800,1000,900,18-Apr-23
Madhya Pradesh,Khargone,Khargone,Cluster Beans,Vegetables,0.4,1000,2000,1500,17-Apr-23
Madhya Pradesh,Khargone,Khargone,Cluster Beans,Vegetables,0.5,1000,1500,1200,16-Apr-23
Madhya Pradesh,Khargone,Khargone,Cluster Beans,Vegetables,0.2,1000,2000,1500,14-Apr-23
Madhya Pradesh,Khargone,Khargone,Cluster Beans,Vegetables,0.1,1000,2000,1500,13-Apr-23
Madhya Pradesh,Khargone,Khargone,Cluster Beans,Vegetables,0.1,1000,2000,1500,12-Apr-23
Madhya Pradesh,Khargone,Khargone,Cluster Beans,Vegetables,0.1,1000,2000,1500,11-Apr-23
Madhya Pradesh,Khargone,Khargone,Cluster Beans,Vegetables,0.4,1000,1500,1200,10-Apr-23
Madhya Pradesh,Khargone,Khargone,Cluster Beans,Vegetables,0.1,1000,2000,1500,09-Apr-23
Madhya Pradesh,Khargone,Khargone,Cluster Beans,Vegetables,0.1,1000,2000,1500,01-Apr-23
Madhya Pradesh,Khargone,Khargone,Cluster Beans,Vegetables,0.1,1000,2500,1500,29-Mar-23
Madhya Pradesh,Khargone,Khargone,Cluster Beans,Vegetables,0.2,1000,2500,2000,25-Mar-23
Madhya Pradesh,Khargone,Khargone,Cluster Beans,Vegetables,1,500,800,600,23-Mar-23
Madhya Pradesh,Khargone,Khargone,Cluster Beans,Vegetables,0.2,2000,3500,2500,28-Jan-23
Madhya Pradesh,Khargone,Khargone,Cluster Beans,Vegetables,0.2,1000,2000,1500,25-Jan-23
Madhya Pradesh,Khargone,Khargone,Cluster Beans,Vegetables,0.1,1500,2500,2000,21-Jan-23
Madhya Pradesh,Khargone,Khargone,Cluster Beans,Vegetables,0.8,800,2000,1000,20-Jan-23
Madhya Pradesh,Khargone,Khargone,Cluster Beans,Vegetables,0.1,1000,3500,2500,16-Jan-23
Madhya Pradesh,Khargone,Khargone,Cluster Beans,Vegetables,0.1,1000,3500,2500,27-Dec-22
Madhya Pradesh,Khargone,Khargone,Cluster Beans,Vegetables,0.1,1000,3500,2500,20-Dec-22
Madhya Pradesh,Khargone,Khargone,Cluster Beans,Vegetables,0.1,1000,3500,1500,12-Dec-22
Madhya Pradesh,Khargone,Khargone,Cluster Beans,Vegetables,0.4,500,1000,800,07-Sep-22
Madhya Pradesh,Khargone,Khargone,Cluster Beans,Vegetables,0.2,1000,3000,1500,03-Sep-22
Madhya Pradesh,Khargone,Khargone,Cluster Beans,Vegetables,0.3,1000,2000,1500,02-Sep-22
Madhya Pradesh,Khargone,Khargone,Cluster Beans,Vegetables,0.3,800,1500,1000,01-Sep-22
Madhya Pradesh,Khargone,Khargone,Cluster Beans,Vegetables,0.5,800,2500,1200,27-Aug-22
Madhya Pradesh,Khargone,Khargone,Cluster Beans,Vegetables,0.4,1000,3000,1200,24-Aug-22
Madhya Pradesh,Khargone,Khargone,Cluster Beans,Vegetables,0.3,1000,2000,1500,20-Aug-22
Madhya Pradesh,Khargone,Khargone,Cluster Beans,Vegetables,0.2,1000,3000,1500,14-Aug-22
Madhya Pradesh,Khargone,Khargone,Cluster Beans,Vegetables,0.3,1000,2000,1500,13-Aug-22
Madhya Pradesh,Khargone,Khargone,Cluster Beans,Vegetables,0.3,1000,2000,1500,12-Aug-22
Madhya Pradesh,Khargone,Khargone,Cluster Beans,Vegetables,0.4,1000,3000,1200,11-Aug-22
Madhya Pradesh,Khargone,Khargone,Cluster Beans,Vegetables,0.4,1000,2500,1500,09-Aug-22
Madhya Pradesh,Khargone,Khargone,Cluster Beans,Vegetables,0.3,800,1500,1000,07-Aug-22
Madhya Pradesh,Khargone,Khargone,Cluster Beans,Vegetables,0.4,500,1000,800,06-Aug-22
Madhya Pradesh,Khargone,Khargone,Cluster Beans,Vegetables,0.4,800,1500,1200,03-Aug-22
Madhya Pradesh,Khargone,Khargone,Cluster Beans,Vegetables,0.5,500,1000,800,01-Aug-22
Madhya Pradesh,Khargone,Khargone,Cluster Beans,Vegetables,0.4,500,1000,800,31-Jul-22
Madhya Pradesh,Khargone,Khargone,Cluster Beans,Vegetables,0.3,800,1500,1000,26-Jul-22
Madhya Pradesh,Khargone,Khargone,Cluster Beans,Vegetables,0.2,500,2500,800,24-Jul-22
Madhya Pradesh,Khargone,Khargone,Cluster Beans,Vegetables,0.4,500,1000,800,23-Jul-22
Madhya Pradesh,Khargone,Khargone,Cluster Beans,Vegetables,0.2,1000,2000,1500,22-Jul-22
Madhya Pradesh,Khargone,Khargone,Cluster Beans,Vegetables,0.2,800,3000,1000,21-Jul-22
Madhya Pradesh,Khargone,Khargone,Cluster Beans,Vegetables,0.2,1000,3000,1500,20-Jul-22
Madhya Pradesh,Khargone,Khargone,Cluster Beans,Vegetables,0.2,800,3000,1200,19-Jul-22
Madhya Pradesh,Khargone,Khargone,Cluster Beans,Vegetables,0.2,800,2500,1500,18-Jul-22
Madhya Pradesh,Khargone,Khargone,Cluster Beans,Vegetables,0.3,1000,2000,1200,17-Jul-22
Madhya Pradesh,Khargone,Khargone,Cluster Beans,Vegetables,0.2,1000,3500,1500,16-Jul-22
Madhya Pradesh,Khargone,Khargone,Cluster Beans,Vegetables,0.4,800,1500,1200,15-Jul-22
Madhya Pradesh,Khargone,Khargone,Cluster Beans,Vegetables,0.2,500,2500,800,14-Jul-22
Madhya Pradesh,Khargone,Khargone,Cluster Beans,Vegetables,0.3,1000,2000,1500,13-Jul-22
Madhya Pradesh,Khargone,Khargone,Cluster Beans,Vegetables,0.3,500,1500,800,12-Jul-22
Madhya Pradesh,Khargone,Khargone,Cluster Beans,Vegetables,0.3,800,1500,1000,11-Jul-22
Madhya Pradesh,Khargone,Khargone,Cluster Beans,Vegetables,0.4,500,1000,800,09-Jul-22
Madhya Pradesh,Khargone,Khargone,Cluster Beans,Vegetables,0.3,1000,2000,1500,08-Jul-22
Madhya Pradesh,Khargone,Khargone,Cluster Beans,Vegetables,0.3,800,1500,1000,07-Jul-22
Madhya Pradesh,Khargone,Khargone,Cluster Beans,Vegetables,0.1,1000,3500,1500,06-Jul-22
Madhya Pradesh,Khargone,Khargone,Cluster Beans,Vegetables,0.2,1000,2000,1500,05-Jul-22
Madhya Pradesh,Khargone,Khargone,Cluster Beans,Vegetables,0.5,800,2500,1200,04-Jul-22
Madhya Pradesh,Khargone,Khargone,Cluster Beans,Vegetables,0.4,1000,3000,1200,03-Jul-22
Madhya Pradesh,Khargone,Khargone,Cluster Beans,Vegetables,0.4,800,2500,1000,01-Jul-22
Madhya Pradesh,Khargone,Khargone,Cluster Beans,Vegetables,0.4,500,1200,800,30-Jun-22
Madhya Pradesh,Khargone,Khargone,Cluster Beans,Vegetables,0.2,1000,2500,1200,29-Jun-22
Madhya Pradesh,Khargone,Khargone,Cluster Beans,Vegetables,0.3,1000,2500,1200,28-Jun-22
Madhya Pradesh,Khargone,Khargone,Cluster Beans,Vegetables,0.2,1000,3000,1200,27-Jun-22
Madhya Pradesh,Khargone,Khargone,Cluster Beans,Vegetables,0.4,800,2500,1000,26-Jun-22
Madhya Pradesh,Khargone,Khargone,Cluster Beans,Vegetables,0.2,1000,2500,1500,25-Jun-22
Madhya Pradesh,Khargone,Khargone,Cluster Beans,Vegetables,0.2,800,2500,1000,24-Jun-22
Madhya Pradesh,Khargone,Khargone,Cluster Beans,Vegetables,0.3,1000,3500,1200,23-Jun-22
Madhya Pradesh,Khargone,Khargone,Cluster Beans,Vegetables,0.4,800,1500,1200,22-Jun-22
Madhya Pradesh,Khargone,Khargone,Cluster Beans,Vegetables,0.5,1000,2000,1500,21-Jun-22
Madhya Pradesh,Khargone,Khargone,Cluster Beans,Vegetables,0.5,800,1500,1000,20-Jun-22
Madhya Pradesh,Khargone,Khargone,Cluster Beans,Vegetables,0.4,800,1500,1200,19-Jun-22
Madhya Pradesh,Khargone,Khargone,Cluster Beans,Vegetables,0.2,800,3000,1000,18-Jun-22
Madhya Pradesh,Khargone,Khargone,Cluster Beans,Vegetables,0.3,800,2500,1200,16-Jun-22
Madhya Pradesh,Khargone,Khargone,Cluster Beans,Vegetables,0.4,800,1500,1200,15-Jun-22
Madhya Pradesh,Khargone,Khargone,Cluster Beans,Vegetables,0.4,1000,3000,1200,14-Jun-22
Madhya Pradesh,Khargone,Khargone,Cluster Beans,Vegetables,0.3,1000,3500,1200,13-Jun-22
Madhya Pradesh,Khargone,Khargone,Cluster Beans,Vegetables,0.4,800,1500,1200,12-Jun-22
Madhya Pradesh,Khargone,Khargone,Cluster Beans,Vegetables,0.4,800,1500,1000,11-Jun-22
Madhya Pradesh,Khargone,Khargone,Cluster Beans,Vegetables,0.3,1000,2500,1500,10-Jun-22
Madhya Pradesh,Khargone,Khargone,Cluster Beans,Vegetables,0.2,1000,3000,1500,09-Jun-22
Madhya Pradesh,Khargone,Khargone,Cluster Beans,Vegetables,0.4,500,1200,800,08-Jun-22
Madhya Pradesh,Khargone,Khargone,Cluster Beans,Vegetables,0.4,500,1200,800,07-Jun-22
Madhya Pradesh,Khargone,Khargone,Cluster Beans,Vegetables,0.4,800,1500,1000,06-Jun-22
Madhya Pradesh,Khargone,Khargone,Cluster Beans,Vegetables,0.4,800,1500,1000,05-Jun-22
Madhya Pradesh,Khargone,Khargone,Cluster Beans,Vegetables,0.3,1000,2000,1500,04-Jun-22
Madhya Pradesh,Khargone,Khargone,Cluster Beans,Vegetables,0.1,1000,2000,1500,03-Jun-22
Madhya Pradesh,Khargone,Khargone,Cluster Beans,Vegetables,0.4,500,1000,800,02-Jun-22
Madhya Pradesh,Khargone,Khargone,Cluster Beans,Vegetables,0.5,800,1500,1000,31-May-22
Madhya Pradesh,Khargone,Khargone,Cluster Beans,Vegetables,0.4,800,1500,1200,30-May-22
Madhya Pradesh,Khargone,Khargone,Cluster Beans,Vegetables,0.3,1000,2500,1500,29-May-22
Madhya Pradesh,Khargone,Khargone,Cluster Beans,Vegetables,0.4,1000,2500,1500,28-May-22
Madhya Pradesh,Khargone,Khargone,Cluster Beans,Vegetables,0.2,1000,2000,1500,27-May-22
Madhya Pradesh,Khargone,Khargone,Cluster Beans,Vegetables,0.5,800,1500,1000,26-May-22
Madhya Pradesh,Khargone,Khargone,Cluster Beans,Vegetables,0.4,800,1500,1000,25-May-22
Madhya Pradesh,Khargone,Khargone,Cluster Beans,Vegetables,0.5,1000,2000,1500,24-May-22
Madhya Pradesh,Khargone,Khargone,Cluster Beans,Vegetables,0.5,500,2000,800,23-May-22
Madhya Pradesh,Khargone,Khargone,Cluster Beans,Vegetables,0.3,800,1500,1000,22-May-22
Madhya Pradesh,Khargone,Khargone,Cluster Beans,Vegetables,0.4,800,1500,1000,21-May-22
Madhya Pradesh,Khargone,Khargone,Cluster Beans,Vegetables,0.1,1000,2000,1500,20-May-22
Madhya Pradesh,Khargone,Khargone,Cluster Beans,Vegetables,0.3,800,1500,1000,19-May-22
Madhya Pradesh,Khargone,Khargone,Cluster Beans,Vegetables,0.2,1000,3000,1500,18-May-22
Madhya Pradesh,Khargone,Khargone,Cluster Beans,Vegetables,0.3,800,1500,1000,17-May-22
Madhya Pradesh,Khargone,Khargone,Cluster Beans,Vegetables,0.1,1000,2000,1500,16-May-22
Madhya Pradesh,Khargone,Khargone,Cluster Beans,Vegetables,0.4,1000,3000,2000,14-May-22
Madhya Pradesh,Khargone,Khargone,Cluster Beans,Vegetables,0.1,1000,2000,1500,13-May-22
Madhya Pradesh,Khargone,Khargone,Cluster Beans,Vegetables,0.5,800,1500,1000,12-May-22
Madhya Pradesh,Khargone,Khargone,Cluster Beans,Vegetables,0.4,1000,2500,1500,11-May-22
Madhya Pradesh,Khargone,Khargone,Cluster Beans,Vegetables,0.4,800,1500,1000,10-May-22
Madhya Pradesh,Khargone,Khargone,Cluster Beans,Vegetables,0.4,1000,2500,1500,09-May-22
Madhya Pradesh,Khargone,Khargone,Cluster Beans,Vegetables,0.4,1000,2500,1500,08-May-22
Madhya Pradesh,Khargone,Khargone,Cluster Beans,Vegetables,0.4,1000,2500,1500,06-May-22
Madhya Pradesh,Khargone,Khargone,Cluster Beans,Vegetables,0.1,1000,2000,1500,05-May-22
Madhya Pradesh,Khargone,Khargone,Cluster Beans,Vegetables,0.3,800,1500,1000,04-May-22
Madhya Pradesh,Khargone,Khargone,Cluster Beans,Vegetables,0.8,1000,2500,1500,30-Apr-22
Madhya Pradesh,Khargone,Khargone,Cluster Beans,Vegetables,0.1,1000,2500,1500,29-Apr-22
Madhya Pradesh,Khargone,Khargone,Cluster Beans,Vegetables,0.3,1000,2500,1500,28-Apr-22
Madhya Pradesh,Khargone,Khargone,Cluster Beans,Vegetables,0.4,1000,2500,1500,27-Apr-22
Madhya Pradesh,Khargone,Khargone,Cluster Beans,Vegetables,0.4,1000,3000,2000,26-Apr-22
Madhya Pradesh,Khargone,Khargone,Cluster Beans,Vegetables,0.3,1000,2500,1500,25-Apr-22
Madhya Pradesh,Khargone,Khargone,Cluster Beans,Vegetables,0.2,1000,2000,1500,23-Apr-22
Madhya Pradesh,Khargone,Khargone,Cluster Beans,Vegetables,0.3,1000,1500,1200,22-Apr-22
Madhya Pradesh,Khargone,Khargone,Cluster Beans,Vegetables,0.5,1000,2500,1500,21-Apr-22
Madhya Pradesh,Khargone,Khargone,Cluster Beans,Vegetables,0.3,1000,2000,1500,20-Apr-22
Madhya Pradesh,Khargone,Khargone,Cluster Beans,Vegetables,0.2,1000,2500,1500,19-Apr-22
Madhya Pradesh,Khargone,Khargone,Cluster Beans,Vegetables,0.4,800,1500,1000,18-Apr-22
Madhya Pradesh,Khargone,Khargone,Cluster Beans,Vegetables,0.4,1000,2000,1500,17-Apr-22
Madhya Pradesh,Khargone,Khargone,Cluster Beans,Vegetables,0.2,1000,2500,2000,16-Apr-22
Madhya Pradesh,Khargone,Khargone,Cluster Beans,Vegetables,0.1,1000,2500,1500,15-Apr-22
Madhya Pradesh,Khargone,Khargone,Cluster Beans,Vegetables,0.1,1000,2000,1500,14-Apr-22
Madhya Pradesh,Khargone,Khargone,Cluster Beans,Vegetables,0.3,1000,2500,1500,13-Apr-22
Madhya Pradesh,Khargone,Khargone,Cluster Beans,Vegetables,0.2,1000,3000,1500,12-Apr-22
Madhya Pradesh,Khargone,Khargone,Cluster Beans,Vegetables,0.1,1000,2500,1500,11-Apr-22
Madhya Pradesh,Khargone,Khargone,Cluster Beans,Vegetables,0.4,1000,2500,1500,10-Apr-22
Madhya Pradesh,Khargone,Khargone,Cluster Beans,Vegetables,0.2,1000,2500,1500,09-Apr-22
Madhya Pradesh,Khargone,Khargone,Cluster Beans,Vegetables,0.4,1000,2500,1200,08-Apr-22
Madhya Pradesh,Khargone,Khargone,Cluster Beans,Vegetables,0.2,1000,2000,1500,07-Apr-22
Madhya Pradesh,Khargone,Khargone,Cluster Beans,Vegetables,0.2,1000,2000,1500,06-Apr-22
Madhya Pradesh,Khargone,Khargone,Cluster Beans,Vegetables,0.1,1000,2000,1500,05-Apr-22
Madhya Pradesh,Khargone,Khargone,Cluster Beans,Vegetables,0.6,800,2500,1000,04-Apr-22
Madhya Pradesh,Khargone,Khargone,Cluster Beans,Vegetables,0.2,1000,3000,1500,03-Apr-22
Madhya Pradesh,Khargone,Khargone,Cluster Beans,Vegetables,0.4,1000,2500,1500,02-Apr-22
Madhya Pradesh,Khargone,Khargone,Cluster Beans,Vegetables,0.2,800,1500,1200,01-Apr-22
Madhya Pradesh,Khargone,Khargone,Cluster Beans,Vegetables,0.3,1000,2500,2000,30-Mar-22
Madhya Pradesh,Khargone,Khargone,Cluster Beans,Vegetables,0.4,800,2000,1500,29-Mar-22
Madhya Pradesh,Khargone,Khargone,Cluster Beans,Vegetables,0.3,800,1500,1000,28-Mar-22
Madhya Pradesh,Khargone,Khargone,Cluster Beans,Vegetables,0.2,1000,2500,2000,27-Mar-22
Madhya Pradesh,Khargone,Khargone,Cluster Beans,Vegetables,0.3,800,1500,1000,26-Mar-22
Madhya Pradesh,Khargone,Khargone,Cluster Beans,Vegetables,0.2,1000,2500,2000,25-Mar-22
Madhya Pradesh,Khargone,Khargone,Cluster Beans,Vegetables,0.4,1000,2000,1500,24-Mar-22
Madhya Pradesh,Khargone,Khargone,Cluster Beans,Vegetables,0.3,1000,2500,1500,23-Mar-22
Madhya Pradesh,Khargone,Khargone,Cluster Beans,Vegetables,0.8,800,1200,1000,20-Mar-22
Madhya Pradesh,Khargone,Khargone,Cluster Beans,Vegetables,10.5,800,1200,1000,18-Mar-22
Madhya Pradesh,Khargone,Khargone,Cluster Beans,Vegetables,7.2,1000,2000,1200,17-Mar-22
Madhya Pradesh,Khargone,Khargone,Cluster Beans,Vegetables,0.3,1000,2500,1500,16-Mar-22
Madhya Pradesh,Khargone,Khargone,Cluster Beans,Vegetables,6.8,1000,2500,1500,15-Mar-22
Madhya Pradesh,Khargone,Khargone,Cluster Beans,Vegetables,7.5,800,1200,1000,14-Mar-22
Madhya Pradesh,Khargone,Khargone,Cluster Beans,Vegetables,45,1000,2500,1500,13-Mar-22
Madhya Pradesh,Khargone,Khargone,Cluster Beans,Vegetables,6.8,1000,2500,1500,12-Mar-22
Madhya Pradesh,Khargone,Khargone,Cluster Beans,Vegetables,3,800,1500,1000,11-Mar-22
Madhya Pradesh,Khargone,Khargone,Cluster Beans,Vegetables,3.6,800,2000,1200,10-Mar-22
Madhya Pradesh,Khargone,Khargone,Cluster Beans,Vegetables,0.2,1000,2500,1200,09-Mar-22
Madhya Pradesh,Khargone,Khargone,Cluster Beans,Vegetables,0.1,1000,2000,1500,08-Mar-22
Madhya Pradesh,Khargone,Khargone,Cluster Beans,Vegetables,0.3,1000,2500,1500,07-Mar-22
Madhya Pradesh,Khargone,Khargone,Cluster Beans,Vegetables,0.2,100,2000,1200,06-Mar-22
Madhya Pradesh,Khargone,Khargone,Cluster Beans,Vegetables,0.1,1000,2000,1500,05-Mar-22
Madhya Pradesh,Khargone,Khargone,Cluster Beans,Vegetables,2,1000,2000,1500,03-Mar-22
Madhya Pradesh,Khargone,Khargone,Cluster Beans,Vegetables,0.2,1000,2000,1500,02-Mar-22
Madhya Pradesh,Khargone,Khargone,Cluster Beans,Vegetables,0.2,1000,2500,1200,01-Mar-22
Madhya Pradesh,Khargone,Khargone,Cluster Beans,Vegetables,0.1,1500,2200,1800,28-Feb-22
Madhya Pradesh,Khargone,Khargone,Cluster Beans,Vegetables,0.2,1000,2000,1500,27-Feb-22
Madhya Pradesh,Khargone,Khargone,Cluster Beans,Vegetables,0.1,1000,3000,2000,25-Feb-22
Madhya Pradesh,Khargone,Khargone,Cluster Beans,Vegetables,0.1,1000,2500,1500,24-Feb-22
Madhya Pradesh,Khargone,Khargone,Cluster Beans,Vegetables,0.1,1000,3000,2500,23-Feb-22
Madhya Pradesh,Khargone,Khargone,Cluster Beans,Vegetables,0.1,800,1200,1000,22-Feb-22
Madhya Pradesh,Khargone,Khargone,Cluster Beans,Vegetables,0.1,1000,2500,1500,21-Feb-22
Madhya Pradesh,Khargone,Khargone,Cluster Beans,Vegetables,0.2,1000,2500,1500,20-Feb-22
Madhya Pradesh,Khargone,Khargone,Cluster Beans,Vegetables,0.1,1000,2500,1500,19-Feb-22
Madhya Pradesh,Khargone,Khargone,Cluster Beans,Vegetables,0.2,1000,2500,1500,18-Feb-22
Madhya Pradesh,Khargone,Khargone,Cluster Beans,Vegetables,0.1,1000,2000,1500,17-Feb-22
Madhya Pradesh,Khargone,Khargone,Cluster Beans,Vegetables,0.1,1000,2000,1200,16-Feb-22
Madhya Pradesh,Khargone,Khargone,Cluster Beans,Vegetables,0.1,1000,2500,1500,15-Feb-22
Madhya Pradesh,Khargone,Khargone,Cluster Beans,Vegetables,0.1,1500,3000,2500,14-Feb-22
Madhya Pradesh,Khargone,Khargone,Cluster Beans,Vegetables,0.1,1000,2500,1500,13-Feb-22
Madhya Pradesh,Khargone,Khargone,Cluster Beans,Vegetables,0.2,1000,2500,2000,12-Feb-22
Madhya Pradesh,Khargone,Khargone,Cluster Beans,Vegetables,0.1,1000,3000,2500,11-Feb-22
Madhya Pradesh,Khargone,Khargone,Cluster Beans,Vegetables,0.1,1000,2500,1500,10-Feb-22
Madhya Pradesh,Khargone,Khargone,Cluster Beans,Vegetables,0.1,1000,2000,1500,09-Feb-22
Madhya Pradesh,Khargone,Khargone,Cluster Beans,Vegetables,0.1,1000,2000,1500,08-Feb-22
Madhya Pradesh,Khargone,Khargone,Cluster Beans,Vegetables,0.1,1000,2500,1500,07-Feb-22
Madhya Pradesh,Khargone,Khargone,Cluster Beans,Vegetables,0.1,800,1500,1200,06-Feb-22
Madhya Pradesh,Khargone,Khargone,Cluster Beans,Vegetables,0.1,1000,2500,1500,05-Feb-22
Madhya Pradesh,Khargone,Khargone,Cluster Beans,Vegetables,0.1,1000,2000,1500,04-Feb-22
Madhya Pradesh,Khargone,Khargone,Cluster Beans,Vegetables,0.9,500,1500,800,03-Feb-22
Madhya Pradesh,Khargone,Khargone,Cluster Beans,Vegetables,0.3,500,1000,800,02-Feb-22
Madhya Pradesh,Khargone,Khargone,Cluster Beans,Vegetables,0.3,1000,2500,1500,01-Feb-22
Madhya Pradesh,Khargone,Khargone,Cluster Beans,Vegetables,0.3,1000,2000,1200,31-Jan-22
Madhya Pradesh,Khargone,Khargone,Cluster Beans,Vegetables,0.1,1000,2500,1500,30-Jan-22
Madhya Pradesh,Khargone,Khargone,Cluster Beans,Vegetables,0.2,2000,3000,2500,29-Jan-22
Madhya Pradesh,Khargone,Khargone,Cluster Beans,Vegetables,0.2,2000,3500,2500,28-Jan-22
Madhya Pradesh,Khargone,Khargone,Cluster Beans,Vegetables,0.1,2000,3000,2500,26-Jan-22
Madhya Pradesh,Khargone,Khargone,Cluster Beans,Vegetables,0.2,1000,2000,1500,25-Jan-22
Madhya Pradesh,Khargone,Khargone,Cluster Beans,Vegetables,0.2,1000,2000,1500,24-Jan-22
Madhya Pradesh,Khargone,Khargone,Cluster Beans,Vegetables,0.1,1000,2500,1500,23-Jan-22
Madhya Pradesh,Khargone,Khargone,Cluster Beans,Vegetables,0.2,1000,2000,1500,22-Jan-22
Madhya Pradesh,Khargone,Khargone,Cluster Beans,Vegetables,0.1,1500,2500,2000,21-Jan-22
Madhya Pradesh,Khargone,Khargone,Cluster Beans,Vegetables,0.8,800,2000,1000,20-Jan-22
Madhya Pradesh,Khargone,Khargone,Cluster Beans,Vegetables,0.2,1500,2500,2000,19-Jan-22
Madhya Pradesh,Khargone,Khargone,Cluster Beans,Vegetables,0.2,1500,2500,2000,18-Jan-22
Madhya Pradesh,Khargone,Khargone,Cluster Beans,Vegetables,0.2,1500,2500,2000,17-Jan-22
Madhya Pradesh,Khargone,Khargone,Cluster Beans,Vegetables,0.2,1000,2000,1500,16-Jan-22
Madhya Pradesh,Khargone,Khargone,Cluster Beans,Vegetables,0.3,1500,2500,2000,15-Jan-22
Madhya Pradesh,Khargone,Khargone,Cluster Beans,Vegetables,0.2,1000,2000,1500,14-Jan-22
Madhya Pradesh,Khargone,Khargone,Cluster Beans,Vegetables,0.3,500,1000,800,13-Jan-22
Madhya Pradesh,Khargone,Khargone,Cluster Beans,Vegetables,0.4,1000,1500,1200,12-Jan-22
Madhya Pradesh,Khargone,Khargone,Cluster Beans,Vegetables,0.3,1000,1500,1200,11-Jan-22
Madhya Pradesh,Khargone,Khargone,Cluster Beans,Vegetables,0.3,1000,1800,1500,10-Jan-22
Madhya Pradesh,Khargone,Khargone,Cluster Beans,Vegetables,0.2,1000,2000,1500,09-Jan-22
Madhya Pradesh,Khargone,Khargone,Cluster Beans,Vegetables,0.3,500,1000,800,08-Jan-22
Madhya Pradesh,Khargone,Khargone,Cluster Beans,Vegetables,0.1,500,1000,800,07-Jan-22
Madhya Pradesh,Khargone,Khargone,Cluster Beans,Vegetables,0.2,500,1000,800,06-Jan-22
Madhya Pradesh,Khargone,Khargone,Cluster Beans,Vegetables,0.4,500,1000,800,05-Jan-22
Madhya Pradesh,Khargone,Khargone,Cluster Beans,Vegetables,0.3,500,1000,800,04-Jan-22
Madhya Pradesh,Khargone,Khargone,Cluster Beans,Vegetables,9,500,1500,800,03-Jan-22
Madhya Pradesh,Khargone,Khargone,Cluster Beans,Vegetables,1,1000,2000,1500,02-Jan-22
Madhya Pradesh,Khargone,Khargone,Cluster Beans,Vegetables,2,1000,2500,1200,01-Jan-22
Madhya Pradesh,Jhabua,Petlawad,Cluster Beans,Vegetables,0.17,1200,1400,1300,18-Dec-23
Madhya Pradesh,Jhabua,Petlawad,Cluster Beans,Vegetables,0.1,1200,1200,1200,16-Dec-23
Madhya Pradesh,Jhabua,Petlawad,Cluster Beans,Vegetables,0.1,1000,1500,1250,13-Dec-23
Madhya Pradesh,Jhabua,Petlawad,Cluster Beans,Vegetables,0.1,1000,1500,1250,12-Dec-23
Madhya Pradesh,Jhabua,Petlawad,Cluster Beans,Vegetables,0.17,1200,1500,1437,11-Dec-23
Madhya Pradesh,Jhabua,Petlawad,Cluster Beans,Vegetables,0.22,1400,1500,1492,10-Dec-23
Madhya Pradesh,Jhabua,Petlawad,Cluster Beans,Vegetables,0.05,1500,1500,1500,09-Dec-23
Madhya Pradesh,Jhabua,Petlawad,Cluster Beans,Vegetables,0.08,1500,1500,1500,08-Dec-23
Madhya Pradesh,Jhabua,Petlawad,Cluster Beans,Vegetables,0.04,1500,1500,1500,07-Dec-23
Madhya Pradesh,Jhabua,Petlawad,Cluster Beans,Vegetables,0.09,1400,1500,1443,06-Dec-23
Madhya Pradesh,Jhabua,Petlawad,Cluster Beans,Vegetables,0.09,1400,1500,1443,05-Dec-23
Madhya Pradesh,Jhabua,Petlawad,Cluster Beans,Vegetables,0.09,1400,1500,1443,04-Dec-23
Madhya Pradesh,Jhabua,Petlawad,Cluster Beans,Vegetables,0.12,1400,1500,1458,03-Dec-23
Madhya Pradesh,Jhabua,Petlawad,Cluster Beans,Vegetables,0.12,1400,1500,1458,02-Dec-23
Madhya Pradesh,Jhabua,Petlawad,Cluster Beans,Vegetables,0.09,1500,1500,1500,01-Dec-23
Madhya Pradesh,Jhabua,Petlawad,Cluster Beans,Vegetables,0.09,1500,1500,1500,30-Nov-23
Madhya Pradesh,Jhabua,Petlawad,Cluster Beans,Vegetables,0.07,1500,1500,1500,29-Nov-23
Madhya Pradesh,Jhabua,Petlawad,Cluster Beans,Vegetables,0.07,1500,1500,1500,28-Nov-23
Madhya Pradesh,Jhabua,Petlawad,Cluster Beans,Vegetables,0.07,1500,1500,1500,27-Nov-23
Madhya Pradesh,Jhabua,Petlawad,Cluster Beans,Vegetables,0.13,1500,1700,1656,24-Nov-23
Madhya Pradesh,Jhabua,Petlawad,Cluster Beans,Vegetables,0.18,1500,1700,1669,23-Nov-23
Madhya Pradesh,Jhabua,Petlawad,Cluster Beans,Vegetables,0.05,1500,1500,1500,22-Nov-23
Madhya Pradesh,Jhabua,Petlawad,Cluster Beans,Vegetables,0.1,1700,1700,1700,21-Nov-23
Madhya Pradesh,Jhabua,Petlawad,Cluster Beans,Vegetables,0.08,1700,2000,1927,11-Nov-23
Madhya Pradesh,Jhabua,Petlawad,Cluster Beans,Vegetables,0.14,1500,2300,1812,10-Nov-23
Madhya Pradesh,Jhabua,Petlawad,Cluster Beans,Vegetables,0.15,1500,2300,1857,09-Nov-23
Madhya Pradesh,Jhabua,Petlawad,Cluster Beans,Vegetables,0.13,1800,2500,2174,07-Nov-23
Madhya Pradesh,Jhabua,Petlawad,Cluster Beans,Vegetables,0.02,2200,2500,2350,06-Nov-23
Madhya Pradesh,Jhabua,Petlawad,Cluster Beans,Vegetables,0.02,1200,1200,1200,05-Nov-23
Madhya Pradesh,Jhabua,Petlawad,Cluster Beans,Vegetables,0.05,5500,5500,5500,04-Nov-23
Madhya Pradesh,Jhabua,Petlawad,Cluster Beans,Vegetables,0.08,2500,2500,2500,02-Nov-23
Madhya Pradesh,Jhabua,Petlawad,Cluster Beans,Vegetables,0.08,2500,2500,2500,01-Nov-23
Madhya Pradesh,Jhabua,Petlawad,Cluster Beans,Vegetables,0.08,1500,1500,1500,28-Oct-23
Madhya Pradesh,Jhabua,Petlawad,Cluster Beans,Vegetables,0.04,1600,1600,1600,22-Oct-23
Madhya Pradesh,Jhabua,Petlawad,Cluster Beans,Vegetables,0.04,1600,1600,1600,21-Oct-23
Madhya Pradesh,Jhabua,Petlawad,Cluster Beans,Vegetables,0.06,2000,2000,2000,16-Oct-23
Madhya Pradesh,Jhabua,Petlawad,Cluster Beans,Vegetables,0.09,1200,1200,1200,29-Sep-23
Madhya Pradesh,Jhabua,Petlawad,Cluster Beans,Vegetables,0.13,1200,1200,1200,28-Sep-23
Madhya Pradesh,Jhabua,Petlawad,Cluster Beans,Vegetables,0.19,1000,1000,1000,26-Sep-23
Madhya Pradesh,Jhabua,Petlawad,Cluster Beans,Vegetables,0.11,1300,1300,1300,24-Sep-23
Madhya Pradesh,Jhabua,Petlawad,Cluster Beans,Vegetables,0.05,1000,1000,1000,23-Sep-23
Madhya Pradesh,Jhabua,Petlawad,Cluster Beans,Vegetables,0.24,1200,1200,1200,22-Sep-23
Madhya Pradesh,Jhabua,Petlawad,Cluster Beans,Vegetables,0.09,1200,1200,1200,21-Sep-23
Madhya Pradesh,Jhabua,Petlawad,Cluster Beans,Vegetables,0.09,1100,1100,1100,12-Sep-23
Madhya Pradesh,Jhabua,Petlawad,Cluster Beans,Vegetables,0.05,1000,1000,1000,11-Sep-23
Madhya Pradesh,Jhabua,Petlawad,Cluster Beans,Vegetables,0.05,1000,1000,1000,10-Sep-23
Madhya Pradesh,Jhabua,Petlawad,Cluster Beans,Vegetables,0.05,700,700,700,04-Sep-23
Madhya Pradesh,Jhabua,Petlawad,Cluster Beans,Vegetables,0.09,1300,1300,1300,28-Aug-23
Madhya Pradesh,Jhabua,Petlawad,Cluster Beans,Vegetables,0.15,1000,1500,1333,27-Aug-23
Madhya Pradesh,Jhabua,Petlawad,Cluster Beans,Vegetables,0.13,500,1200,931,26-Aug-23
Madhya Pradesh,Jhabua,Petlawad,Cluster Beans,Vegetables,0.05,1500,1500,1500,25-Aug-23
Madhya Pradesh,Jhabua,Petlawad,Cluster Beans,Vegetables,0.05,1500,1500,1500,22-Aug-23
Madhya Pradesh,Jhabua,Petlawad,Cluster Beans,Vegetables,0.05,1500,1500,1500,21-Aug-23
Madhya Pradesh,Jhabua,Petlawad,Cluster Beans,Vegetables,0.15,1000,1500,1333,20-Aug-23
Madhya Pradesh,Jhabua,Petlawad,Cluster Beans,Vegetables,0.1,1000,1500,1250,19-Aug-23
Madhya Pradesh,Jhabua,Petlawad,Cluster Beans,Vegetables,0.16,2000,2000,2000,13-Aug-23
Madhya Pradesh,Jhabua,Petlawad,Cluster Beans,Vegetables,0.16,2000,2000,2000,12-Aug-23
Madhya Pradesh,Jhabua,Petlawad,Cluster Beans,Vegetables,0.2,1200,1200,1200,25-Jul-23
Madhya Pradesh,Jhabua,Petlawad,Cluster Beans,Vegetables,0.22,1200,3500,1409,24-Jul-23
Madhya Pradesh,Jhabua,Petlawad,Cluster Beans,Vegetables,0.22,1200,3500,1409,23-Jul-23
Madhya Pradesh,Jhabua,Petlawad,Cluster Beans,Vegetables,0.09,3000,3000,3000,22-Jul-23
Madhya Pradesh,Jhabua,Petlawad,Cluster Beans,Vegetables,0.05,1000,1000,1000,21-Jul-23
Madhya Pradesh,Jhabua,Petlawad,Cluster Beans,Vegetables,0.05,1000,1000,1000,20-Jul-23
Madhya Pradesh,Jhabua,Petlawad,Cluster Beans,Vegetables,0.02,1500,1500,1500,19-Jul-23
Madhya Pradesh,Jhabua,Petlawad,Cluster Beans,Vegetables,0.2,1200,1200,1200,18-Jul-23
Madhya Pradesh,Jhabua,Petlawad,Cluster Beans,Vegetables,0.2,1200,1200,1200,17-Jul-23
Madhya Pradesh,Jhabua,Petlawad,Cluster Beans,Vegetables,0.22,1200,3500,1409,16-Jul-23
Madhya Pradesh,Jhabua,Petlawad,Cluster Beans,Vegetables,0.3,1200,1200,1200,15-Jul-23
Madhya Pradesh,Jhabua,Petlawad,Cluster Beans,Vegetables,0.35,800,1200,1029,13-Jul-23
Madhya Pradesh,Jhabua,Petlawad,Cluster Beans,Vegetables,0.14,2500,4000,2929,11-Jul-23
Madhya Pradesh,Jhabua,Petlawad,Cluster Beans,Vegetables,0.14,2500,4000,2929,09-Jul-23
Madhya Pradesh,Jhabua,Petlawad,Cluster Beans,Vegetables,0.02,1500,1500,1500,07-Jul-23
Madhya Pradesh,Jhabua,Petlawad,Cluster Beans,Vegetables,0.16,1500,2200,2069,03-Jul-23
Madhya Pradesh,Jhabua,Petlawad,Cluster Beans,Vegetables,0.2,1200,1200,1200,29-Jun-23
Madhya Pradesh,Jhabua,Petlawad,Cluster Beans,Vegetables,0.35,800,1200,1029,28-Jun-23
Madhya Pradesh,Jhabua,Petlawad,Cluster Beans,Vegetables,0.04,2500,2500,2500,27-Jun-23
Madhya Pradesh,Jhabua,Petlawad,Cluster Beans,Vegetables,0.35,800,1200,1029,26-Jun-23
Madhya Pradesh,Jhabua,Petlawad,Cluster Beans,Vegetables,0.2,1000,1000,1000,25-Jun-23
Madhya Pradesh,Jhabua,Petlawad,Cluster Beans,Vegetables,0.2,1000,1000,1000,24-Jun-23
Madhya Pradesh,Jhabua,Petlawad,Cluster Beans,Vegetables,0.2,1200,2500,1200,23-Jun-23
Madhya Pradesh,Jhabua,Petlawad,Cluster Beans,Vegetables,0.3,1000,3000,1667,22-Jun-23
Madhya Pradesh,Jhabua,Petlawad,Cluster Beans,Vegetables,0.2,1200,2500,1200,21-Jun-23
Madhya Pradesh,Jhabua,Petlawad,Cluster Beans,Vegetables,0.2,1000,1000,1000,20-Jun-23
Madhya Pradesh,Jhabua,Petlawad,Cluster Beans,Vegetables,0.33,1000,1200,1078,19-Jun-23
Madhya Pradesh,Jhabua,Petlawad,Cluster Beans,Vegetables,0.2,1000,1000,1000,18-Jun-23
Madhya Pradesh,Jhabua,Petlawad,Cluster Beans,Vegetables,0.25,1000,3000,1400,17-Jun-23
Madhya Pradesh,Jhabua,Petlawad,Cluster Beans,Vegetables,0.26,1000,2000,1231,16-Jun-23
Madhya Pradesh,Jhabua,Petlawad,Cluster Beans,Vegetables,0.42,1000,2000,1333,15-Jun-23
Madhya Pradesh,Jhabua,Petlawad,Cluster Beans,Vegetables,0.2,1000,1000,1000,14-Jun-23
Madhya Pradesh,Jhabua,Petlawad,Cluster Beans,Vegetables,0.2,1000,1000,1000,12-Jun-23
Madhya Pradesh,Jhabua,Petlawad,Cluster Beans,Vegetables,0.32,800,1000,925,11-Jun-23
Madhya Pradesh,Jhabua,Petlawad,Cluster Beans,Vegetables,0.55,1000,3000,1318,10-Jun-23
Madhya Pradesh,Jhabua,Petlawad,Cluster Beans,Vegetables,0.25,1000,3000,1400,09-Jun-23
Madhya Pradesh,Jhabua,Petlawad,Cluster Beans,Vegetables,0.35,1000,1000,1000,08-Jun-23
Madhya Pradesh,Jhabua,Petlawad,Cluster Beans,Vegetables,0.38,800,1000,905,07-Jun-23
Madhya Pradesh,Jhabua,Petlawad,Cluster Beans,Vegetables,0.31,1000,2000,1387,05-Jun-23
Madhya Pradesh,Jhabua,Petlawad,Cluster Beans,Vegetables,0.35,800,1200,1029,03-Jun-23
Madhya Pradesh,Jhabua,Petlawad,Cluster Beans,Vegetables,0.2,1200,2500,1200,02-Jun-23
Madhya Pradesh,Jhabua,Petlawad,Cluster Beans,Vegetables,0.2,1200,2500,1200,01-Jun-23
Madhya Pradesh,Jhabua,Petlawad,Cluster Beans,Vegetables,0.25,1200,2500,1460,30-May-23
Madhya Pradesh,Jhabua,Petlawad,Cluster Beans,Vegetables,0.35,1200,2500,1471,29-May-23
Madhya Pradesh,Jhabua,Petlawad,Cluster Beans,Vegetables,0.4,1200,1500,1350,28-May-23
Madhya Pradesh,Jhabua,Petlawad,Cluster Beans,Vegetables,0.39,800,2500,1225,27-May-23
Madhya Pradesh,Jhabua,Petlawad,Cluster Beans,Vegetables,0.12,1500,1500,1500,26-May-23
Madhya Pradesh,Jhabua,Petlawad,Cluster Beans,Vegetables,0.47,1200,2000,1549,25-May-23
Madhya Pradesh,Jhabua,Petlawad,Cluster Beans,Vegetables,0.53,1000,1600,1252,24-May-23
Madhya Pradesh,Jhabua,Petlawad,Cluster Beans,Vegetables,0.42,1200,1800,1426,23-May-23
Madhya Pradesh,Jhabua,Petlawad,Cluster Beans,Vegetables,0.2,1200,1200,1200,22-May-23
Madhya Pradesh,Jhabua,Petlawad,Cluster Beans,Vegetables,0.2,1200,1200,1200,21-May-23
Madhya Pradesh,Jhabua,Petlawad,Cluster Beans,Vegetables,0.42,1000,1200,1143,20-May-23
Madhya Pradesh,Jhabua,Petlawad,Cluster Beans,Vegetables,0.56,1000,2000,1179,19-May-23
Madhya Pradesh,Jhabua,Petlawad,Cluster Beans,Vegetables,0.43,1000,1500,1202,18-May-23
Madhya Pradesh,Jhabua,Petlawad,Cluster Beans,Vegetables,0.55,1000,1200,1091,17-May-23
Madhya Pradesh,Jhabua,Petlawad,Cluster Beans,Vegetables,0.28,1200,1200,1200,16-May-23
Madhya Pradesh,Jhabua,Petlawad,Cluster Beans,Vegetables,0.35,1200,2500,1275,15-May-23
Madhya Pradesh,Jhabua,Petlawad,Cluster Beans,Vegetables,0.4,1000,1200,1125,14-May-23
Madhya Pradesh,Jhabua,Petlawad,Cluster Beans,Vegetables,0.25,1200,1200,1200,13-May-23
Madhya Pradesh,Jhabua,Petlawad,Cluster Beans,Vegetables,0.53,1200,1500,1332,12-May-23
Madhya Pradesh,Jhabua,Petlawad,Cluster Beans,Vegetables,0.14,1400,1400,1400,10-May-23
Madhya Pradesh,Jhabua,Petlawad,Cluster Beans,Vegetables,0.34,1200,1600,1372,09-May-23
Madhya Pradesh,Jhabua,Petlawad,Cluster Beans,Vegetables,0.32,1000,2000,1219,07-May-23
Madhya Pradesh,Jhabua,Petlawad,Cluster Beans,Vegetables,0.35,1000,1200,1085,06-May-23
Madhya Pradesh,Jhabua,Petlawad,Cluster Beans,Vegetables,0.31,1000,2000,1387,03-May-23
Madhya Pradesh,Jhabua,Petlawad,Cluster Beans,Vegetables,0.34,1200,1600,1372,02-May-23
Madhya Pradesh,Jhabua,Petlawad,Cluster Beans,Vegetables,0.2,1500,1500,1500,01-May-23
Madhya Pradesh,Jhabua,Petlawad,Cluster Beans,Vegetables,0.17,2000,2000,2000,28-Apr-23
Madhya Pradesh,Jhabua,Petlawad,Cluster Beans,Vegetables,0.1,2300,2300,2300,27-Apr-23
Madhya Pradesh,Jhabua,Petlawad,Cluster Beans,Vegetables,0.07,1200,2200,1494,26-Apr-23
Madhya Pradesh,Jhabua,Petlawad,Cluster Beans,Vegetables,0.08,1100,1100,1100,07-Mar-23
Madhya Pradesh,Jhabua,Petlawad,Cluster Beans,Vegetables,0.4,600,600,600,30-Dec-22
Madhya Pradesh,Jhabua,Petlawad,Cluster Beans,Vegetables,0.05,1000,1000,1000,02-Dec-22
Madhya Pradesh,Jhabua,Petlawad,Cluster Beans,Vegetables,0.06,1000,1000,1000,01-Dec-22
Madhya Pradesh,Jhabua,Petlawad,Cluster Beans,Vegetables,0.13,1000,3000,1154,26-Nov-22
Madhya Pradesh,Jhabua,Petlawad,Cluster Beans,Vegetables,0.04,1500,1500,1500,19-Nov-22
Madhya Pradesh,Jhabua,Petlawad,Cluster Beans,Vegetables,0.12,1000,1000,1000,11-Nov-22
Madhya Pradesh,Jhabua,Petlawad,Cluster Beans,Vegetables,0.1,1000,1000,1000,10-Nov-22
Madhya Pradesh,Jhabua,Petlawad,Cluster Beans,Vegetables,0.11,1200,1200,1200,09-Nov-22
Madhya Pradesh,Jhabua,Petlawad,Cluster Beans,Vegetables,0.02,1900,1900,1900,08-Nov-22
Madhya Pradesh,Jhabua,Petlawad,Cluster Beans,Vegetables,0.03,1800,1800,1800,05-Nov-22
Madhya Pradesh,Jhabua,Petlawad,Cluster Beans,Vegetables,0.32,1300,2000,1563,04-Nov-22
Madhya Pradesh,Jhabua,Petlawad,Cluster Beans,Vegetables,0.1,1200,1200,1200,01-Nov-22
Madhya Pradesh,Jhabua,Petlawad,Cluster Beans,Vegetables,0.07,1500,3000,2500,30-Oct-22
Madhya Pradesh,Jhabua,Petlawad,Cluster Beans,Vegetables,0.05,1200,1200,1200,29-Oct-22
Madhya Pradesh,Jhabua,Petlawad,Cluster Beans,Vegetables,0.06,3000,3000,3000,21-Oct-22
Madhya Pradesh,Jhabua,Petlawad,Cluster Beans,Vegetables,0.02,2000,2000,2000,20-Oct-22
Madhya Pradesh,Jhabua,Petlawad,Cluster Beans,Vegetables,0.01,4000,4000,4000,08-Oct-22
Madhya Pradesh,Jhabua,Petlawad,Cluster Beans,Vegetables,0.04,1300,1300,1300,01-Oct-22
Madhya Pradesh,Jhabua,Petlawad,Cluster Beans,Vegetables,0.12,1300,2000,1475,27-Sep-22
Madhya Pradesh,Jhabua,Petlawad,Cluster Beans,Vegetables,0.06,1300,2000,1533,26-Sep-22
Madhya Pradesh,Jhabua,Petlawad,Cluster Beans,Vegetables,0.2,1200,1200,1200,19-Sep-22
Madhya Pradesh,Jhabua,Petlawad,Cluster Beans,Vegetables,0.11,1500,1500,1500,18-Sep-22
Madhya Pradesh,Jhabua,Petlawad,Cluster Beans,Vegetables,0.1,1500,1500,1500,17-Sep-22
Madhya Pradesh,Jhabua,Petlawad,Cluster Beans,Vegetables,0.12,1500,1500,1500,16-Sep-22
Madhya Pradesh,Jhabua,Petlawad,Cluster Beans,Vegetables,0.06,1500,1500,1500,14-Sep-22
Madhya Pradesh,Jhabua,Petlawad,Cluster Beans,Vegetables,0.15,1200,1200,1200,13-Sep-22
Madhya Pradesh,Jhabua,Petlawad,Cluster Beans,Vegetables,0.2,1500,1500,1500,11-Sep-22
Madhya Pradesh,Jhabua,Petlawad,Cluster Beans,Vegetables,0.2,1000,1000,1000,10-Sep-22
Madhya Pradesh,Jhabua,Petlawad,Cluster Beans,Vegetables,0.14,1000,1000,1000,06-Sep-22
Madhya Pradesh,Jhabua,Petlawad,Cluster Beans,Vegetables,0.18,1000,2000,1222,04-Sep-22
Madhya Pradesh,Jhabua,Petlawad,Cluster Beans,Vegetables,0.03,1200,1200,1200,10-Aug-22
Madhya Pradesh,Jhabua,Petlawad,Cluster Beans,Vegetables,0.3,1200,1200,1200,09-Aug-22
Madhya Pradesh,Jhabua,Petlawad,Cluster Beans,Vegetables,0.09,1200,1200,1200,01-Aug-22
Madhya Pradesh,Jhabua,Petlawad,Cluster Beans,Vegetables,0.23,1200,1300,1261,31-Jul-22
Madhya Pradesh,Jhabua,Petlawad,Cluster Beans,Vegetables,0.14,1200,2000,1486,30-Jul-22
Madhya Pradesh,Jhabua,Petlawad,Cluster Beans,Vegetables,0.18,1000,1800,1667,29-Jul-22
Madhya Pradesh,Jhabua,Petlawad,Cluster Beans,Vegetables,0.04,800,800,800,26-Jul-22
Madhya Pradesh,Jhabua,Petlawad,Cluster Beans,Vegetables,0.04,2000,2000,2000,25-Jul-22
Madhya Pradesh,Jhabua,Petlawad,Cluster Beans,Vegetables,0.02,3000,3000,3000,24-Jul-22
Madhya Pradesh,Jhabua,Petlawad,Cluster Beans,Vegetables,0.09,1100,1100,1100,22-Jul-22
Madhya Pradesh,Jhabua,Petlawad,Cluster Beans,Vegetables,0.09,1100,1100,1100,21-Jul-22
Madhya Pradesh,Jhabua,Petlawad,Cluster Beans,Vegetables,0.35,600,1600,1103,20-Jul-22
Madhya Pradesh,Jhabua,Petlawad,Cluster Beans,Vegetables,0.09,1000,1000,1000,19-Jul-22
Madhya Pradesh,Jhabua,Petlawad,Cluster Beans,Vegetables,0.21,600,1000,771,18-Jul-22
Madhya Pradesh,Jhabua,Petlawad,Cluster Beans,Vegetables,0.43,1000,1000,1000,16-Jul-22
Madhya Pradesh,Jhabua,Petlawad,Cluster Beans,Vegetables,0.3,1000,1000,1000,15-Jul-22
Madhya Pradesh,Jhabua,Petlawad,Cluster Beans,Vegetables,0.39,1000,1000,1000,12-Jul-22
Madhya Pradesh,Jhabua,Petlawad,Cluster Beans,Vegetables,0.43,1000,1000,1000,11-Jul-22
Madhya Pradesh,Jhabua,Petlawad,Cluster Beans,Vegetables,0.15,1000,4000,1600,10-Jul-22
Madhya Pradesh,Jhabua,Petlawad,Cluster Beans,Vegetables,0.25,1000,4000,1440,08-Jul-22
Madhya Pradesh,Jhabua,Petlawad,Cluster Beans,Vegetables,0.26,700,1300,1022,06-Jul-22
Madhya Pradesh,Jhabua,Petlawad,Cluster Beans,Vegetables,0.02,3500,3500,3500,04-Jul-22
Madhya Pradesh,Jhabua,Petlawad,Cluster Beans,Vegetables,0.04,1500,2200,1859,02-Jul-22
Madhya Pradesh,Jhabua,Petlawad,Cluster Beans,Vegetables,0.05,500,3500,2300,01-Jul-22
Madhya Pradesh,Jhabua,Petlawad,Cluster Beans,Vegetables,0.24,600,1000,801,23-Jun-22
Madhya Pradesh,Jhabua,Petlawad,Cluster Beans,Vegetables,0.22,600,1800,931,22-Jun-22
Madhya Pradesh,Jhabua,Petlawad,Cluster Beans,Vegetables,0.04,3500,3500,3500,21-Jun-22
Madhya Pradesh,Jhabua,Petlawad,Cluster Beans,Vegetables,0.36,1000,1000,1000,19-Jun-22
Madhya Pradesh,Jhabua,Petlawad,Cluster Beans,Vegetables,0.06,2000,2000,2000,12-Jun-22
Madhya Pradesh,Jhabua,Petlawad,Cluster Beans,Vegetables,0.14,1400,2000,1574,11-Jun-22
Madhya Pradesh,Jhabua,Petlawad,Cluster Beans,Vegetables,0.1,1500,2000,1703,10-Jun-22
Madhya Pradesh,Jhabua,Petlawad,Cluster Beans,Vegetables,0.08,2000,2000,2000,09-Jun-22
Madhya Pradesh,Jhabua,Petlawad,Cluster Beans,Vegetables,0.02,2100,2100,2100,08-Jun-22
Madhya Pradesh,Jhabua,Petlawad,Cluster Beans,Vegetables,0.02,2100,2100,2100,07-Jun-22
Madhya Pradesh,Jhabua,Petlawad,Cluster Beans,Vegetables,0.07,1800,2000,1941,06-Jun-22
Madhya Pradesh,Jhabua,Petlawad,Cluster Beans,Vegetables,0.17,1200,3500,2234,05-Jun-22
Madhya Pradesh,Jhabua,Petlawad,Cluster Beans,Vegetables,0.09,1800,2000,1952,04-Jun-22
Madhya Pradesh,Jhabua,Petlawad,Cluster Beans,Vegetables,0.05,2500,2500,2500,03-Jun-22
Madhya Pradesh,Jhabua,Petlawad,Cluster Beans,Vegetables,0.16,2000,2500,2124,02-Jun-22
Madhya Pradesh,Jhabua,Petlawad,Cluster Beans,Vegetables,0.07,2000,2500,2148,01-Jun-22
Madhya Pradesh,Jhabua,Petlawad,Cluster Beans,Vegetables,0.02,2500,2500,2500,31-May-22
Madhya Pradesh,Jhabua,Petlawad,Cluster Beans,Vegetables,0.11,2000,3000,2375,29-May-22
Madhya Pradesh,Jhabua,Petlawad,Cluster Beans,Vegetables,0.07,2900,3000,2957,28-May-22
Madhya Pradesh,Jhabua,Petlawad,Cluster Beans,Vegetables,0.19,1200,1300,1263,26-May-22
Madhya Pradesh,Jhabua,Petlawad,Cluster Beans,Vegetables,0.18,1200,1300,1262,25-May-22
Madhya Pradesh,Jhabua,Petlawad,Cluster Beans,Vegetables,0.28,1200,1500,1296,24-May-22
Madhya Pradesh,Jhabua,Petlawad,Cluster Beans,Vegetables,0.09,1500,2000,1722,23-May-22
Madhya Pradesh,Jhabua,Petlawad,Cluster Beans,Vegetables,0.1,1200,1200,1200,20-May-22
Madhya Pradesh,Jhabua,Petlawad,Cluster Beans,Vegetables,0.05,1200,1500,1324,19-May-22
Madhya Pradesh,Jhabua,Petlawad,Cluster Beans,Vegetables,0.17,800,800,800,18-May-22
Madhya Pradesh,Jhabua,Petlawad,Cluster Beans,Vegetables,0.13,1200,1200,1200,17-May-22
Madhya Pradesh,Jhabua,Petlawad,Cluster Beans,Vegetables,0.05,1300,1300,1300,16-May-22
Madhya Pradesh,Jhabua,Petlawad,Cluster Beans,Vegetables,0.33,1000,1000,1000,15-May-22
Madhya Pradesh,Jhabua,Petlawad,Cluster Beans,Vegetables,0.15,1200,1200,1200,14-May-22
Madhya Pradesh,Jhabua,Petlawad,Cluster Beans,Vegetables,0.2,700,700,700,13-May-22
Madhya Pradesh,Jhabua,Petlawad,Cluster Beans,Vegetables,0.15,1000,1200,1093,12-May-22
Madhya Pradesh,Jhabua,Petlawad,Cluster Beans,Vegetables,0.28,800,1500,1153,11-May-22
Madhya Pradesh,Jhabua,Petlawad,Cluster Beans,Vegetables,0.07,1200,1200,1200,10-May-22
Madhya Pradesh,Jhabua,Petlawad,Cluster Beans,Vegetables,0.1,1500,1500,1500,09-May-22
Madhya Pradesh,Jhabua,Petlawad,Cluster Beans,Vegetables,0.27,900,1200,1046,05-May-22
Madhya Pradesh,Jhabua,Petlawad,Cluster Beans,Vegetables,0.28,800,1500,1153,04-May-22
Madhya Pradesh,Jhabua,Petlawad,Cluster Beans,Vegetables,0.29,1000,1200,1172,03-May-22
Madhya Pradesh,Jhabua,Petlawad,Cluster Beans,Vegetables,0.27,900,1200,1046,02-May-22
Madhya Pradesh,Jhabua,Petlawad,Cluster Beans,Vegetables,0.24,1000,2500,1792,01-May-22
Madhya Pradesh,Jhabua,Petlawad,Cluster Beans,Vegetables,0.23,1200,2500,2330,30-Apr-22
Madhya Pradesh,Jhabua,Petlawad,Cluster Beans,Vegetables,0.07,1500,1500,1500,29-Apr-22
Madhya Pradesh,Jhabua,Petlawad,Cluster Beans,Vegetables,0.29,1500,2500,2083,28-Apr-22
Madhya Pradesh,Jhabua,Petlawad,Cluster Beans,Vegetables,0.34,1000,2500,1729,27-Apr-22
Madhya Pradesh,Jhabua,Petlawad,Cluster Beans,Vegetables,0.04,1200,1200,1200,26-Apr-22
Madhya Pradesh,Jhabua,Petlawad,Cluster Beans,Vegetables,0.19,1200,2500,1474,25-Apr-22
Madhya Pradesh,Jhabua,Petlawad,Cluster Beans,Vegetables,0.12,1400,1400,1400,24-Apr-22
Madhya Pradesh,Jhabua,Petlawad,Cluster Beans,Vegetables,0.04,3100,3100,3100,21-Apr-22
Madhya Pradesh,Jhabua,Petlawad,Cluster Beans,Vegetables,0.02,2500,2500,2500,20-Apr-22
Madhya Pradesh,Jhabua,Petlawad,Cluster Beans,Vegetables,0.02,3000,3000,3000,19-Apr-22
Madhya Pradesh,Jhabua,Petlawad,Cluster Beans,Vegetables,0.25,1000,1000,1000,14-Apr-22
Madhya Pradesh,Jhabua,Petlawad,Cluster Beans,Vegetables,0.04,3500,3500,3500,13-Apr-22
Madhya Pradesh,Jhabua,Petlawad,Cluster Beans,Vegetables,0.05,3500,3500,3500,08-Apr-22
Madhya Pradesh,Jhabua,Petlawad,Cluster Beans,Vegetables,0.1,1500,1500,1500,07-Apr-22
Madhya Pradesh,Jhabua,Petlawad,Cluster Beans,Vegetables,0.1,1300,1300,1300,06-Apr-22
Madhya Pradesh,Jhabua,Petlawad,Cluster Beans,Vegetables,0.09,900,900,900,03-Apr-22
Madhya Pradesh,Jhabua,Petlawad,Cluster Beans,Vegetables,0.17,1200,1200,1200,17-Mar-22
Madhya Pradesh,Jhabua,Petlawad,Cluster Beans,Vegetables,0.09,1500,1500,1500,13-Mar-22
Madhya Pradesh,Jhabua,Petlawad,Cluster Beans,Vegetables,0.06,1500,1500,1500,12-Mar-22
Madhya Pradesh,Jhabua,Petlawad,Cluster Beans,Vegetables,0.1,1000,1000,1000,09-Mar-22
Madhya Pradesh,Jhabua,Petlawad,Cluster Beans,Vegetables,0.07,1200,1200,1200,22-Jan-22
Madhya Pradesh,Jhabua,Petlawad,Cluster Beans,Vegetables,0.12,1200,1200,1200,08-Jan-22
Madhya Pradesh,Jhabua,Petlawad,Cluster Beans,Vegetables,0.05,1500,1500,1500,26-Sep-21
Madhya Pradesh,Jhabua,Petlawad,Cluster Beans,Vegetables,0.05,800,800,800,23-Sep-21
Madhya Pradesh,Jhabua,Petlawad,Cluster Beans,Vegetables,0.05,2000,2000,2000,30-Jul-21
Madhya Pradesh,Jhabua,Petlawad,Cluster Beans,Vegetables,0.05,2000,2000,2000,29-Jul-21
Madhya Pradesh,Jhabua,Petlawad,Cluster Beans,Vegetables,0.05,2000,2000,2000,28-Jul-21
Madhya Pradesh,Jhabua,Petlawad,Cluster Beans,Vegetables,0.02,1500,1500,1500,27-Jul-21
Madhya Pradesh,Jhabua,Petlawad,Cluster Beans,Vegetables,0.1,1200,1200,1200,26-Jul-21
Madhya Pradesh,Jhabua,Petlawad,Cluster Beans,Vegetables,0.12,1200,1500,1250,25-Jul-21
Madhya Pradesh,Jhabua,Petlawad,Cluster Beans,Vegetables,0.18,1200,1600,1267,24-Jul-21
Madhya Pradesh,Jhabua,Petlawad,Cluster Beans,Vegetables,0.19,1000,1263,1200,23-Jul-21
Madhya Pradesh,Jhabua,Petlawad,Cluster Beans,Vegetables,0.22,1000,1200,1136,22-Jul-21
Madhya Pradesh,Jhabua,Petlawad,Cluster Beans,Vegetables,0.15,1200,1200,1200,21-Jul-21
Madhya Pradesh,Jhabua,Petlawad,Cluster Beans,Vegetables,0.02,1200,1200,1200,20-Jul-21
Madhya Pradesh,Jhabua,Petlawad,Cluster Beans,Vegetables,0.09,1200,1200,1200,19-Jul-21
Madhya Pradesh,Jhabua,Petlawad,Cluster Beans,Vegetables,0.11,1200,1600,1345,18-Jul-21
Madhya Pradesh,Jhabua,Petlawad,Cluster Beans,Vegetables,0.07,500,1200,700,17-Jul-21
Madhya Pradesh,Jhabua,Petlawad,Cluster Beans,Vegetables,0.1,800,800,800,16-Jul-21
Madhya Pradesh,Jhabua,Petlawad,Cluster Beans,Vegetables,0.16,1000,2000,1300,14-Jul-21
Madhya Pradesh,Jhabua,Petlawad,Cluster Beans,Vegetables,0.4,900,2000,1124,13-Jul-21
Madhya Pradesh,Jhabua,Petlawad,Cluster Beans,Vegetables,0.19,1200,3000,1437,12-Jul-21
Madhya Pradesh,Jhabua,Petlawad,Cluster Beans,Vegetables,0.09,1200,2500,2067,11-Jul-21
Madhya Pradesh,Jhabua,Petlawad,Cluster Beans,Vegetables,0.06,2500,2500,2500,10-Jul-21
Madhya Pradesh,Jhabua,Petlawad,Cluster Beans,Vegetables,0.04,1300,1300,1300,09-Jul-21
Madhya Pradesh,Jhabua,Petlawad,Cluster Beans,Vegetables,0.14,1200,3000,1714,07-Jul-21
Madhya Pradesh,Jhabua,Petlawad,Cluster Beans,Vegetables,0.09,1200,3000,1600,06-Jul-21
Madhya Pradesh,Jhabua,Petlawad,Cluster Beans,Vegetables,0.18,1000,3000,1333,03-Jul-21
Madhya Pradesh,Jhabua,Petlawad,Cluster Beans,Vegetables,0.04,1500,2000,1800,31-May-21
Madhya Pradesh,Jhabua,Petlawad,Cluster Beans,Vegetables,0.07,1600,2500,1800,30-May-21
Madhya Pradesh,Jhabua,Petlawad,Cluster Beans,Vegetables,0.03,2000,2000,2000,29-May-21
Madhya Pradesh,Jhabua,Petlawad,Cluster Beans,Vegetables,0.07,1000,2000,1600,28-May-21
Madhya Pradesh,Jhabua,Petlawad,Cluster Beans,Vegetables,0.14,1200,1300,1300,27-May-21
Madhya Pradesh,Jhabua,Petlawad,Cluster Beans,Vegetables,0.06,1200,1200,1200,26-May-21
Madhya Pradesh,Jhabua,Petlawad,Cluster Beans,Vegetables,0.1,1200,2500,1500,25-May-21
Madhya Pradesh,Jhabua,Petlawad,Cluster Beans,Vegetables,0.07,1200,1500,1300,24-May-21
Madhya Pradesh,Jhabua,Petlawad,Cluster Beans,Vegetables,0.02,1500,1500,1500,23-May-21
Madhya Pradesh,Jhabua,Petlawad,Cluster Beans,Vegetables,0.04,1500,1500,1500,22-May-21
Madhya Pradesh,Jhabua,Petlawad,Cluster Beans,Vegetables,0.03,1500,1500,1500,21-May-21
Madhya Pradesh,Jhabua,Petlawad,Cluster Beans,Vegetables,0.12,1100,1100,1100,20-May-21
Madhya Pradesh,Jhabua,Petlawad,Cluster Beans,Vegetables,0.02,1500,1500,1500,19-May-21
Madhya Pradesh,Dhar,Rajgarh,Cluster Beans,Vegetables,1,300,600,400,06-Mar-23
Madhya Pradesh,Dhar,Rajgarh,Cluster Beans,Vegetables,0.1,1800,2500,2000,24-Jun-22
Madhya Pradesh,Dhar,Rajgarh,Cluster Beans,Vegetables,0.4,500,800,750,14-Mar-22
Madhya Pradesh,Harda,Sirali,Cluster Beans,Vegetables,0.08,3000,3000,3000,13-Apr-22
Madhya Pradesh,Harda,Sirali,Cluster Beans,Vegetables,0.15,800,900,900,18-Sep-21
Madhya Pradesh,Harda,Sirali,Cluster Beans,Vegetables,0.03,1500,1500,1500,03-Jul-21
Madhya Pradesh,Harda,Sirali,Cluster Beans,Vegetables,0.03,1500,1500,1500,02-Jul-21
Madhya Pradesh,Harda,Sirali,Cluster Beans,Vegetables,0.03,1400,1400,1400,27-May-21
Madhya Pradesh,Harda,Sirali,Cluster Beans,Vegetables,0.03,2000,2000,2000,25-May-21
Madhya Pradesh,Harda,Sirali,Cluster Beans,Vegetables,0.04,2000,2000,2000,24-May-21
Madhya Pradesh,Harda,Sirali,Cluster Beans,Vegetables,0.04,1500,1500,1500,21-May-21
Madhya Pradesh,Harda,Sirali,Cluster Beans,Vegetables,0.06,1500,1500,1500,20-May-21
Madhya Pradesh,Harda,Sirali,Cluster Beans,Vegetables,0.04,900,900,900,19-May-21
Madhya Pradesh,Harda,Sirali,Cluster Beans,Vegetables,0.03,1500,1500,1500,18-May-21
Madhya Pradesh,Harda,Sirali,Cluster Beans,Vegetables,0.03,2000,2000,2000,17-May-21
Madhya Pradesh,Sheopur,Syopurkalan(F&V),Cluster Beans,Vegetables,0.3,1000,1100,1050,03-Jun-20
Madhya Pradesh,Sheopur,Syopurkalan(F&V),Cluster Beans,Vegetables,1,1000,1100,1050,05-Aug-19
Madhya Pradesh,Sheopur,Syopurkalan(F&V),Cluster Beans,Vegetables,0.5,1000,1100,1050,23-Feb-19
Madhya Pradesh,Jhabua,Thandla,Cluster Beans,Vegetables,0.6,1000,1400,1200,21-Aug-18
Madhya Pradesh,Jhabua,Thandla,Cluster Beans,Vegetables,1.05,1500,1700,1600,09-Jul-18
Madhya Pradesh,Harda,Timarni,Cluster Beans,Vegetables,0.03,3000,5000,4000,20-Dec-23
Madhya Pradesh,Harda,Timarni,Cluster Beans,Vegetables,0.04,3000,4000,3500,19-Dec-23
Madhya Pradesh,Harda,Timarni,Cluster Beans,Vegetables,0.01,4000,4000,4000,17-Dec-23
Madhya Pradesh,Harda,Timarni,Cluster Beans,Vegetables,0.05,2000,3000,2500,14-Dec-23
Madhya Pradesh,Harda,Timarni,Cluster Beans,Vegetables,0.06,2500,2500,2500,13-Dec-23
Madhya Pradesh,Harda,Timarni,Cluster Beans,Vegetables,0.02,3000,3000,3000,12-Dec-23
Madhya Pradesh,Harda,Timarni,Cluster Beans,Vegetables,0.02,2000,3000,2500,11-Dec-23
Madhya Pradesh,Harda,Timarni,Cluster Beans,Vegetables,0.03,2500,3500,3000,10-Dec-23
Madhya Pradesh,Harda,Timarni,Cluster Beans,Vegetables,0.03,2500,3000,2750,09-Dec-23
Madhya Pradesh,Harda,Timarni,Cluster Beans,Vegetables,0.04,2500,3000,2750,08-Dec-23
Madhya Pradesh,Harda,Timarni,Cluster Beans,Vegetables,0.03,2000,3000,2500,07-Dec-23
Madhya Pradesh,Harda,Timarni,Cluster Beans,Vegetables,0.03,2500,3000,2750,06-Dec-23
Madhya Pradesh,Harda,Timarni,Cluster Beans,Vegetables,0.03,2000,3000,2500,05-Dec-23
Madhya Pradesh,Harda,Timarni,Cluster Beans,Vegetables,0.02,4000,4000,4000,29-Nov-23
Madhya Pradesh,Harda,Timarni,Cluster Beans,Vegetables,0.01,4000,4000,4000,28-Nov-23
Madhya Pradesh,Harda,Timarni,Cluster Beans,Vegetables,0.03,2500,3000,2750,24-Nov-23
Madhya Pradesh,Harda,Timarni,Cluster Beans,Vegetables,0.05,2000,3000,2500,20-Nov-23
Madhya Pradesh,Harda,Timarni,Cluster Beans,Vegetables,0.01,3000,4000,3750,09-Nov-23
Madhya Pradesh,Harda,Timarni,Cluster Beans,Vegetables,0.01,4000,4000,4000,05-Nov-23
Madhya Pradesh,Harda,Timarni,Cluster Beans,Vegetables,0.01,3000,3000,3000,16-Oct-23
Madhya Pradesh,Harda,Timarni,Cluster Beans,Vegetables,0.01,4000,4800,4400,09-Oct-23
Madhya Pradesh,Harda,Timarni,Cluster Beans,Vegetables,0.04,3000,3500,3250,25-Sep-23
Madhya Pradesh,Harda,Timarni,Cluster Beans,Vegetables,0.01,4000,5000,4500,21-Sep-23
Madhya Pradesh,Harda,Timarni,Cluster Beans,Vegetables,0.01,3000,3000,3000,11-Sep-23
Madhya Pradesh,Harda,Timarni,Cluster Beans,Vegetables,0.01,2500,2500,2500,10-Sep-23
Madhya Pradesh,Harda,Timarni,Cluster Beans,Vegetables,0.01,2000,2500,2250,08-Sep-23
Madhya Pradesh,Harda,Timarni,Cluster Beans,Vegetables,0.01,2000,2000,2000,05-Sep-23
Madhya Pradesh,Harda,Timarni,Cluster Beans,Vegetables,0.01,4000,4000,4000,04-Sep-23
Madhya Pradesh,Harda,Timarni,Cluster Beans,Vegetables,0.01,4000,4000,4000,25-Aug-23
Madhya Pradesh,Harda,Timarni,Cluster Beans,Vegetables,0.01,3500,3500,3500,19-Aug-23
Madhya Pradesh,Harda,Timarni,Cluster Beans,Vegetables,0.01,2000,3000,2500,18-Aug-23
Madhya Pradesh,Harda,Timarni,Cluster Beans,Vegetables,0.02,3000,4000,3500,16-Aug-23
Madhya Pradesh,Harda,Timarni,Cluster Beans,Vegetables,0.01,2000,4000,3000,15-Aug-23
Madhya Pradesh,Harda,Timarni,Cluster Beans,Vegetables,0.01,5000,5000,5000,14-Aug-23
Madhya Pradesh,Harda,Timarni,Cluster Beans,Vegetables,0.01,5000,5000,5000,13-Aug-23
Madhya Pradesh,Harda,Timarni,Cluster Beans,Vegetables,0.01,5000,5000,5000,11-Aug-23
Madhya Pradesh,Harda,Timarni,Cluster Beans,Vegetables,0.01,3000,5000,4000,10-Aug-23
Madhya Pradesh,Harda,Timarni,Cluster Beans,Vegetables,0.01,4000,4000,4000,06-Aug-23
Madhya Pradesh,Harda,Timarni,Cluster Beans,Vegetables,0.01,3000,5000,4000,02-Aug-23
Madhya Pradesh,Harda,Timarni,Cluster Beans,Vegetables,0.01,4000,5000,4500,30-Jul-23
Madhya Pradesh,Harda,Timarni,Cluster Beans,Vegetables,0.01,3000,3000,3000,29-Jul-23
Madhya Pradesh,Harda,Timarni,Cluster Beans,Vegetables,0.02,4000,5000,4500,27-Jul-23
Madhya Pradesh,Harda,Timarni,Cluster Beans,Vegetables,0.02,4000,6000,5000,26-Jul-23
Madhya Pradesh,Harda,Timarni,Cluster Beans,Vegetables,0.01,5000,5000,5000,25-Jul-23
Madhya Pradesh,Harda,Timarni,Cluster Beans,Vegetables,0.02,4000,4000,4000,05-Nov-22
Madhya Pradesh,Harda,Timarni,Cluster Beans,Vegetables,0.02,3000,5000,4000,05-Sep-22
Madhya Pradesh,Harda,Timarni,Cluster Beans,Vegetables,0.2,1000,1000,1000,26-May-21
Madhya Pradesh,Harda,Timarni,Cluster Beans,Vegetables,0.19,800,1000,900,22-May-21
Madhya Pradesh,Harda,Timarni,Cluster Beans,Vegetables,0.08,2200,2500,2350,06-Jul-20
