,District Name,Market Name,Variety,Group,Arrivals (Tonnes),Min Price (Rs./Quintal),Max Price (Rs./Quintal),Modal Price (Rs./Quintal),Reported Date,Arrivals (Quintals)
0,Bhopal,Bhopal(F&V),Other,Fruits,9.0,2000,3000,2500,2023-12-20,90.0
1,Bhopal,Bhopal(F&V),Other,Fruits,9.0,2000,3000,2500,2023-12-19,90.0
2,Bhopal,Bhopal(F&V),Other,Fruits,10.0,2000,3000,2500,2023-12-18,100.0
3,Bhopal,Bhopal(F&V),Other,Fruits,8.0,2000,4000,3000,2023-12-15,80.0
4,Bhopal,Bhopal(F&V),Other,Fruits,9.0,2000,3000,2500,2023-12-14,90.0
5,Bhopal,Bhopal(F&V),Other,Fruits,17.0,1000,3000,2000,2023-12-13,170.0
6,Bhopal,Bhopal(F&V),Other,Fruits,9.0,2000,3000,2500,2023-12-12,90.0
7,Bhopal,Bhopal(F&V),Other,Fruits,9.0,2000,3000,2500,2023-12-05,90.0
8,Bhopal,Bhopal(F&V),Other,Fruits,7.0,2000,3000,2500,2023-12-04,70.0
9,Bhopal,Bhopal(F&V),Other,Fruits,8.0,2000,3000,2000,2023-12-03,80.0
10,Bhopal,Bhopal(F&V),Other,Fruits,8.0,2000,3000,2500,2023-12-01,80.0
11,Bhopal,Bhopal(F&V),Other,Fruits,8.0,2000,3000,2500,2023-11-30,80.0
12,Bhopal,Bhopal(F&V),Other,Fruits,8.0,2000,3000,2500,2023-11-27,80.0
13,Bhopal,Bhopal(F&V),Other,Fruits,3.0,1500,3000,2000,2023-11-24,30.0
14,Bhopal,Bhopal(F&V),Other,Fruits,8.0,2000,3000,2500,2023-11-23,80.0
15,Bhopal,Bhopal(F&V),Other,Fruits,8.0,1500,3000,2000,2023-11-22,80.0
16,Bhopal,Bhopal(F&V),Other,Fruits,8.0,2000,4000,3000,2023-11-21,80.0
17,Bhopal,Bhopal(F&V),Other,Fruits,7.0,1500,3000,2000,2023-11-20,70.0
18,Bhopal,Bhopal(F&V),Other,Fruits,9.0,2000,4000,3000,2023-11-08,90.0
19,Bhopal,Bhopal(F&V),Other,Fruits,7.0,2000,4000,3000,2023-11-06,70.0
20,Bhopal,Bhopal(F&V),Other,Fruits,8.0,2000,4000,3000,2023-11-05,80.0
21,Bhopal,Bhopal(F&V),Other,Fruits,8.0,2000,4000,3000,2023-11-03,80.0
22,Bhopal,Bhopal(F&V),Other,Fruits,8.0,2000,4000,3000,2023-11-01,80.0
23,Bhopal,Bhopal(F&V),Other,Fruits,7.0,2000,4000,3000,2023-10-31,70.0
24,Bhopal,Bhopal(F&V),Other,Fruits,8.0,2000,4000,3000,2023-10-30,80.0
25,Bhopal,Bhopal(F&V),Other,Fruits,8.0,2000,4000,3000,2023-10-29,80.0
26,Bhopal,Bhopal(F&V),Other,Fruits,7.0,2000,4000,3000,2023-10-27,70.0
27,Bhopal,Bhopal(F&V),Other,Fruits,0.3,2000,4000,3000,2023-10-22,3.0
28,Bhopal,Bhopal(F&V),Other,Fruits,7.0,2000,4000,3000,2023-10-15,70.0
29,Bhopal,Bhopal(F&V),Other,Fruits,3.0,2000,4000,3000,2023-10-10,30.0
30,Bhopal,Bhopal(F&V),Other,Fruits,3.0,1000,2000,1500,2023-06-02,30.0
31,Bhopal,Bhopal(F&V),Other,Fruits,3.0,1000,2000,1500,2023-05-24,30.0
32,Bhopal,Bhopal(F&V),Other,Fruits,3.0,1000,2000,1500,2023-05-23,30.0
33,Bhopal,Bhopal(F&V),Other,Fruits,4.0,1000,2000,1500,2023-05-21,40.0
34,Bhopal,Bhopal(F&V),Other,Fruits,7.0,1200,1800,1500,2023-05-16,70.0
35,Bhopal,Bhopal(F&V),Other,Fruits,2.0,1000,1500,1200,2023-05-15,20.0
36,Bhopal,Bhopal(F&V),Other,Fruits,7.0,1000,1500,1200,2023-05-14,70.0
37,Bhopal,Bhopal(F&V),Other,Fruits,10.0,1000,2000,1500,2023-05-10,100.0
38,Bhopal,Bhopal(F&V),Other,Fruits,6.0,1000,2000,1500,2023-05-07,60.0
39,Bhopal,Bhopal(F&V),Other,Fruits,6.0,1000,2000,1800,2023-05-03,60.0
40,Bhopal,Bhopal(F&V),Other,Fruits,8.0,1000,2000,1500,2023-05-02,80.0
41,Bhopal,Bhopal(F&V),Other,Fruits,15.0,1000,2000,1500,2023-05-01,150.0
42,Bhopal,Bhopal(F&V),Other,Fruits,8.0,1000,2000,1500,2023-04-27,80.0
43,Bhopal,Bhopal(F&V),Other,Fruits,8.0,1000,2000,1500,2023-04-26,80.0
44,Bhopal,Bhopal(F&V),Other,Fruits,8.0,1000,2000,1500,2023-04-24,80.0
45,Bhopal,Bhopal(F&V),Other,Fruits,12.0,1000,2000,1500,2023-04-19,120.0
46,Bhopal,Bhopal(F&V),Other,Fruits,12.0,1000,2000,1500,2023-04-17,120.0
47,Bhopal,Bhopal(F&V),Other,Fruits,8.0,1000,2000,1500,2023-04-16,80.0
48,Bhopal,Bhopal(F&V),Other,Fruits,12.0,1000,2000,1500,2023-04-14,120.0
49,Bhopal,Bhopal(F&V),Other,Fruits,8.0,1000,2000,1500,2023-04-13,80.0
50,Bhopal,Bhopal(F&V),Other,Fruits,16.0,1000,2000,1500,2023-04-12,160.0
51,Bhopal,Bhopal(F&V),Other,Fruits,8.0,1000,2000,1500,2023-04-11,80.0
52,Bhopal,Bhopal(F&V),Other,Fruits,8.0,1000,2500,1500,2023-04-10,80.0
53,Bhopal,Bhopal(F&V),Other,Fruits,16.0,1000,2500,1500,2023-04-09,160.0
54,Bhopal,Bhopal(F&V),Other,Fruits,6.0,1000,3000,2000,2023-04-06,60.0
55,Bhopal,Bhopal(F&V),Other,Fruits,20.0,1000,3000,2000,2023-04-05,200.0
56,Bhopal,Bhopal(F&V),Other,Fruits,6.0,1000,3000,2000,2023-04-04,60.0
57,Bhopal,Bhopal(F&V),Other,Fruits,12.0,1000,3000,2000,2023-04-03,120.0
58,Bhopal,Bhopal(F&V),Other,Fruits,12.0,1000,3000,2000,2023-04-02,120.0
59,Bhopal,Bhopal(F&V),Other,Fruits,18.0,1000,3000,2000,2023-03-31,180.0
60,Bhopal,Bhopal(F&V),Other,Fruits,20.0,1000,3000,1500,2023-03-30,200.0
61,Bhopal,Bhopal(F&V),Other,Fruits,8.0,1500,3000,2000,2023-03-29,80.0
62,Bhopal,Bhopal(F&V),Other,Fruits,13.0,1000,3000,2000,2023-03-28,130.0
63,Bhopal,Bhopal(F&V),Other,Fruits,20.0,1000,3000,2000,2023-03-27,200.0
64,Bhopal,Bhopal(F&V),Other,Fruits,29.0,1000,3000,2000,2023-03-26,290.0
65,Bhopal,Bhopal(F&V),Other,Fruits,28.0,1000,3000,2000,2023-03-23,280.0
66,Bhopal,Bhopal(F&V),Other,Fruits,20.0,1000,2000,1500,2023-03-21,200.0
67,Bhopal,Bhopal(F&V),Other,Fruits,10.0,1000,1500,1200,2023-03-20,100.0
68,Bhopal,Bhopal(F&V),Other,Fruits,10.0,1500,3000,2000,2023-03-16,100.0
69,Bhopal,Bhopal(F&V),Other,Fruits,24.0,1500,3000,2000,2023-03-15,240.0
70,Bhopal,Bhopal(F&V),Other,Fruits,15.0,1500,3000,2000,2023-03-14,150.0
71,Bhopal,Bhopal(F&V),Other,Fruits,20.0,1000,3000,2000,2023-03-12,200.0
72,Bhopal,Bhopal(F&V),Other,Fruits,11.0,1500,3000,2000,2023-03-05,110.0
73,Bhopal,Bhopal(F&V),Other,Fruits,18.0,1500,2500,2000,2023-03-03,180.0
74,Bhopal,Bhopal(F&V),Other,Fruits,21.0,1500,2000,1800,2023-03-02,210.0
75,Bhopal,Bhopal(F&V),Other,Fruits,6.0,1000,2000,1500,2023-03-01,60.0
76,Bhopal,Bhopal(F&V),Other,Fruits,18.0,1500,2500,2000,2023-02-28,180.0
77,Bhopal,Bhopal(F&V),Other,Fruits,6.0,1500,3000,2000,2023-02-27,60.0
78,Bhopal,Bhopal(F&V),Other,Fruits,20.0,1500,3000,2000,2023-02-26,200.0
79,Bhopal,Bhopal(F&V),Other,Fruits,26.0,1500,2500,2000,2023-02-24,260.0
80,Bhopal,Bhopal(F&V),Other,Fruits,5.0,1000,2500,1500,2023-02-22,50.0
81,Bhopal,Bhopal(F&V),Other,Fruits,11.0,1500,2500,2000,2023-02-21,110.0
82,Bhopal,Bhopal(F&V),Other,Fruits,19.0,1000,2000,1500,2023-02-20,190.0
83,Bhopal,Bhopal(F&V),Other,Fruits,6.0,1000,2000,1500,2023-02-17,60.0
84,Bhopal,Bhopal(F&V),Other,Fruits,4.0,1000,2000,1500,2023-02-15,40.0
85,Bhopal,Bhopal(F&V),Other,Fruits,5.0,1500,2500,2000,2023-02-13,50.0
86,Bhopal,Bhopal(F&V),Other,Fruits,5.0,1000,2000,1500,2023-02-10,50.0
87,Bhopal,Bhopal(F&V),Other,Fruits,6.0,1000,2000,1500,2023-02-09,60.0
88,Bhopal,Bhopal(F&V),Other,Fruits,4.0,1000,2000,1500,2023-02-08,40.0
89,Bhopal,Bhopal(F&V),Other,Fruits,6.0,1000,2000,1500,2023-02-06,60.0
90,Bhopal,Bhopal(F&V),Other,Fruits,8.0,1000,2000,1500,2023-02-05,80.0
91,Bhopal,Bhopal(F&V),Other,Fruits,6.0,1000,1500,1200,2023-02-02,60.0
92,Bhopal,Bhopal(F&V),Other,Fruits,6.0,1000,2000,1500,2023-02-01,60.0
93,Bhopal,Bhopal(F&V),Other,Fruits,6.0,1000,2000,1500,2023-01-31,60.0
94,Bhopal,Bhopal(F&V),Other,Fruits,6.0,1000,2000,1500,2023-01-30,60.0
95,Bhopal,Bhopal(F&V),Other,Fruits,6.0,1000,1800,1500,2023-01-29,60.0
96,Bhopal,Bhopal(F&V),Other,Fruits,10.0,1000,1500,1200,2023-01-26,100.0
97,Bhopal,Bhopal(F&V),Other,Fruits,4.0,1000,1500,1200,2023-01-24,40.0
98,Bhopal,Bhopal(F&V),Other,Fruits,6.0,1000,1500,1200,2023-01-23,60.0
99,Bhopal,Bhopal(F&V),Other,Fruits,4.0,1000,1500,1200,2023-01-22,40.0
100,Bhopal,Bhopal(F&V),Other,Fruits,2.0,1000,1500,1200,2023-01-20,20.0
101,Bhopal,Bhopal(F&V),Other,Fruits,6.0,1000,1500,1200,2023-01-18,60.0
102,Bhopal,Bhopal(F&V),Other,Fruits,2.0,1000,1500,1200,2023-01-12,20.0
103,Bhopal,Bhopal(F&V),Other,Fruits,6.0,1000,1500,1200,2023-01-11,60.0
104,Bhopal,Bhopal(F&V),Other,Fruits,6.0,1000,1800,1400,2023-01-04,60.0
105,Bhopal,Bhopal(F&V),Other,Fruits,8.0,1000,2000,1500,2023-01-01,80.0
106,Bhopal,Bhopal(F&V),Other,Fruits,6.0,1000,2000,1500,2022-12-30,60.0
107,Bhopal,Bhopal(F&V),Other,Fruits,2.0,1000,2000,1500,2022-12-28,20.0
108,Bhopal,Bhopal(F&V),Other,Fruits,2.0,1000,2000,1500,2022-12-27,20.0
109,Bhopal,Bhopal(F&V),Other,Fruits,8.0,1000,2000,1500,2022-12-23,80.0
110,Bhopal,Bhopal(F&V),Other,Fruits,10.0,1000,2000,1500,2022-12-22,100.0
111,Bhopal,Bhopal(F&V),Other,Fruits,10.0,1000,1500,1200,2022-12-21,100.0
112,Bhopal,Bhopal(F&V),Other,Fruits,10.0,1000,2000,1500,2022-12-20,100.0
113,Bhopal,Bhopal(F&V),Other,Fruits,6.0,1000,1500,1200,2022-12-19,60.0
114,Bhopal,Bhopal(F&V),Other,Fruits,4.0,1000,1500,1200,2022-12-16,40.0
115,Bhopal,Bhopal(F&V),Other,Fruits,8.0,1000,2500,1500,2022-12-15,80.0
116,Bhopal,Bhopal(F&V),Other,Fruits,2.0,1000,2000,1500,2022-12-13,20.0
117,Bhopal,Bhopal(F&V),Other,Fruits,10.0,1000,2000,1500,2022-12-12,100.0
118,Bhopal,Bhopal(F&V),Other,Fruits,8.0,1000,2000,1500,2022-12-11,80.0
119,Bhopal,Bhopal(F&V),Other,Fruits,3.0,1000,2000,1500,2022-12-09,30.0
120,Bhopal,Bhopal(F&V),Other,Fruits,3.0,1000,2000,1500,2022-12-07,30.0
121,Bhopal,Bhopal(F&V),Other,Fruits,3.0,1000,2000,1500,2022-12-05,30.0
122,Bhopal,Bhopal(F&V),Other,Fruits,5.0,1000,2000,1500,2022-12-02,50.0
123,Bhopal,Bhopal(F&V),Other,Fruits,15.0,1500,3000,2500,2022-11-25,150.0
124,Bhopal,Bhopal(F&V),Other,Fruits,1.2,2000,3000,2500,2022-05-25,12.0
125,Bhopal,Bhopal(F&V),Other,Fruits,6.0,1200,2000,1500,2022-04-27,60.0
126,Bhopal,Bhopal(F&V),Other,Fruits,8.0,1500,3000,2000,2022-04-26,80.0
127,Bhopal,Bhopal(F&V),Other,Fruits,5.0,1500,2500,2000,2022-04-25,50.0
128,Bhopal,Bhopal(F&V),Other,Fruits,6.0,1000,1600,1200,2022-04-21,60.0
129,Bhopal,Bhopal(F&V),Other,Fruits,4.0,1000,1500,1200,2022-04-19,40.0
130,Bhopal,Bhopal(F&V),Other,Fruits,3.0,1000,1500,1200,2022-04-18,30.0
131,Bhopal,Bhopal(F&V),Other,Fruits,9.0,1000,1500,1200,2022-04-15,90.0
132,Bhopal,Bhopal(F&V),Other,Fruits,3.0,1000,1500,1200,2022-04-14,30.0
133,Bhopal,Bhopal(F&V),Other,Fruits,10.0,2000,3000,2500,2022-04-12,100.0
134,Bhopal,Bhopal(F&V),Other,Fruits,5.0,1000,1500,1200,2022-04-11,50.0
135,Bhopal,Bhopal(F&V),Other,Fruits,14.0,1000,1500,1200,2022-04-10,140.0
136,Bhopal,Bhopal(F&V),Other,Fruits,18.0,1000,1500,1200,2022-04-08,180.0
137,Bhopal,Bhopal(F&V),Other,Fruits,14.0,1000,1500,1200,2022-04-07,140.0
138,Bhopal,Bhopal(F&V),Other,Fruits,15.0,1000,1500,1200,2022-04-06,150.0
139,Bhopal,Bhopal(F&V),Other,Fruits,17.0,1000,1500,1200,2022-04-05,170.0
140,Bhopal,Bhopal(F&V),Other,Fruits,18.0,1000,1500,1200,2022-04-04,180.0
141,Bhopal,Bhopal(F&V),Other,Fruits,8.0,1000,1500,1200,2022-04-03,80.0
142,Bhopal,Bhopal(F&V),Other,Fruits,8.0,1000,1500,1200,2022-04-01,80.0
143,Bhopal,Bhopal(F&V),Other,Fruits,16.0,1000,1500,1200,2022-03-31,160.0
144,Bhopal,Bhopal(F&V),Other,Fruits,13.0,1000,1500,1200,2022-03-30,130.0
145,Bhopal,Bhopal(F&V),Other,Fruits,20.0,1000,1500,1200,2022-03-28,200.0
146,Bhopal,Bhopal(F&V),Other,Fruits,14.0,1200,2000,1500,2022-03-27,140.0
147,Bhopal,Bhopal(F&V),Other,Fruits,23.0,1000,1500,1200,2022-03-24,230.0
148,Bhopal,Bhopal(F&V),Other,Fruits,16.0,1000,1500,1200,2022-03-23,160.0
149,Bhopal,Bhopal(F&V),Other,Fruits,16.0,1000,1500,1200,2022-03-22,160.0
150,Bhopal,Bhopal(F&V),Other,Fruits,10.0,1000,1500,1200,2022-03-20,100.0
151,Bhopal,Bhopal(F&V),Other,Fruits,2.0,1000,2000,1500,2022-03-16,20.0
152,Bhopal,Bhopal(F&V),Other,Fruits,18.7,1000,1800,1300,2022-03-14,187.0
153,Bhopal,Bhopal(F&V),Other,Fruits,20.0,1000,2000,1400,2022-03-13,200.0
154,Bhopal,Bhopal(F&V),Other,Fruits,10.0,1000,2000,1400,2022-03-12,100.0
155,Bhopal,Bhopal(F&V),Other,Fruits,20.0,1000,2000,1400,2022-03-11,200.0
156,Bhopal,Bhopal(F&V),Other,Fruits,10.0,1000,2000,1400,2022-03-10,100.0
157,Bhopal,Bhopal(F&V),Other,Fruits,13.0,1000,2000,1400,2022-03-09,130.0
158,Bhopal,Bhopal(F&V),Other,Fruits,28.0,1000,2000,1400,2022-03-08,280.0
159,Bhopal,Bhopal(F&V),Other,Fruits,20.0,1000,1500,1200,2022-03-07,200.0
160,Bhopal,Bhopal(F&V),Other,Fruits,25.0,1000,2000,1400,2022-03-06,250.0
161,Bhopal,Bhopal(F&V),Other,Fruits,10.0,1000,2000,1400,2022-03-04,100.0
162,Bhopal,Bhopal(F&V),Other,Fruits,19.0,1000,1800,1300,2022-03-03,190.0
163,Bhopal,Bhopal(F&V),Other,Fruits,24.0,1000,2000,1400,2022-03-01,240.0
164,Bhopal,Bhopal(F&V),Other,Fruits,27.6,1000,1800,1300,2022-02-27,276.0
165,Bhopal,Bhopal(F&V),Other,Fruits,21.0,1000,2000,1400,2022-02-25,210.0
166,Bhopal,Bhopal(F&V),Other,Fruits,30.0,1000,2000,1400,2022-02-24,300.0
167,Bhopal,Bhopal(F&V),Other,Fruits,36.0,1000,1800,1300,2022-02-23,360.0
168,Bhopal,Bhopal(F&V),Other,Fruits,42.0,1000,1800,1300,2022-02-22,420.0
169,Bhopal,Bhopal(F&V),Other,Fruits,18.0,1000,2000,1400,2022-02-21,180.0
170,Bhopal,Bhopal(F&V),Other,Fruits,31.0,1000,2000,1400,2022-02-20,310.0
171,Bhopal,Bhopal(F&V),Other,Fruits,22.0,1000,2000,1400,2022-02-18,220.0
172,Bhopal,Bhopal(F&V),Other,Fruits,21.0,1000,2000,1300,2022-02-17,210.0
173,Bhopal,Bhopal(F&V),Other,Fruits,15.0,1000,2000,1400,2022-02-16,150.0
174,Bhopal,Bhopal(F&V),Other,Fruits,26.0,1000,2000,1400,2022-02-15,260.0
175,Bhopal,Bhopal(F&V),Other,Fruits,13.0,1000,2000,1400,2022-02-14,130.0
176,Bhopal,Bhopal(F&V),Other,Fruits,10.0,1000,2000,1400,2022-02-13,100.0
177,Bhopal,Bhopal(F&V),Other,Fruits,16.0,1200,2000,1500,2022-02-11,160.0
178,Bhopal,Bhopal(F&V),Other,Fruits,23.0,1200,2000,1500,2022-02-10,230.0
179,Bhopal,Bhopal(F&V),Other,Fruits,10.0,1200,2000,1500,2022-02-09,100.0
180,Bhopal,Bhopal(F&V),Other,Fruits,25.0,1200,2000,1500,2022-02-07,250.0
181,Bhopal,Bhopal(F&V),Other,Fruits,10.0,1500,2000,1800,2022-02-06,100.0
182,Bhopal,Bhopal(F&V),Other,Fruits,22.0,1000,1500,1200,2022-02-04,220.0
183,Bhopal,Bhopal(F&V),Other,Fruits,16.0,1200,2000,1500,2022-02-03,160.0
184,Bhopal,Bhopal(F&V),Other,Fruits,22.0,1000,2000,1400,2022-02-02,220.0
185,Bhopal,Bhopal(F&V),Other,Fruits,12.0,1200,2000,1500,2022-02-01,120.0
186,Bhopal,Bhopal(F&V),Other,Fruits,15.0,1200,2000,1500,2022-01-31,150.0
187,Bhopal,Bhopal(F&V),Other,Fruits,23.0,1000,2000,1400,2022-01-28,230.0
188,Bhopal,Bhopal(F&V),Other,Fruits,15.0,1000,2000,1400,2022-01-27,150.0
189,Bhopal,Bhopal(F&V),Other,Fruits,22.2,1000,2000,1400,2022-01-26,222.0
190,Bhopal,Bhopal(F&V),Other,Fruits,10.0,1000,2000,1400,2022-01-24,100.0
191,Bhopal,Bhopal(F&V),Other,Fruits,18.0,1000,2000,1400,2022-01-23,180.0
192,Bhopal,Bhopal(F&V),Other,Fruits,16.0,1200,2000,1500,2022-01-20,160.0
193,Bhopal,Bhopal(F&V),Other,Fruits,13.0,1200,2000,1800,2022-01-19,130.0
194,Bhopal,Bhopal(F&V),Other,Fruits,15.0,1000,2000,1400,2022-01-18,150.0
195,Bhopal,Bhopal(F&V),Other,Fruits,13.0,1000,2000,1400,2022-01-17,130.0
196,Bhopal,Bhopal(F&V),Other,Fruits,16.0,1200,2000,1500,2022-01-13,160.0
197,Bhopal,Bhopal(F&V),Other,Fruits,19.0,1200,2000,1500,2022-01-12,190.0
198,Bhopal,Bhopal(F&V),Other,Fruits,16.0,1200,2000,1500,2022-01-11,160.0
199,Bhopal,Bhopal(F&V),Other,Fruits,9.0,1200,2000,1500,2022-01-10,90.0
200,Bhopal,Bhopal(F&V),Other,Fruits,8.0,1200,2000,1500,2022-01-09,80.0
201,Bhopal,Bhopal(F&V),Other,Fruits,30.0,1200,2000,1500,2022-01-06,300.0
202,Bhopal,Bhopal(F&V),Other,Fruits,15.0,1200,2000,1500,2022-01-05,150.0
203,Bhopal,Bhopal(F&V),Other,Fruits,10.0,1200,2000,1500,2022-01-04,100.0
204,Bhopal,Bhopal(F&V),Other,Fruits,16.0,1200,2500,1500,2022-01-03,160.0
205,Bhopal,Bhopal(F&V),Other,Fruits,16.5,1500,2500,1700,2022-01-02,165.0
206,Bhopal,Bhopal(F&V),Other,Fruits,15.0,1500,2500,1800,2021-12-31,150.0
207,Bhopal,Bhopal(F&V),Other,Fruits,25.0,1500,2500,1800,2021-12-30,250.0
208,Bhopal,Bhopal(F&V),Other,Fruits,15.5,1500,2500,1800,2021-12-29,155.0
209,Bhopal,Bhopal(F&V),Other,Fruits,16.5,1500,2500,1700,2021-12-28,165.0
210,Bhopal,Bhopal(F&V),Other,Fruits,15.0,1500,2500,1800,2021-12-27,150.0
211,Bhopal,Bhopal(F&V),Other,Fruits,24.0,1500,2500,1800,2021-12-24,240.0
212,Bhopal,Bhopal(F&V),Other,Fruits,15.0,1500,2500,1800,2021-12-23,150.0
213,Bhopal,Bhopal(F&V),Other,Fruits,15.0,1200,2500,1500,2021-12-22,150.0
214,Bhopal,Bhopal(F&V),Other,Fruits,15.0,1200,2500,1500,2021-12-21,150.0
215,Bhopal,Bhopal(F&V),Other,Fruits,27.0,1200,2500,1500,2021-12-19,270.0
216,Bhopal,Bhopal(F&V),Other,Fruits,24.0,1200,2500,1500,2021-12-17,240.0
217,Bhopal,Bhopal(F&V),Other,Fruits,27.0,1200,2500,1800,2021-12-16,270.0
218,Bhopal,Bhopal(F&V),Other,Fruits,15.0,1200,2500,1700,2021-12-14,150.0
219,Bhopal,Bhopal(F&V),Other,Fruits,22.0,1200,2000,1500,2021-12-09,220.0
220,Bhopal,Bhopal(F&V),Other,Fruits,13.5,1200,2000,1500,2021-12-08,135.0
221,Bhopal,Bhopal(F&V),Other,Fruits,21.0,1200,2500,1800,2021-12-07,210.0
222,Bhopal,Bhopal(F&V),Other,Fruits,21.0,1200,2500,1800,2021-12-06,210.0
223,Bhopal,Bhopal(F&V),Other,Fruits,24.0,1200,2500,1600,2021-12-02,240.0
224,Bhopal,Bhopal(F&V),Other,Fruits,14.0,1200,2500,1700,2021-11-28,140.0
225,Bhopal,Bhopal(F&V),Other,Fruits,20.0,1200,2500,2000,2021-11-26,200.0
226,Bhopal,Bhopal(F&V),Other,Fruits,30.0,1200,2500,2000,2021-11-25,300.0
227,Bhopal,Bhopal(F&V),Other,Fruits,15.5,1200,2500,1800,2021-11-24,155.0
228,Bhopal,Bhopal(F&V),Other,Fruits,15.0,1200,2500,1700,2021-11-23,150.0
229,Bhopal,Bhopal(F&V),Other,Fruits,12.0,1200,2500,1600,2021-11-22,120.0
230,Bhopal,Bhopal(F&V),Other,Fruits,7.0,1500,2500,1800,2021-11-21,70.0
231,Bhopal,Bhopal(F&V),Other,Fruits,7.0,2000,2500,2200,2021-03-31,70.0
232,Bhopal,Bhopal(F&V),Other,Fruits,13.0,1500,2500,2000,2021-03-26,130.0
233,Bhopal,Bhopal(F&V),Other,Fruits,10.0,2000,3000,2500,2021-03-25,100.0
234,Bhopal,Bhopal(F&V),Other,Fruits,14.5,1500,3000,2500,2021-03-24,145.0
235,Bhopal,Bhopal(F&V),Other,Fruits,14.0,1500,2500,2000,2021-03-23,140.0
236,Bhopal,Bhopal(F&V),Other,Fruits,19.0,2000,3000,2500,2021-03-22,190.0
237,Bhopal,Bhopal(F&V),Other,Fruits,15.0,1500,2500,2000,2021-03-20,150.0
238,Bhopal,Bhopal(F&V),Other,Fruits,16.0,1500,2500,2000,2021-03-19,160.0
239,Bhopal,Bhopal(F&V),Other,Fruits,28.0,1500,2500,2000,2021-03-18,280.0
240,Bhopal,Bhopal(F&V),Other,Fruits,25.0,2000,3000,2500,2021-03-17,250.0
241,Bhopal,Bhopal(F&V),Other,Fruits,24.5,1500,3000,2500,2021-03-16,245.0
242,Bhopal,Bhopal(F&V),Other,Fruits,23.0,1500,3000,2000,2021-03-15,230.0
243,Bhopal,Bhopal(F&V),Other,Fruits,29.0,2500,4000,3000,2021-03-14,290.0
244,Bhopal,Bhopal(F&V),Other,Fruits,31.1,1500,2000,1800,2021-03-11,311.0
245,Bhopal,Bhopal(F&V),Other,Fruits,49.3,1500,2000,1800,2021-03-10,493.0
246,Bhopal,Bhopal(F&V),Other,Fruits,23.5,1500,3000,2500,2021-03-08,235.0
247,Bhopal,Bhopal(F&V),Other,Fruits,10.0,2000,3000,2500,2021-03-07,100.0
248,Bhopal,Bhopal(F&V),Other,Fruits,29.0,1500,3000,2000,2021-03-05,290.0
249,Bhopal,Bhopal(F&V),Other,Fruits,29.0,2000,3000,2500,2021-02-28,290.0
250,Bhopal,Bhopal(F&V),Other,Fruits,53.0,2000,2800,2500,2021-02-26,530.0
251,Bhopal,Bhopal(F&V),Other,Fruits,21.0,2400,3400,2800,2021-02-25,210.0
252,Bhopal,Bhopal(F&V),Other,Fruits,28.0,2500,3500,3000,2021-02-24,280.0
253,Bhopal,Bhopal(F&V),Other,Fruits,25.5,2500,3000,2800,2021-02-23,255.0
254,Bhopal,Bhopal(F&V),Other,Fruits,32.0,2200,4200,3200,2021-02-21,320.0
255,Bhopal,Bhopal(F&V),Other,Fruits,29.0,2000,4000,3000,2021-02-19,290.0
256,Bhopal,Bhopal(F&V),Other,Fruits,28.0,2000,3000,2500,2021-02-18,280.0
257,Bhopal,Bhopal(F&V),Other,Fruits,15.0,2000,3000,2500,2021-02-16,150.0
258,Bhopal,Bhopal(F&V),Other,Fruits,9.0,2000,3000,2500,2021-02-15,90.0
259,Bhopal,Bhopal(F&V),Other,Fruits,26.5,2000,3000,2500,2021-02-14,265.0
260,Bhopal,Bhopal(F&V),Other,Fruits,7.0,2000,3000,2500,2021-02-12,70.0
261,Bhopal,Bhopal(F&V),Other,Fruits,21.0,2000,3000,2500,2021-02-11,210.0
262,Bhopal,Bhopal(F&V),Other,Fruits,14.0,2000,3000,2500,2021-02-08,140.0
263,Bhopal,Bhopal(F&V),Other,Fruits,21.5,2000,3000,2500,2021-02-04,215.0
264,Bhopal,Bhopal(F&V),Other,Fruits,15.0,2000,4000,3000,2021-01-31,150.0
265,Bhopal,Bhopal(F&V),Other,Fruits,14.0,3000,5000,4000,2021-01-28,140.0
266,Bhopal,Bhopal(F&V),Other,Fruits,22.0,2000,5000,2500,2021-01-26,220.0
267,Bhopal,Bhopal(F&V),Other,Fruits,14.0,2000,5000,3000,2021-01-25,140.0
268,Bhopal,Bhopal(F&V),Other,Fruits,13.0,2000,3000,2500,2021-01-24,130.0
269,Bhopal,Bhopal(F&V),Other,Fruits,16.5,2000,4000,3000,2021-01-22,165.0
270,Bhopal,Bhopal(F&V),Other,Fruits,14.0,1800,2500,2000,2021-01-21,140.0
271,Bhopal,Bhopal(F&V),Other,Fruits,15.0,2000,3000,2500,2021-01-20,150.0
272,Bhopal,Bhopal(F&V),Other,Fruits,12.0,2000,3000,2500,2021-01-19,120.0
273,Bhopal,Bhopal(F&V),Other,Fruits,12.0,3000,4000,3500,2021-01-18,120.0
274,Bhopal,Bhopal(F&V),Other,Fruits,14.0,2500,4000,3000,2021-01-17,140.0
275,Bhopal,Bhopal(F&V),Other,Fruits,24.0,3000,5000,4000,2021-01-11,240.0
276,Bhopal,Bhopal(F&V),Other,Fruits,14.0,3000,5000,4000,2021-01-08,140.0
277,Bhopal,Bhopal(F&V),Other,Fruits,25.8,1000,1500,1200,2020-02-28,258.0
278,Bhopal,Bhopal(F&V),Other,Fruits,24.0,1000,1500,1200,2020-02-27,240.0
279,Bhopal,Bhopal(F&V),Other,Fruits,14.0,1000,1500,1200,2020-02-26,140.0
280,Bhopal,Bhopal(F&V),Other,Fruits,15.0,1000,1500,1200,2020-02-25,150.0
281,Bhopal,Bhopal(F&V),Other,Fruits,23.0,1000,1500,1200,2020-02-24,230.0
282,Bhopal,Bhopal(F&V),Other,Fruits,17.0,1000,1500,1200,2020-02-20,170.0
283,Bhopal,Bhopal(F&V),Other,Fruits,19.5,1000,1500,1200,2020-02-19,195.0
284,Bhopal,Bhopal(F&V),Other,Fruits,12.0,1000,1500,1200,2020-02-18,120.0
285,Bhopal,Bhopal(F&V),Other,Fruits,15.0,1000,1500,1200,2020-02-17,150.0
286,Bhopal,Bhopal(F&V),Other,Fruits,15.0,2000,3000,2500,2020-02-15,150.0
287,Bhopal,Bhopal(F&V),Other,Fruits,27.9,1000,1500,1200,2020-02-14,279.0
288,Bhopal,Bhopal(F&V),Other,Fruits,20.0,1000,1500,1200,2020-02-13,200.0
289,Bhopal,Bhopal(F&V),Other,Fruits,16.0,1000,1500,1200,2020-02-12,160.0
290,Bhopal,Bhopal(F&V),Other,Fruits,14.0,2000,3000,2500,2020-02-11,140.0
291,Bhopal,Bhopal(F&V),Other,Fruits,15.0,1000,1500,1200,2020-02-10,150.0
292,Bhopal,Bhopal(F&V),Other,Fruits,13.0,1000,1500,1200,2020-02-08,130.0
293,Bhopal,Bhopal(F&V),Other,Fruits,15.0,1000,1500,1200,2020-02-07,150.0
294,Bhopal,Bhopal(F&V),Other,Fruits,16.0,1000,1500,1200,2020-02-06,160.0
295,Bhopal,Bhopal(F&V),Other,Fruits,27.0,1000,1500,1200,2019-12-30,270.0
296,Bhopal,Bhopal(F&V),Other,Fruits,12.0,1000,1500,1200,2019-12-28,120.0
297,Bhopal,Bhopal(F&V),Other,Fruits,15.0,1200,1800,1500,2019-12-27,150.0
298,Bhopal,Bhopal(F&V),Other,Fruits,16.0,1200,1800,1500,2019-12-26,160.0
299,Bhopal,Bhopal(F&V),Other,Fruits,16.0,1200,1800,1500,2019-12-25,160.0
300,Bhopal,Bhopal(F&V),Other,Fruits,16.0,1200,1800,1500,2019-12-24,160.0
301,Bhopal,Bhopal(F&V),Other,Fruits,20.0,1200,1800,1500,2019-12-23,200.0
302,Bhopal,Bhopal(F&V),Other,Fruits,7.0,1000,2000,1500,2019-12-21,70.0
303,Bhopal,Bhopal(F&V),Other,Fruits,16.0,1200,1800,1500,2019-12-20,160.0
304,Bhopal,Bhopal(F&V),Other,Fruits,15.0,1200,1800,1500,2019-12-19,150.0
305,Bhopal,Bhopal(F&V),Other,Fruits,21.0,1000,2000,1500,2019-12-17,210.0
306,Bhopal,Bhopal(F&V),Other,Fruits,20.0,1000,2000,1500,2019-12-16,200.0
307,Bhopal,Bhopal(F&V),Other,Fruits,9.0,1000,2000,1500,2019-12-14,90.0
308,Bhopal,Bhopal(F&V),Other,Fruits,10.0,1000,2000,1500,2019-12-13,100.0
309,Bhopal,Bhopal(F&V),Other,Fruits,10.0,1200,1800,1500,2019-12-12,100.0
310,Bhopal,Bhopal(F&V),Other,Fruits,8.0,1200,1800,1500,2019-12-11,80.0
311,Bhopal,Bhopal(F&V),Other,Fruits,10.0,1000,2000,1500,2019-12-10,100.0
312,Bhopal,Bhopal(F&V),Other,Fruits,10.0,1000,2000,1500,2019-12-09,100.0
313,Bhopal,Bhopal(F&V),Other,Fruits,7.0,1000,2000,1500,2019-12-07,70.0
314,Bhopal,Bhopal(F&V),Other,Fruits,9.0,1500,2500,2000,2019-12-06,90.0
315,Bhopal,Bhopal(F&V),Other,Fruits,9.0,1500,2500,2000,2019-12-05,90.0
316,Bhopal,Bhopal(F&V),Other,Fruits,10.0,1000,2000,1500,2019-12-04,100.0
317,Bhopal,Bhopal(F&V),Other,Fruits,10.0,1000,2000,1500,2019-11-30,100.0
318,Bhopal,Bhopal(F&V),Other,Fruits,9.0,1500,2500,2000,2019-11-29,90.0
319,Bhopal,Bhopal(F&V),Other,Fruits,6.0,1000,1500,1200,2019-11-27,60.0
320,Bhopal,Bhopal(F&V),Other,Fruits,3.0,400,800,600,2019-11-02,30.0
321,Bhopal,Bhopal(F&V),Other,Fruits,12.0,1500,2500,2000,2019-04-29,120.0
322,Bhopal,Bhopal(F&V),Other,Fruits,9.0,1000,2000,1500,2019-04-27,90.0
323,Bhopal,Bhopal(F&V),Other,Fruits,10.0,1000,2000,1500,2019-04-24,100.0
324,Bhopal,Bhopal(F&V),Other,Fruits,13.5,1000,2000,1500,2019-04-23,135.0
325,Bhopal,Bhopal(F&V),Other,Fruits,17.9,1000,1500,1200,2019-02-27,179.0
326,Bhopal,Bhopal(F&V),Other,Fruits,15.0,1000,1500,1200,2019-02-26,150.0
327,Bhopal,Bhopal(F&V),Other,Fruits,17.0,1000,1500,1200,2019-02-25,170.0
328,Bhopal,Bhopal(F&V),Other,Fruits,15.0,1000,1500,1200,2019-02-23,150.0
329,Bhopal,Bhopal(F&V),Other,Fruits,15.0,1000,1500,1200,2019-02-22,150.0
330,Bhopal,Bhopal(F&V),Other,Fruits,15.0,800,1200,1000,2019-02-21,150.0
331,Bhopal,Bhopal(F&V),Other,Fruits,11.2,1000,1500,1200,2019-02-20,112.0
332,Bhopal,Bhopal(F&V),Other,Fruits,8.5,600,1000,800,2019-02-19,85.0
333,Bhopal,Bhopal(F&V),Other,Fruits,11.0,800,1200,1000,2019-02-18,110.0
334,Bhopal,Bhopal(F&V),Other,Fruits,8.0,600,1000,800,2019-02-16,80.0
335,Bhopal,Bhopal(F&V),Other,Fruits,10.6,1000,1500,1200,2019-02-14,106.0
336,Bhopal,Bhopal(F&V),Other,Fruits,6.0,1000,2000,1500,2019-02-12,60.0
337,Bhopal,Bhopal(F&V),Other,Fruits,10.0,1000,2200,1800,2019-02-11,100.0
338,Bhopal,Bhopal(F&V),Other,Fruits,10.0,1000,2000,1500,2019-02-09,100.0
339,Bhopal,Bhopal(F&V),Other,Fruits,11.0,1000,1500,1200,2019-02-08,110.0
340,Bhopal,Bhopal(F&V),Other,Fruits,10.0,1000,2000,1500,2019-02-07,100.0
341,Bhopal,Bhopal(F&V),Other,Fruits,8.0,1000,2000,1500,2019-02-06,80.0
342,Bhopal,Bhopal(F&V),Other,Fruits,10.0,1000,2000,1500,2019-02-05,100.0
343,Bhopal,Bhopal(F&V),Other,Fruits,10.0,1000,2000,1500,2019-02-04,100.0
344,Bhopal,Bhopal(F&V),Other,Fruits,8.2,1000,1500,1200,2019-02-02,82.0
345,Bhopal,Bhopal(F&V),Other,Fruits,10.0,600,1000,800,2019-02-01,100.0
346,Bhopal,Bhopal(F&V),Other,Fruits,12.0,600,1000,800,2019-01-31,120.0
347,Bhopal,Bhopal(F&V),Other,Fruits,10.0,600,1000,800,2019-01-30,100.0
348,Bhopal,Bhopal(F&V),Other,Fruits,9.5,600,1000,800,2019-01-29,95.0
349,Bhopal,Bhopal(F&V),Other,Fruits,10.0,600,1000,800,2019-01-28,100.0
350,Bhopal,Bhopal(F&V),Other,Fruits,8.0,600,1000,800,2019-01-25,80.0
351,Bhopal,Bhopal(F&V),Other,Fruits,10.0,600,1000,800,2019-01-24,100.0
352,Bhopal,Bhopal(F&V),Other,Fruits,11.3,600,1000,800,2019-01-23,113.0
353,Bhopal,Bhopal(F&V),Other,Fruits,12.0,600,1000,800,2019-01-21,120.0
354,Bhopal,Bhopal(F&V),Other,Fruits,10.0,600,1000,800,2019-01-19,100.0
355,Bhopal,Bhopal(F&V),Other,Fruits,9.5,600,1000,800,2019-01-18,95.0
356,Bhopal,Bhopal(F&V),Other,Fruits,16.0,600,1000,800,2019-01-12,160.0
357,Bhopal,Bhopal(F&V),Other,Fruits,9.0,800,1200,1000,2019-01-09,90.0
358,Bhopal,Bhopal(F&V),Other,Fruits,9.0,600,1000,800,2019-01-08,90.0
359,Bhopal,Bhopal(F&V),Other,Fruits,12.9,600,1000,800,2019-01-05,129.0
360,Bhopal,Bhopal(F&V),Other,Fruits,15.0,800,1200,1000,2019-01-04,150.0
361,Bhopal,Bhopal(F&V),Other,Fruits,16.0,800,1200,1000,2019-01-03,160.0
362,Bhopal,Bhopal(F&V),Other,Fruits,20.0,600,1000,800,2019-01-01,200.0
363,Bhopal,Bhopal(F&V),Other,Fruits,15.0,2000,3000,2500,2018-11-30,150.0
364,Bhopal,Bhopal(F&V),Other,Fruits,15.8,2000,3000,2500,2018-11-29,158.0
365,Bhopal,Bhopal(F&V),Other,Fruits,13.0,2000,3000,2500,2018-11-27,130.0
366,Bhopal,Bhopal(F&V),Other,Fruits,13.6,2000,3000,2500,2018-11-26,136.0
367,Bhopal,Bhopal(F&V),Other,Fruits,11.5,2000,3000,2500,2018-11-24,115.0
368,Bhopal,Bhopal(F&V),Other,Fruits,11.0,2000,3000,2500,2018-11-22,110.0
369,Bhopal,Bhopal(F&V),Other,Fruits,11.0,2000,3000,2500,2018-11-21,110.0
370,Bhopal,Bhopal(F&V),Other,Fruits,11.0,2000,3000,2500,2018-11-17,110.0
371,Bhopal,Bhopal(F&V),Other,Fruits,19.0,2000,3000,2500,2018-11-16,190.0
372,Bhopal,Bhopal(F&V),Other,Fruits,14.5,2000,4000,3000,2018-02-10,145.0
373,Bhopal,Bhopal(F&V),Other,Fruits,16.3,3000,5000,4000,2018-01-24,163.0
374,Narsinghpur,Gadarwada,Other,Fruits,0.1,3800,3800,3800,2020-02-17,1.0
375,Narsinghpur,Gadarwada,Other,Fruits,1.0,4000,4000,4000,2019-12-30,10.0
376,Narsinghpur,Gadarwada,Other,Fruits,1.0,4500,4500,4500,2019-12-20,10.0
377,Narsinghpur,Gadarwada,Other,Fruits,0.2,3000,3000,3000,2019-04-11,2.0
378,Narsinghpur,Gadarwada,Other,Fruits,0.2,2000,2000,2000,2019-03-29,2.0
379,Harda,Harda(F&V),Other,Fruits,0.1,1100,1300,1200,2023-05-30,1.0
380,Harda,Harda(F&V),Other,Fruits,0.2,1100,1300,1200,2023-05-29,2.0
381,Harda,Harda(F&V),Other,Fruits,0.2,1000,1200,1100,2023-05-28,2.0
382,Harda,Harda(F&V),Other,Fruits,0.2,1200,1300,1250,2023-05-26,2.0
383,Harda,Harda(F&V),Other,Fruits,0.1,1100,1300,1200,2023-05-25,1.0
384,Harda,Harda(F&V),Other,Fruits,0.1,1000,1050,1020,2023-05-24,1.0
385,Harda,Harda(F&V),Other,Fruits,0.1,1050,1150,1100,2023-05-23,1.0
386,Harda,Harda(F&V),Other,Fruits,0.2,1100,1250,1200,2023-05-22,2.0
387,Harda,Harda(F&V),Other,Fruits,0.2,1000,1100,1050,2023-05-21,2.0
388,Harda,Harda(F&V),Other,Fruits,0.1,1100,1300,1200,2023-05-20,1.0
389,Harda,Harda(F&V),Other,Fruits,0.2,1100,1300,1200,2023-05-19,2.0
390,Harda,Harda(F&V),Other,Fruits,0.2,1100,1300,1200,2023-05-18,2.0
391,Harda,Harda(F&V),Other,Fruits,0.3,1200,1300,1250,2023-05-17,3.0
392,Harda,Harda(F&V),Other,Fruits,0.2,1200,1300,1250,2023-05-16,2.0
393,Harda,Harda(F&V),Other,Fruits,0.2,1200,1400,1300,2023-05-15,2.0
394,Harda,Harda(F&V),Other,Fruits,0.1,1100,1300,1200,2023-05-14,1.0
395,Harda,Harda(F&V),Other,Fruits,0.2,1100,1300,1200,2023-05-13,2.0
396,Harda,Harda(F&V),Other,Fruits,0.2,1100,1200,1150,2023-05-12,2.0
397,Harda,Harda(F&V),Other,Fruits,0.2,1100,1300,1200,2023-05-11,2.0
398,Harda,Harda(F&V),Other,Fruits,0.2,1200,1400,1300,2023-05-10,2.0
399,Harda,Harda(F&V),Other,Fruits,0.5,1200,1300,1250,2023-05-09,5.0
400,Harda,Harda(F&V),Other,Fruits,0.3,1000,1200,1100,2023-05-07,3.0
401,Harda,Harda(F&V),Other,Fruits,0.2,1100,1350,1200,2023-05-06,2.0
402,Harda,Harda(F&V),Other,Fruits,0.3,1200,1400,1300,2023-05-05,3.0
403,Harda,Harda(F&V),Other,Fruits,0.2,1200,1300,1250,2023-05-04,2.0
404,Harda,Harda(F&V),Other,Fruits,0.3,1100,1450,1300,2023-05-03,3.0
405,Harda,Harda(F&V),Other,Fruits,0.5,1300,1500,1400,2023-05-02,5.0
406,Harda,Harda(F&V),Other,Fruits,0.5,1200,1300,1250,2023-04-30,5.0
407,Harda,Harda(F&V),Other,Fruits,0.5,1100,1200,1150,2023-04-29,5.0
408,Harda,Harda(F&V),Other,Fruits,0.2,1050,1150,1100,2023-04-28,2.0
409,Harda,Harda(F&V),Other,Fruits,0.2,1100,1200,1150,2023-04-27,2.0
410,Harda,Harda(F&V),Other,Fruits,0.2,1200,1400,1300,2023-04-26,2.0
411,Harda,Harda(F&V),Other,Fruits,0.3,1150,1250,1200,2023-04-25,3.0
412,Harda,Harda(F&V),Other,Fruits,0.3,1200,1300,1250,2023-04-24,3.0
413,Harda,Harda(F&V),Other,Fruits,0.2,1200,1400,1300,2023-04-23,2.0
414,Harda,Harda(F&V),Other,Fruits,0.2,1200,1500,1400,2023-04-19,2.0
415,Harda,Harda(F&V),Other,Fruits,0.3,1200,1400,1250,2023-04-18,3.0
416,Harda,Harda(F&V),Other,Fruits,0.3,1300,1500,1400,2023-04-17,3.0
417,Harda,Harda(F&V),Other,Fruits,1.5,1800,2150,2050,2023-04-16,15.0
418,Harda,Harda(F&V),Other,Fruits,0.3,1400,1600,1500,2023-04-15,3.0
419,Harda,Harda(F&V),Other,Fruits,0.2,1500,1600,1550,2023-04-14,2.0
420,Harda,Harda(F&V),Other,Fruits,0.3,1300,1600,1400,2023-04-13,3.0
421,Harda,Harda(F&V),Other,Fruits,0.3,1500,1800,1600,2023-04-12,3.0
422,Harda,Harda(F&V),Other,Fruits,0.3,1200,1500,1400,2023-04-11,3.0
423,Harda,Harda(F&V),Other,Fruits,0.3,1200,1400,1300,2023-04-10,3.0
424,Harda,Harda(F&V),Other,Fruits,0.2,1400,1600,1500,2023-04-09,2.0
425,Harda,Harda(F&V),Other,Fruits,0.3,1200,1500,1400,2023-04-08,3.0
426,Harda,Harda(F&V),Other,Fruits,0.3,1500,1700,1600,2023-04-07,3.0
427,Harda,Harda(F&V),Other,Fruits,0.2,1300,1500,1400,2023-04-06,2.0
428,Harda,Harda(F&V),Other,Fruits,0.3,1600,1800,1700,2023-04-05,3.0
429,Harda,Harda(F&V),Other,Fruits,0.3,1300,1500,1400,2023-04-04,3.0
430,Harda,Harda(F&V),Other,Fruits,0.7,1300,1500,1400,2023-04-03,7.0
431,Harda,Harda(F&V),Other,Fruits,0.6,1400,1600,1500,2023-04-02,6.0
432,Harda,Harda(F&V),Other,Fruits,0.2,1400,1600,1500,2023-03-31,2.0
433,Harda,Harda(F&V),Other,Fruits,0.2,1400,1600,1500,2023-03-30,2.0
434,Harda,Harda(F&V),Other,Fruits,0.5,1200,1500,1400,2023-03-29,5.0
435,Harda,Harda(F&V),Other,Fruits,0.5,1300,1500,1400,2023-03-28,5.0
436,Harda,Harda(F&V),Other,Fruits,0.4,1300,1500,1400,2023-03-27,4.0
437,Harda,Harda(F&V),Other,Fruits,0.2,1300,1600,1400,2023-03-26,2.0
438,Harda,Harda(F&V),Other,Fruits,0.2,1300,1600,1500,2023-03-25,2.0
439,Harda,Harda(F&V),Other,Fruits,0.2,1300,1500,1400,2023-03-24,2.0
440,Harda,Harda(F&V),Other,Fruits,0.2,1300,1500,1400,2023-03-21,2.0
441,Harda,Harda(F&V),Other,Fruits,0.5,1600,2000,1800,2023-03-19,5.0
442,Harda,Harda(F&V),Other,Fruits,0.2,1400,1800,1600,2023-03-18,2.0
443,Harda,Harda(F&V),Other,Fruits,0.2,1400,1800,1600,2023-03-17,2.0
444,Harda,Harda(F&V),Other,Fruits,0.5,1400,1800,1600,2023-03-16,5.0
445,Harda,Harda(F&V),Other,Fruits,0.2,1500,1800,1600,2023-03-15,2.0
446,Harda,Harda(F&V),Other,Fruits,0.5,1500,1800,1600,2023-03-14,5.0
447,Harda,Harda(F&V),Other,Fruits,0.2,1400,1800,1600,2023-03-13,2.0
448,Harda,Harda(F&V),Other,Fruits,0.2,1400,1800,1600,2023-03-11,2.0
449,Harda,Harda(F&V),Other,Fruits,0.5,1700,2000,1800,2023-03-10,5.0
450,Harda,Harda(F&V),Other,Fruits,0.5,1400,1800,1600,2023-03-09,5.0
451,Harda,Harda(F&V),Other,Fruits,0.8,1500,1800,1700,2023-03-07,8.0
452,Harda,Harda(F&V),Other,Fruits,0.5,1500,1800,1600,2023-03-06,5.0
453,Harda,Harda(F&V),Other,Fruits,0.5,1800,2200,1900,2023-03-05,5.0
454,Harda,Harda(F&V),Other,Fruits,0.5,1600,2000,1800,2023-03-04,5.0
455,Harda,Harda(F&V),Other,Fruits,0.5,1900,2200,2000,2023-03-03,5.0
456,Harda,Harda(F&V),Other,Fruits,0.5,1800,2000,1900,2023-03-02,5.0
457,Harda,Harda(F&V),Other,Fruits,0.2,2000,2400,2200,2023-02-28,2.0
458,Harda,Harda(F&V),Other,Fruits,0.5,1400,1800,1600,2023-02-27,5.0
459,Harda,Harda(F&V),Other,Fruits,0.5,1200,1800,1400,2023-02-26,5.0
460,Harda,Harda(F&V),Other,Fruits,0.2,1400,1800,1600,2023-02-25,2.0
461,Harda,Harda(F&V),Other,Fruits,0.2,1800,2000,1900,2023-02-23,2.0
462,Harda,Harda(F&V),Other,Fruits,0.5,1200,1800,1500,2023-02-22,5.0
463,Harda,Harda(F&V),Other,Fruits,0.5,1600,2200,2000,2023-02-21,5.0
464,Harda,Harda(F&V),Other,Fruits,0.2,1400,1800,1600,2023-02-20,2.0
465,Harda,Harda(F&V),Other,Fruits,0.2,1400,1800,1600,2023-02-19,2.0
466,Harda,Harda(F&V),Other,Fruits,0.2,1600,2000,1800,2023-02-18,2.0
467,Harda,Harda(F&V),Other,Fruits,0.5,1500,2000,1800,2023-02-17,5.0
468,Harda,Harda(F&V),Other,Fruits,0.5,1500,2000,1800,2023-02-16,5.0
469,Harda,Harda(F&V),Other,Fruits,0.2,1500,2000,1800,2023-02-15,2.0
470,Harda,Harda(F&V),Other,Fruits,0.2,1600,2000,1800,2023-02-14,2.0
471,Harda,Harda(F&V),Other,Fruits,0.5,1300,1700,1500,2023-02-13,5.0
472,Harda,Harda(F&V),Other,Fruits,0.1,1600,2000,1800,2023-02-12,1.0
473,Harda,Harda(F&V),Other,Fruits,0.5,1300,1800,1500,2023-02-11,5.0
474,Harda,Harda(F&V),Other,Fruits,0.5,1600,1800,1700,2023-02-10,5.0
475,Harda,Harda(F&V),Other,Fruits,0.7,1800,2000,1900,2023-02-09,7.0
476,Harda,Harda(F&V),Other,Fruits,0.5,1800,2000,1900,2023-02-08,5.0
477,Harda,Harda(F&V),Other,Fruits,0.2,1500,2000,1800,2023-02-06,2.0
478,Harda,Harda(F&V),Other,Fruits,0.4,1300,2000,1600,2023-02-05,4.0
479,Harda,Harda(F&V),Other,Fruits,0.1,1200,1600,1400,2023-02-04,1.0
480,Harda,Harda(F&V),Other,Fruits,0.2,1500,2000,1800,2023-02-03,2.0
481,Harda,Harda(F&V),Other,Fruits,0.2,2000,2200,2100,2023-02-02,2.0
482,Harda,Harda(F&V),Other,Fruits,0.5,1500,1800,1700,2023-01-31,5.0
483,Harda,Harda(F&V),Other,Fruits,0.5,1500,2000,1800,2023-01-30,5.0
484,Harda,Harda(F&V),Other,Fruits,0.5,2000,2200,2100,2023-01-29,5.0
485,Harda,Harda(F&V),Other,Fruits,0.5,2800,3000,2900,2023-01-28,5.0
486,Harda,Harda(F&V),Other,Fruits,0.5,1900,2300,2100,2023-01-27,5.0
487,Harda,Harda(F&V),Other,Fruits,0.5,2000,2200,2100,2023-01-25,5.0
488,Harda,Harda(F&V),Other,Fruits,0.5,1500,2000,1800,2023-01-24,5.0
489,Harda,Harda(F&V),Other,Fruits,0.5,1500,2000,1800,2023-01-23,5.0
490,Harda,Harda(F&V),Other,Fruits,0.5,1800,2300,2100,2023-01-22,5.0
491,Harda,Harda(F&V),Other,Fruits,0.5,1400,2300,1900,2023-01-20,5.0
492,Harda,Harda(F&V),Other,Fruits,0.2,1900,2300,2100,2023-01-19,2.0
493,Harda,Harda(F&V),Other,Fruits,0.5,1900,2100,2000,2023-01-18,5.0
494,Harda,Harda(F&V),Other,Fruits,0.5,1800,2200,2000,2023-01-13,5.0
495,Harda,Harda(F&V),Other,Fruits,0.5,1800,2000,1900,2023-01-12,5.0
496,Harda,Harda(F&V),Other,Fruits,0.5,1800,2000,1900,2023-01-11,5.0
497,Harda,Harda(F&V),Other,Fruits,0.5,2000,2200,2100,2023-01-08,5.0
498,Harda,Harda(F&V),Other,Fruits,0.5,2500,2800,2700,2023-01-07,5.0
499,Harda,Harda(F&V),Other,Fruits,0.5,2100,2300,2200,2023-01-06,5.0
500,Harda,Harda(F&V),Other,Fruits,0.5,2100,2400,2200,2023-01-04,5.0
501,Harda,Harda(F&V),Other,Fruits,0.5,2300,2500,2400,2023-01-03,5.0
502,Harda,Harda(F&V),Other,Fruits,0.5,2000,2500,2200,2023-01-02,5.0
503,Harda,Harda(F&V),Other,Fruits,0.3,2100,2300,2200,2022-12-31,3.0
504,Harda,Harda(F&V),Other,Fruits,0.3,2500,2700,2600,2022-12-30,3.0
505,Harda,Harda(F&V),Other,Fruits,0.5,2100,2500,2300,2022-12-29,5.0
506,Harda,Harda(F&V),Other,Fruits,0.5,2000,2400,2300,2022-12-28,5.0
507,Harda,Harda(F&V),Other,Fruits,0.5,2000,2400,2200,2022-12-27,5.0
508,Harda,Harda(F&V),Other,Fruits,0.5,2500,2900,2800,2022-12-26,5.0
509,Harda,Harda(F&V),Other,Fruits,0.5,2200,2400,2300,2022-12-25,5.0
510,Harda,Harda(F&V),Other,Fruits,0.5,2400,2600,2500,2022-12-24,5.0
511,Harda,Harda(F&V),Other,Fruits,0.5,1800,2200,2000,2022-12-23,5.0
512,Harda,Harda(F&V),Other,Fruits,0.5,1800,2200,2000,2022-12-22,5.0
513,Harda,Harda(F&V),Other,Fruits,0.5,2000,2400,2200,2022-12-21,5.0
514,Harda,Harda(F&V),Other,Fruits,0.5,1800,2200,2000,2022-12-20,5.0
515,Harda,Harda(F&V),Other,Fruits,0.5,2000,2400,2200,2022-12-19,5.0
516,Harda,Harda(F&V),Other,Fruits,0.5,2300,2500,2400,2022-12-18,5.0
517,Harda,Harda(F&V),Other,Fruits,0.5,2000,2300,2100,2022-12-17,5.0
518,Harda,Harda(F&V),Other,Fruits,0.5,2000,2300,2100,2022-12-16,5.0
519,Harda,Harda(F&V),Other,Fruits,0.5,2000,2400,2200,2022-12-14,5.0
520,Harda,Harda(F&V),Other,Fruits,0.5,2200,2500,2400,2022-12-13,5.0
521,Harda,Harda(F&V),Other,Fruits,0.5,2400,2800,2600,2022-12-12,5.0
522,Harda,Harda(F&V),Other,Fruits,0.2,2000,2400,2200,2022-12-11,2.0
523,Harda,Harda(F&V),Other,Fruits,0.5,2400,2800,2600,2022-12-10,5.0
524,Harda,Harda(F&V),Other,Fruits,0.2,2000,2500,2400,2022-12-09,2.0
525,Harda,Harda(F&V),Other,Fruits,0.5,2800,3000,2900,2022-12-08,5.0
526,Harda,Harda(F&V),Other,Fruits,0.5,2400,2800,2600,2022-12-07,5.0
527,Harda,Harda(F&V),Other,Fruits,0.5,2400,2900,2700,2022-12-06,5.0
528,Harda,Harda(F&V),Other,Fruits,0.3,2400,2800,2600,2022-12-05,3.0
529,Harda,Harda(F&V),Other,Fruits,0.5,2800,2950,2850,2022-12-04,5.0
530,Harda,Harda(F&V),Other,Fruits,0.2,1000,1200,1100,2022-04-23,2.0
531,Harda,Harda(F&V),Other,Fruits,0.2,1000,1200,1100,2022-04-22,2.0
532,Harda,Harda(F&V),Other,Fruits,0.2,1000,1400,1200,2022-04-21,2.0
533,Harda,Harda(F&V),Other,Fruits,0.1,1000,1200,1100,2022-04-17,1.0
534,Harda,Harda(F&V),Other,Fruits,0.2,1100,1400,1200,2022-04-15,2.0
535,Harda,Harda(F&V),Other,Fruits,0.3,1100,1300,1200,2022-04-14,3.0
536,Harda,Harda(F&V),Other,Fruits,0.2,1000,1400,1200,2022-04-13,2.0
537,Harda,Harda(F&V),Other,Fruits,0.3,1000,1200,1100,2022-04-12,3.0
538,Harda,Harda(F&V),Other,Fruits,0.1,1000,1200,1100,2022-04-11,1.0
539,Harda,Harda(F&V),Other,Fruits,0.1,1200,1300,1250,2022-04-10,1.0
540,Harda,Harda(F&V),Other,Fruits,0.2,1000,1400,1200,2022-04-09,2.0
541,Harda,Harda(F&V),Other,Fruits,0.1,1000,1200,1100,2022-04-08,1.0
542,Harda,Harda(F&V),Other,Fruits,0.1,1000,1200,1100,2022-04-07,1.0
543,Harda,Harda(F&V),Other,Fruits,0.1,900,1300,1100,2022-04-06,1.0
544,Harda,Harda(F&V),Other,Fruits,0.3,1100,1200,1150,2022-04-05,3.0
545,Harda,Harda(F&V),Other,Fruits,0.2,1200,1400,1300,2022-04-04,2.0
546,Harda,Harda(F&V),Other,Fruits,0.3,1200,1400,1300,2022-04-03,3.0
547,Harda,Harda(F&V),Other,Fruits,0.2,1200,1500,1400,2022-04-02,2.0
548,Harda,Harda(F&V),Other,Fruits,0.2,1000,1400,1200,2022-03-31,2.0
549,Harda,Harda(F&V),Other,Fruits,0.1,1200,1400,1300,2022-03-30,1.0
550,Harda,Harda(F&V),Other,Fruits,0.3,1100,1300,1200,2022-03-29,3.0
551,Harda,Harda(F&V),Other,Fruits,0.2,1000,1200,1100,2022-03-28,2.0
552,Harda,Harda(F&V),Other,Fruits,1.0,1200,1400,1300,2022-03-27,10.0
553,Harda,Harda(F&V),Other,Fruits,0.5,1000,1200,1100,2022-03-26,5.0
554,Harda,Harda(F&V),Other,Fruits,0.3,800,1000,900,2022-03-23,3.0
555,Harda,Harda(F&V),Other,Fruits,0.2,1000,1200,1100,2022-03-21,2.0
556,Harda,Harda(F&V),Other,Fruits,0.2,1000,1400,1200,2022-03-20,2.0
557,Harda,Harda(F&V),Other,Fruits,0.3,1000,1300,1200,2022-03-19,3.0
558,Harda,Harda(F&V),Other,Fruits,0.3,1100,1300,1200,2022-03-17,3.0
559,Harda,Harda(F&V),Other,Fruits,0.2,1200,1400,1300,2022-03-16,2.0
560,Harda,Harda(F&V),Other,Fruits,0.3,800,1400,1200,2022-03-15,3.0
561,Harda,Harda(F&V),Other,Fruits,0.2,1000,1200,1100,2022-03-14,2.0
562,Harda,Harda(F&V),Other,Fruits,1.3,1900,2400,2200,2022-03-13,13.0
563,Harda,Harda(F&V),Other,Fruits,0.3,900,1200,1000,2022-03-12,3.0
564,Harda,Harda(F&V),Other,Fruits,0.5,800,1200,1000,2022-03-11,5.0
565,Harda,Harda(F&V),Other,Fruits,0.2,1000,1100,1050,2022-03-10,2.0
566,Harda,Harda(F&V),Other,Fruits,0.3,1000,1200,1100,2022-03-09,3.0
567,Harda,Harda(F&V),Other,Fruits,0.2,1000,1200,1050,2022-03-08,2.0
568,Harda,Harda(F&V),Other,Fruits,0.3,1000,1200,1100,2022-03-07,3.0
569,Harda,Harda(F&V),Other,Fruits,0.2,1000,1400,1200,2022-03-06,2.0
570,Harda,Harda(F&V),Other,Fruits,0.3,1000,1300,1200,2022-03-05,3.0
571,Harda,Harda(F&V),Other,Fruits,1.5,2000,2500,2200,2022-03-04,15.0
572,Harda,Harda(F&V),Other,Fruits,0.5,1000,1200,1100,2022-03-03,5.0
573,Harda,Harda(F&V),Other,Fruits,1.0,1200,1400,1300,2022-03-02,10.0
574,Harda,Harda(F&V),Other,Fruits,0.5,1000,1400,1100,2022-02-28,5.0
575,Harda,Harda(F&V),Other,Fruits,0.5,1000,1400,1200,2022-02-27,5.0
576,Harda,Harda(F&V),Other,Fruits,0.4,1000,1200,1100,2022-02-25,4.0
577,Harda,Harda(F&V),Other,Fruits,0.8,2000,2000,2000,2022-02-24,8.0
578,Harda,Harda(F&V),Other,Fruits,0.3,1000,1500,1200,2022-02-23,3.0
579,Harda,Harda(F&V),Other,Fruits,0.3,1000,1200,1100,2022-02-22,3.0
580,Harda,Harda(F&V),Other,Fruits,0.2,1400,1600,1500,2022-02-21,2.0
581,Harda,Harda(F&V),Other,Fruits,0.3,1200,1800,1500,2022-02-20,3.0
582,Harda,Harda(F&V),Other,Fruits,0.2,1200,1400,1300,2022-02-19,2.0
583,Harda,Harda(F&V),Other,Fruits,1.0,1200,1400,1300,2022-02-18,10.0
584,Harda,Harda(F&V),Other,Fruits,0.3,1300,1500,1400,2022-02-17,3.0
585,Harda,Harda(F&V),Other,Fruits,0.2,1400,1600,1500,2022-02-16,2.0
586,Harda,Harda(F&V),Other,Fruits,0.5,1000,1500,1200,2022-02-15,5.0
587,Harda,Harda(F&V),Other,Fruits,0.5,1300,1500,1400,2022-02-14,5.0
588,Harda,Harda(F&V),Other,Fruits,0.4,1200,1500,1400,2022-02-13,4.0
589,Harda,Harda(F&V),Other,Fruits,0.2,1200,1600,1400,2022-02-12,2.0
590,Harda,Harda(F&V),Other,Fruits,0.4,1200,1400,1300,2022-02-11,4.0
591,Harda,Harda(F&V),Other,Fruits,0.5,1000,1400,1200,2022-02-10,5.0
592,Harda,Harda(F&V),Other,Fruits,0.3,1500,1800,1600,2022-02-09,3.0
593,Harda,Harda(F&V),Other,Fruits,0.2,1400,1600,1500,2022-02-08,2.0
594,Harda,Harda(F&V),Other,Fruits,0.4,1400,1500,1450,2022-02-07,4.0
595,Harda,Harda(F&V),Other,Fruits,0.2,1000,1400,1200,2022-02-06,2.0
596,Harda,Harda(F&V),Other,Fruits,0.2,1400,1600,1500,2022-02-05,2.0
597,Harda,Harda(F&V),Other,Fruits,0.3,1400,1600,1500,2022-02-04,3.0
598,Harda,Harda(F&V),Other,Fruits,0.4,1800,2000,1900,2022-02-03,4.0
599,Harda,Harda(F&V),Other,Fruits,0.5,1500,2000,1800,2022-02-02,5.0
600,Harda,Harda(F&V),Other,Fruits,0.5,1200,1400,1300,2022-01-31,5.0
601,Harda,Harda(F&V),Other,Fruits,0.3,1200,1500,1300,2022-01-30,3.0
602,Harda,Harda(F&V),Other,Fruits,0.2,1200,1600,1400,2022-01-29,2.0
603,Harda,Harda(F&V),Other,Fruits,0.5,1200,1400,1300,2022-01-28,5.0
604,Harda,Harda(F&V),Other,Fruits,0.5,1500,2500,2000,2022-01-27,5.0
605,Harda,Harda(F&V),Other,Fruits,0.5,1200,1500,1400,2022-01-25,5.0
606,Harda,Harda(F&V),Other,Fruits,0.4,1500,1700,1600,2022-01-24,4.0
607,Harda,Harda(F&V),Other,Fruits,0.6,1000,1600,1200,2022-01-23,6.0
608,Harda,Harda(F&V),Other,Fruits,0.5,1000,1400,1200,2022-01-22,5.0
609,Harda,Harda(F&V),Other,Fruits,0.2,1200,1350,1300,2022-01-21,2.0
610,Harda,Harda(F&V),Other,Fruits,0.3,1400,1600,1500,2022-01-20,3.0
611,Harda,Harda(F&V),Other,Fruits,0.5,1300,1500,1400,2022-01-19,5.0
612,Harda,Harda(F&V),Other,Fruits,0.2,1200,1600,1400,2022-01-18,2.0
613,Harda,Harda(F&V),Other,Fruits,0.3,1200,1600,1400,2022-01-17,3.0
614,Harda,Harda(F&V),Other,Fruits,0.3,1400,1600,1500,2022-01-15,3.0
615,Harda,Harda(F&V),Other,Fruits,0.6,1400,1800,1600,2022-01-13,6.0
616,Harda,Harda(F&V),Other,Fruits,0.3,1200,1600,1400,2022-01-12,3.0
617,Harda,Harda(F&V),Other,Fruits,0.2,1000,1400,1200,2022-01-11,2.0
618,Harda,Harda(F&V),Other,Fruits,0.5,1000,1500,1200,2022-01-10,5.0
619,Harda,Harda(F&V),Other,Fruits,0.3,1200,1400,1300,2022-01-09,3.0
620,Harda,Harda(F&V),Other,Fruits,0.2,1400,1600,1500,2022-01-08,2.0
621,Harda,Harda(F&V),Other,Fruits,0.3,1400,1600,1500,2022-01-07,3.0
622,Harda,Harda(F&V),Other,Fruits,0.2,1200,1500,1400,2022-01-06,2.0
623,Harda,Harda(F&V),Other,Fruits,0.2,1300,1600,1500,2022-01-04,2.0
624,Harda,Harda(F&V),Other,Fruits,0.2,1200,1400,1300,2022-01-03,2.0
625,Harda,Harda(F&V),Other,Fruits,0.3,1300,1700,1500,2022-01-02,3.0
626,Harda,Harda(F&V),Other,Fruits,0.4,1200,1400,1300,2021-12-31,4.0
627,Harda,Harda(F&V),Other,Fruits,0.2,1300,1400,1350,2021-12-30,2.0
628,Harda,Harda(F&V),Other,Fruits,0.3,1200,1600,1400,2021-12-29,3.0
629,Harda,Harda(F&V),Other,Fruits,0.5,1300,1500,1400,2021-12-28,5.0
630,Harda,Harda(F&V),Other,Fruits,0.1,1500,1900,1700,2021-12-27,1.0
631,Harda,Harda(F&V),Other,Fruits,0.2,1800,2000,1900,2021-12-26,2.0
632,Harda,Harda(F&V),Other,Fruits,0.2,1200,1400,1300,2021-12-25,2.0
633,Harda,Harda(F&V),Other,Fruits,0.1,1200,1400,1300,2021-12-24,1.0
634,Harda,Harda(F&V),Other,Fruits,0.2,1200,1400,1300,2021-12-23,2.0
635,Harda,Harda(F&V),Other,Fruits,0.2,1200,1500,1400,2021-12-22,2.0
636,Harda,Harda(F&V),Other,Fruits,0.3,1200,1500,1400,2021-12-21,3.0
637,Harda,Harda(F&V),Other,Fruits,0.2,1600,2000,1800,2021-12-20,2.0
638,Harda,Harda(F&V),Other,Fruits,0.3,1500,2000,1800,2021-12-19,3.0
639,Harda,Harda(F&V),Other,Fruits,0.2,1000,1200,1100,2021-12-18,2.0
640,Harda,Harda(F&V),Other,Fruits,0.5,1200,1600,1400,2021-12-17,5.0
641,Harda,Harda(F&V),Other,Fruits,0.2,1500,2000,1800,2021-12-16,2.0
642,Harda,Harda(F&V),Other,Fruits,0.3,1000,1400,1200,2021-12-15,3.0
643,Harda,Harda(F&V),Other,Fruits,0.2,1200,1500,1400,2021-12-14,2.0
644,Harda,Harda(F&V),Other,Fruits,0.3,1500,2000,1800,2021-12-13,3.0
645,Harda,Harda(F&V),Other,Fruits,0.5,1200,2000,1600,2021-12-12,5.0
646,Harda,Harda(F&V),Other,Fruits,0.2,1400,1800,1600,2021-12-11,2.0
647,Harda,Harda(F&V),Other,Fruits,0.3,1800,2200,2000,2021-12-10,3.0
648,Harda,Harda(F&V),Other,Fruits,0.2,1300,1500,1400,2021-12-09,2.0
649,Harda,Harda(F&V),Other,Fruits,0.3,1200,1500,1400,2021-12-08,3.0
650,Harda,Harda(F&V),Other,Fruits,0.3,1000,1200,1100,2021-12-07,3.0
651,Harda,Harda(F&V),Other,Fruits,0.2,900,1500,1100,2021-12-06,2.0
652,Harda,Harda(F&V),Other,Fruits,0.3,1000,1200,1100,2021-12-05,3.0
653,Harda,Harda(F&V),Other,Fruits,0.2,1200,1800,1500,2021-12-04,2.0
654,Harda,Harda(F&V),Other,Fruits,0.5,1000,1500,1200,2021-12-03,5.0
655,Harda,Harda(F&V),Other,Fruits,2.5,900,1000,950,2021-12-02,25.0
656,Harda,Harda(F&V),Other,Fruits,0.2,1000,1200,1100,2021-11-28,2.0
657,Harda,Harda(F&V),Other,Fruits,0.2,1000,1200,1100,2021-11-27,2.0
658,Harda,Harda(F&V),Other,Fruits,0.2,1000,1200,1100,2021-11-26,2.0
659,Harda,Harda(F&V),Other,Fruits,0.3,1300,1800,1500,2021-11-25,3.0
660,Harda,Harda(F&V),Other,Fruits,0.2,1600,2000,1700,2021-11-22,2.0
661,Harda,Harda(F&V),Other,Fruits,0.2,1700,2300,1900,2021-11-21,2.0
662,Harda,Harda(F&V),Other,Fruits,0.3,1400,2000,1600,2021-11-20,3.0
663,Harda,Harda(F&V),Other,Fruits,0.3,1900,2000,1950,2021-11-19,3.0
664,Harda,Harda(F&V),Other,Fruits,0.2,1800,2000,1900,2021-11-18,2.0
665,Harda,Harda(F&V),Other,Fruits,0.2,1000,1200,1100,2021-05-14,2.0
666,Harda,Harda(F&V),Other,Fruits,0.1,1200,1500,1400,2021-05-11,1.0
667,Harda,Harda(F&V),Other,Fruits,0.3,1900,2500,2200,2021-03-28,3.0
668,Harda,Harda(F&V),Other,Fruits,0.3,1900,2100,2000,2021-03-27,3.0
669,Harda,Harda(F&V),Other,Fruits,0.3,2000,2300,2200,2021-03-26,3.0
670,Harda,Harda(F&V),Other,Fruits,0.3,1900,2100,2000,2021-03-25,3.0
671,Harda,Harda(F&V),Other,Fruits,0.3,2000,2200,2100,2021-03-21,3.0
672,Harda,Harda(F&V),Other,Fruits,0.2,2000,2200,2100,2021-03-17,2.0
673,Harda,Harda(F&V),Other,Fruits,0.3,2200,2500,2400,2021-03-16,3.0
674,Harda,Harda(F&V),Other,Fruits,0.4,2000,2500,2200,2021-03-15,4.0
675,Harda,Harda(F&V),Other,Fruits,0.4,1900,2200,2100,2021-03-14,4.0
676,Harda,Harda(F&V),Other,Fruits,0.4,1800,2000,1900,2021-03-13,4.0
677,Harda,Harda(F&V),Other,Fruits,0.4,1900,2100,2000,2021-03-12,4.0
678,Harda,Harda(F&V),Other,Fruits,0.4,1900,2200,2000,2021-03-11,4.0
679,Harda,Harda(F&V),Other,Fruits,0.4,1800,2000,1900,2021-03-10,4.0
680,Harda,Harda(F&V),Other,Fruits,0.2,1800,2000,1900,2021-03-09,2.0
681,Harda,Harda(F&V),Other,Fruits,0.3,1900,2200,2000,2021-03-08,3.0
682,Harda,Harda(F&V),Other,Fruits,0.4,2000,2200,2100,2021-03-07,4.0
683,Harda,Harda(F&V),Other,Fruits,0.3,2000,2500,2200,2021-03-04,3.0
684,Harda,Harda(F&V),Other,Fruits,0.4,1500,2200,2000,2021-03-02,4.0
685,Harda,Harda(F&V),Other,Fruits,0.3,1700,1900,1800,2021-02-28,3.0
686,Harda,Harda(F&V),Other,Fruits,0.3,2000,2500,2200,2021-02-27,3.0
687,Harda,Harda(F&V),Other,Fruits,0.2,1900,2200,2000,2021-02-25,2.0
688,Harda,Harda(F&V),Other,Fruits,0.4,1900,2200,2000,2021-02-24,4.0
689,Harda,Harda(F&V),Other,Fruits,0.2,1800,2000,1900,2021-02-23,2.0
690,Harda,Harda(F&V),Other,Fruits,0.2,1800,2000,1900,2021-02-22,2.0
691,Harda,Harda(F&V),Other,Fruits,0.2,1600,2000,1800,2021-02-20,2.0
692,Harda,Harda(F&V),Other,Fruits,0.5,1500,1800,1700,2021-02-19,5.0
693,Harda,Harda(F&V),Other,Fruits,0.2,2000,2500,2200,2021-02-18,2.0
694,Harda,Harda(F&V),Other,Fruits,0.3,1900,2200,2100,2021-02-17,3.0
695,Harda,Harda(F&V),Other,Fruits,0.3,1900,2200,2000,2021-02-16,3.0
696,Harda,Harda(F&V),Other,Fruits,0.4,2000,2500,2200,2021-02-14,4.0
697,Harda,Harda(F&V),Other,Fruits,0.2,2100,2300,2200,2021-02-11,2.0
698,Harda,Harda(F&V),Other,Fruits,0.2,2000,2500,2300,2021-02-10,2.0
699,Harda,Harda(F&V),Other,Fruits,0.3,2000,2400,2200,2021-02-09,3.0
700,Harda,Harda(F&V),Other,Fruits,0.5,1800,2200,2100,2021-02-08,5.0
701,Harda,Harda(F&V),Other,Fruits,0.3,1900,2100,2000,2021-02-07,3.0
702,Harda,Harda(F&V),Other,Fruits,0.3,1900,2200,2000,2021-02-06,3.0
703,Harda,Harda(F&V),Other,Fruits,0.2,1800,2200,2000,2021-02-05,2.0
704,Harda,Harda(F&V),Other,Fruits,0.3,1800,2100,2000,2021-02-04,3.0
705,Harda,Harda(F&V),Other,Fruits,0.2,2000,2500,2200,2021-02-03,2.0
706,Harda,Harda(F&V),Other,Fruits,0.3,1900,2200,2100,2021-01-27,3.0
707,Harda,Harda(F&V),Other,Fruits,0.4,1800,2000,1900,2021-01-25,4.0
708,Harda,Harda(F&V),Other,Fruits,0.2,2000,2500,2200,2021-01-24,2.0
709,Harda,Harda(F&V),Other,Fruits,0.3,1800,2000,1900,2021-01-23,3.0
710,Harda,Harda(F&V),Other,Fruits,0.2,1900,2100,2000,2021-01-22,2.0
711,Harda,Harda(F&V),Other,Fruits,0.2,1800,2000,1900,2021-01-21,2.0
712,Harda,Harda(F&V),Other,Fruits,0.2,1800,2000,1900,2021-01-17,2.0
713,Harda,Harda(F&V),Other,Fruits,0.2,1900,2200,2100,2021-01-16,2.0
714,Harda,Harda(F&V),Other,Fruits,0.3,1800,2000,1900,2021-01-14,3.0
715,Harda,Harda(F&V),Other,Fruits,0.2,1700,2000,1800,2021-01-13,2.0
716,Harda,Harda(F&V),Other,Fruits,0.3,1900,2200,2000,2021-01-12,3.0
717,Harda,Harda(F&V),Other,Fruits,0.2,2000,2500,2200,2021-01-08,2.0
718,Harda,Harda(F&V),Other,Fruits,0.4,1800,2000,1900,2021-01-07,4.0
719,Harda,Harda(F&V),Other,Fruits,0.3,1500,2200,2000,2021-01-06,3.0
720,Harda,Harda(F&V),Other,Fruits,0.2,2000,2800,2500,2021-01-05,2.0
721,Harda,Harda(F&V),Other,Fruits,0.3,2800,3000,2900,2020-12-31,3.0
722,Harda,Harda(F&V),Other,Fruits,0.4,3000,3000,3000,2020-12-30,4.0
723,Harda,Harda(F&V),Other,Fruits,0.3,2000,2500,2200,2020-06-12,3.0
724,Harda,Harda(F&V),Other,Fruits,1.0,2300,2450,2400,2020-05-15,10.0
725,Harda,Harda(F&V),Other,Fruits,0.1,1200,1500,1300,2020-03-05,1.0
726,Harda,Harda(F&V),Other,Fruits,0.3,1500,1600,1550,2020-02-26,3.0
727,Harda,Harda(F&V),Other,Fruits,0.1,1700,1900,1800,2020-02-24,1.0
728,Harda,Harda(F&V),Other,Fruits,0.2,1600,1800,1700,2020-02-22,2.0
729,Harda,Harda(F&V),Other,Fruits,0.2,1500,2000,1800,2020-02-21,2.0
730,Harda,Harda(F&V),Other,Fruits,0.1,1600,1800,1700,2020-02-12,1.0
731,Harda,Harda(F&V),Other,Fruits,0.2,1700,1900,1800,2020-02-07,2.0
732,Harda,Harda(F&V),Other,Fruits,0.2,1700,1900,1800,2020-02-05,2.0
733,Harda,Harda(F&V),Other,Fruits,0.1,1500,2000,1800,2020-02-04,1.0
734,Harda,Harda(F&V),Other,Fruits,0.2,1500,1800,1600,2020-01-23,2.0
735,Harda,Harda(F&V),Other,Fruits,0.1,2500,3200,3000,2019-12-17,1.0
736,Harda,Harda(F&V),Other,Fruits,0.3,700,900,800,2019-04-12,3.0
737,Harda,Harda(F&V),Other,Fruits,0.1,750,900,850,2019-03-29,1.0
738,Harda,Harda(F&V),Other,Fruits,0.3,600,800,700,2019-03-27,3.0
739,Harda,Harda(F&V),Other,Fruits,0.5,500,700,600,2019-03-19,5.0
740,Harda,Harda(F&V),Other,Fruits,0.1,2300,2500,2400,2019-03-13,1.0
741,Harda,Harda(F&V),Other,Fruits,0.2,2200,2400,2300,2019-03-12,2.0
742,Harda,Harda(F&V),Other,Fruits,0.2,1100,1300,1200,2019-03-07,2.0
743,Harda,Harda(F&V),Other,Fruits,0.2,1500,1700,1600,2019-03-05,2.0
744,Harda,Harda(F&V),Other,Fruits,0.2,1200,1600,1500,2019-03-04,2.0
745,Harda,Harda(F&V),Other,Fruits,0.2,2000,2300,2200,2019-03-03,2.0
746,Harda,Harda(F&V),Other,Fruits,0.4,1500,1900,1700,2019-02-21,4.0
747,Harda,Harda(F&V),Other,Fruits,0.2,1400,1600,1500,2019-02-18,2.0
748,Harda,Harda(F&V),Other,Fruits,0.2,1800,2000,1900,2019-02-17,2.0
749,Harda,Harda(F&V),Other,Fruits,0.1,2000,2200,2100,2019-02-16,1.0
750,Harda,Harda(F&V),Other,Fruits,0.4,1600,2000,1800,2019-02-14,4.0
751,Harda,Harda(F&V),Other,Fruits,0.4,1800,2000,1900,2019-02-13,4.0
752,Indore,Indore(F&V),Sapota,Fruits,8.0,1500,3000,2000,2023-12-18,80.0
753,Indore,Indore(F&V),Sapota,Fruits,2.5,1500,3000,2500,2023-12-09,25.0
754,Indore,Indore(F&V),Sapota,Fruits,2.9,1500,3000,2500,2023-12-07,29.0
755,Indore,Indore(F&V),Sapota,Fruits,4.2,1500,3000,2500,2023-12-05,42.0
756,Indore,Indore(F&V),Sapota,Fruits,24.0,1500,3500,2500,2023-12-01,240.0
757,Indore,Indore(F&V),Sapota,Fruits,1.3,1500,3500,2500,2023-11-30,13.0
758,Indore,Indore(F&V),Sapota,Fruits,3.5,1500,3500,2500,2023-11-25,35.0
759,Indore,Indore(F&V),Sapota,Fruits,15.0,2000,4000,3000,2023-11-23,150.0
760,Indore,Indore(F&V),Sapota,Fruits,1.0,2000,4000,3000,2023-11-21,10.0
761,Indore,Indore(F&V),Sapota,Fruits,8.0,1500,4000,3000,2023-11-15,80.0
762,Indore,Indore(F&V),Sapota,Fruits,6.0,2000,4000,3000,2023-11-09,60.0
763,Indore,Indore(F&V),Sapota,Fruits,1.5,1500,4000,2500,2023-11-06,15.0
764,Indore,Indore(F&V),Sapota,Fruits,10.0,2000,5000,3000,2023-11-03,100.0
765,Indore,Indore(F&V),Sapota,Fruits,5.8,2000,5000,4000,2023-11-02,58.0
766,Indore,Indore(F&V),Sapota,Fruits,5.1,2000,5000,3000,2023-11-01,51.0
767,Indore,Indore(F&V),Sapota,Fruits,12.0,2000,5000,3000,2023-10-31,120.0
768,Indore,Indore(F&V),Sapota,Fruits,8.6,1500,3000,2500,2023-10-28,86.0
769,Indore,Indore(F&V),Sapota,Fruits,16.4,1500,3000,2500,2023-10-26,164.0
770,Indore,Indore(F&V),Sapota,Fruits,12.0,1500,3500,2500,2023-10-21,120.0
771,Indore,Indore(F&V),Sapota,Fruits,7.0,1500,3500,2500,2023-10-20,70.0
772,Indore,Indore(F&V),Sapota,Fruits,10.0,1500,3500,2500,2023-10-19,100.0
773,Indore,Indore(F&V),Sapota,Fruits,11.3,1500,4000,2500,2023-10-18,113.0
774,Indore,Indore(F&V),Sapota,Fruits,9.3,1500,3500,2500,2023-10-17,93.0
775,Indore,Indore(F&V),Sapota,Fruits,8.0,1500,3500,2500,2023-10-16,80.0
776,Indore,Indore(F&V),Sapota,Fruits,6.7,1500,3500,2500,2023-10-14,67.0
777,Indore,Indore(F&V),Sapota,Fruits,8.0,1500,3000,2500,2023-10-13,80.0
778,Indore,Indore(F&V),Sapota,Fruits,14.1,1500,3500,2500,2023-10-11,141.0
779,Indore,Indore(F&V),Sapota,Fruits,2.5,1500,3500,2500,2023-10-10,25.0
780,Indore,Indore(F&V),Sapota,Fruits,17.0,1500,4000,2500,2023-10-07,170.0
781,Indore,Indore(F&V),Sapota,Fruits,10.0,1500,4000,2500,2023-10-05,100.0
782,Indore,Indore(F&V),Sapota,Fruits,8.6,1500,4000,2500,2023-10-04,86.0
783,Indore,Indore(F&V),Sapota,Fruits,6.7,1500,4000,2500,2023-10-03,67.0
784,Indore,Indore(F&V),Sapota,Fruits,6.5,1500,4500,2500,2023-10-02,65.0
785,Indore,Indore(F&V),Sapota,Fruits,5.0,1500,3500,2500,2023-09-26,50.0
786,Indore,Indore(F&V),Sapota,Fruits,1.5,1500,3000,2500,2023-09-11,15.0
787,Indore,Indore(F&V),Sapota,Fruits,6.2,1500,3500,2500,2023-09-08,62.0
788,Indore,Indore(F&V),Sapota,Fruits,11.9,1500,3000,2500,2023-04-14,119.0
789,Indore,Indore(F&V),Sapota,Fruits,4.5,1500,3000,2500,2023-04-08,45.0
790,Indore,Indore(F&V),Sapota,Fruits,2.7,1500,3000,2500,2023-04-01,27.0
791,Indore,Indore(F&V),Sapota,Fruits,10.3,1500,3000,2500,2023-03-31,103.0
792,Indore,Indore(F&V),Sapota,Fruits,3.5,1500,3000,2500,2023-03-27,35.0
793,Indore,Indore(F&V),Sapota,Fruits,3.9,1500,3500,2500,2022-11-28,39.0
794,Indore,Indore(F&V),Sapota,Fruits,2.8,1500,3500,2500,2022-03-29,28.0
795,Indore,Indore(F&V),Sapota,Fruits,2.4,1500,3500,2500,2022-03-28,24.0
796,Indore,Indore(F&V),Sapota,Fruits,1.6,1500,3500,2500,2022-03-26,16.0
797,Indore,Indore(F&V),Sapota,Fruits,1.6,1500,4000,2500,2022-03-21,16.0
798,Indore,Indore(F&V),Sapota,Fruits,7.9,1500,4500,3000,2022-03-16,79.0
799,Indore,Indore(F&V),Sapota,Fruits,9.6,1500,4500,3000,2022-03-15,96.0
800,Indore,Indore(F&V),Sapota,Fruits,10.4,1500,4000,2500,2022-03-10,104.0
801,Indore,Indore(F&V),Sapota,Fruits,2.2,1500,4000,3000,2022-03-03,22.0
802,Indore,Indore(F&V),Sapota,Fruits,3.4,1500,4000,3000,2022-02-26,34.0
803,Indore,Indore(F&V),Sapota,Fruits,1.7,1500,4000,3000,2022-02-25,17.0
804,Indore,Indore(F&V),Sapota,Fruits,1.1,1500,4000,2500,2022-02-22,11.0
805,Indore,Indore(F&V),Sapota,Fruits,0.7,1500,4000,3000,2022-02-19,7.0
806,Indore,Indore(F&V),Sapota,Fruits,8.4,1500,4000,3000,2022-02-18,84.0
807,Indore,Indore(F&V),Sapota,Fruits,1.4,1500,3500,2500,2022-02-03,14.0
808,Indore,Indore(F&V),Sapota,Fruits,2.1,1500,4000,2500,2022-01-24,21.0
809,Indore,Indore(F&V),Sapota,Fruits,2.8,1500,4000,2500,2022-01-22,28.0
810,Indore,Indore(F&V),Sapota,Fruits,1.4,1500,4000,3000,2022-01-09,14.0
811,Indore,Indore(F&V),Sapota,Fruits,2.4,1500,4000,3000,2022-01-08,24.0
812,Indore,Indore(F&V),Sapota,Fruits,2.0,1500,3500,2500,2022-01-04,20.0
813,Indore,Indore(F&V),Sapota,Fruits,1.0,1500,3500,2500,2021-12-31,10.0
814,Indore,Indore(F&V),Sapota,Fruits,1.0,1500,3500,2500,2021-12-25,10.0
815,Indore,Indore(F&V),Sapota,Fruits,3.0,1500,3500,2500,2021-12-24,30.0
816,Indore,Indore(F&V),Sapota,Fruits,1.5,1500,3500,2500,2021-12-23,15.0
817,Indore,Indore(F&V),Sapota,Fruits,1.5,1500,3500,2500,2021-12-22,15.0
818,Indore,Indore(F&V),Sapota,Fruits,1.6,1500,3500,2500,2021-12-18,16.0
819,Indore,Indore(F&V),Sapota,Fruits,3.4,1500,3500,2500,2021-12-17,34.0
820,Indore,Indore(F&V),Sapota,Fruits,1.5,1500,3500,2500,2021-12-13,15.0
821,Indore,Indore(F&V),Sapota,Fruits,1.3,1500,3500,2500,2021-12-10,13.0
822,Indore,Indore(F&V),Sapota,Fruits,1.0,1500,3500,2500,2021-12-08,10.0
823,Indore,Indore(F&V),Sapota,Fruits,5.6,1500,3500,2500,2021-12-07,56.0
824,Indore,Indore(F&V),Sapota,Fruits,1.2,1500,4000,2500,2021-11-22,12.0
825,Indore,Indore(F&V),Sapota,Fruits,12.0,1500,4000,2500,2021-11-18,120.0
826,Indore,Indore(F&V),Sapota,Fruits,1.0,2000,4000,3000,2021-08-30,10.0
827,Indore,Indore(F&V),Sapota,Fruits,0.5,1500,4000,2500,2021-08-21,5.0
828,Indore,Indore(F&V),Sapota,Fruits,1.6,1000,4000,2500,2021-08-18,16.0
829,Indore,Indore(F&V),Sapota,Fruits,1.2,1500,4000,2500,2021-08-16,12.0
830,Indore,Indore(F&V),Sapota,Fruits,8.9,1500,3500,2000,2021-03-23,89.0
831,Indore,Indore(F&V),Sapota,Fruits,2.4,1500,3500,2000,2021-03-16,24.0
832,Indore,Indore(F&V),Sapota,Fruits,6.0,1500,4000,2500,2021-03-09,60.0
833,Indore,Indore(F&V),Sapota,Fruits,3.2,1000,3500,2000,2021-03-06,32.0
834,Indore,Indore(F&V),Sapota,Fruits,2.5,1000,3500,2500,2021-03-03,25.0
835,Indore,Indore(F&V),Sapota,Fruits,2.0,1500,3000,2000,2021-02-26,20.0
836,Indore,Indore(F&V),Sapota,Fruits,5.6,1500,3500,2500,2021-02-16,56.0
837,Indore,Indore(F&V),Sapota,Fruits,4.0,1500,4000,2500,2021-02-10,40.0
838,Indore,Indore(F&V),Sapota,Fruits,1.0,1500,5000,3000,2021-01-25,10.0
839,Indore,Indore(F&V),Sapota,Fruits,5.5,1500,4000,3000,2021-01-22,55.0
840,Indore,Indore(F&V),Sapota,Fruits,17.0,1000,3000,2000,2020-08-28,170.0
841,Indore,Indore(F&V),Sapota,Fruits,6.0,1000,2500,2000,2020-08-27,60.0
842,Indore,Indore(F&V),Sapota,Fruits,5.7,1000,2500,2000,2020-08-26,57.0
843,Indore,Indore(F&V),Sapota,Fruits,2.0,1000,3000,2000,2020-08-22,20.0
844,Indore,Indore(F&V),Sapota,Fruits,5.0,1000,3000,2000,2020-08-17,50.0
845,Indore,Indore(F&V),Sapota,Fruits,5.6,1000,3000,2000,2019-02-25,56.0
846,Indore,Indore(F&V),Sapota,Fruits,4.1,1000,3000,2000,2019-02-23,41.0
847,Indore,Indore(F&V),Sapota,Fruits,2.9,1500,3000,2500,2019-02-20,29.0
848,Indore,Indore(F&V),Sapota,Fruits,4.2,1500,3000,2500,2019-02-19,42.0
849,Indore,Indore(F&V),Sapota,Fruits,6.0,1500,3000,2500,2019-02-15,60.0
850,Indore,Indore(F&V),Sapota,Fruits,0.57,1500,3000,2500,2019-02-13,5.699999999999999
851,Indore,Indore(F&V),Sapota,Fruits,9.7,1500,3000,2500,2019-02-01,97.0
852,Indore,Indore(F&V),Sapota,Fruits,2.2,1500,2500,2000,2019-01-14,22.0
853,Indore,Indore(F&V),Sapota,Fruits,8.9,1500,2500,2000,2019-01-05,89.0
854,Indore,Indore(F&V),Sapota,Fruits,4.5,2000,4000,3000,2018-11-20,45.0
855,Indore,Indore(F&V),Sapota,Fruits,10.8,2000,4000,3000,2018-11-17,108.0
856,Indore,Indore(F&V),Sapota,Fruits,30.6,2000,3500,2500,2018-02-03,306.0
857,Indore,Indore(F&V),Sapota,Fruits,4.8,2000,3500,2500,2018-01-30,48.0
858,Indore,Indore(F&V),Sapota,Fruits,15.1,2000,3500,2500,2018-01-24,151.0
859,Indore,Indore(F&V),Sapota,Fruits,19.6,1500,3500,2500,2018-01-23,196.0
860,Indore,Indore(F&V),Sapota,Fruits,9.5,1500,3500,2500,2018-01-20,95.0
861,Indore,Indore(F&V),Sapota,Fruits,8.7,1500,3500,2500,2018-01-18,87.0
862,Indore,Indore(F&V),Sapota,Fruits,2.0,1500,3500,2500,2018-01-15,20.0
863,Indore,Indore(F&V),Sapota,Fruits,9.9,1500,3000,2500,2018-01-13,99.0
864,Indore,Indore(F&V),Sapota,Fruits,21.7,1500,3000,2500,2018-01-12,217.0
865,Indore,Indore(F&V),Sapota,Fruits,22.1,1500,3000,2500,2018-01-10,221.0
866,Indore,Indore(F&V),Sapota,Fruits,6.0,1500,3000,2500,2018-01-09,60.0
867,Indore,Indore(F&V),Sapota,Fruits,13.0,1500,3000,2500,2018-01-06,130.0
868,Indore,Indore(F&V),Sapota,Fruits,6.0,1500,3000,2500,2018-01-05,60.0
869,Indore,Indore(F&V),Sapota,Fruits,13.8,1500,3000,2500,2018-01-04,138.0
870,Indore,Indore(F&V),Sapota,Fruits,6.0,1500,3000,2500,2018-01-03,60.0
871,Katni,Katni(F&V),Other,Fruits,0.05,2500,2500,2500,2023-12-19,0.5
872,Katni,Katni(F&V),Other,Fruits,0.4,1600,2500,2000,2023-12-18,4.0
873,Katni,Katni(F&V),Other,Fruits,0.41,1600,2000,2000,2023-12-16,4.1
874,Katni,Katni(F&V),Other,Fruits,0.1,2000,2000,2000,2023-12-15,1.0
875,Katni,Katni(F&V),Other,Fruits,0.26,1600,2000,1600,2023-12-14,2.6
876,Katni,Katni(F&V),Other,Fruits,0.4,1600,2000,2000,2023-12-13,4.0
877,Katni,Katni(F&V),Other,Fruits,0.15,2000,2200,2000,2023-11-10,1.5
878,Katni,Katni(F&V),Other,Fruits,0.05,2700,2700,2700,2023-11-07,0.5
879,Katni,Katni(F&V),Other,Fruits,0.05,2200,2200,2200,2023-11-06,0.5
880,Katni,Katni(F&V),Other,Fruits,0.1,2200,2200,2200,2023-11-03,1.0
881,Katni,Katni(F&V),Other,Fruits,0.25,2000,2200,2000,2023-10-31,2.5
882,Katni,Katni(F&V),Other,Fruits,0.05,2500,2500,2500,2023-10-21,0.5
883,Katni,Katni(F&V),Other,Fruits,0.05,2200,2200,2200,2023-10-18,0.5
884,Katni,Katni(F&V),Other,Fruits,0.1,2200,2200,2200,2023-10-14,1.0
885,Katni,Katni(F&V),Other,Fruits,0.05,2000,2000,2000,2023-10-10,0.5
886,Katni,Katni(F&V),Other,Fruits,0.08,2500,2500,2500,2023-10-07,0.8
887,Katni,Katni(F&V),Other,Fruits,0.1,900,900,900,2023-10-06,1.0
888,Katni,Katni(F&V),Other,Fruits,0.1,2500,2500,2500,2023-09-28,1.0
889,Katni,Katni(F&V),Other,Fruits,0.1,2200,2200,2200,2023-09-27,1.0
890,Katni,Katni(F&V),Other,Fruits,0.1,2000,2000,2000,2023-09-25,1.0
891,Katni,Katni(F&V),Other,Fruits,0.15,2200,2200,2200,2023-09-23,1.5
892,Katni,Katni(F&V),Other,Fruits,0.16,2500,2500,2500,2023-09-15,1.6
893,Katni,Katni(F&V),Other,Fruits,0.1,2500,2500,2500,2023-09-08,1.0
894,Katni,Katni(F&V),Other,Fruits,0.2,2000,2000,2000,2023-09-07,2.0
895,Katni,Katni(F&V),Other,Fruits,0.09,3000,3000,3000,2023-08-28,0.8999999999999999
896,Katni,Katni(F&V),Other,Fruits,0.6,1800,2500,2500,2023-08-10,6.0
897,Gwalior,Lashkar(F&V),Other,Fruits,2.0,1000,2000,1500,2023-12-18,20.0
898,Gwalior,Lashkar(F&V),Other,Fruits,1.6,1000,2000,1500,2023-12-11,16.0
899,Gwalior,Lashkar(F&V),Other,Fruits,1.2,1000,2000,1500,2023-12-08,12.0
900,Gwalior,Lashkar(F&V),Other,Fruits,1.6,1000,2500,1750,2023-11-28,16.0
901,Gwalior,Lashkar(F&V),Other,Fruits,1.6,1000,3000,2000,2023-11-25,16.0
902,Gwalior,Lashkar(F&V),Other,Fruits,2.8,1000,3000,2000,2023-11-23,28.0
903,Gwalior,Lashkar(F&V),Other,Fruits,2.0,1000,3000,2000,2023-11-21,20.0
904,Gwalior,Lashkar(F&V),Other,Fruits,1.6,1000,3000,2000,2023-11-07,16.0
905,Gwalior,Lashkar(F&V),Other,Fruits,3.2,1000,2000,1500,2023-05-19,32.0
906,Gwalior,Lashkar(F&V),Other,Fruits,3.2,1000,2000,1500,2023-05-15,32.0
907,Gwalior,Lashkar(F&V),Other,Fruits,2.0,1000,2000,1500,2023-04-20,20.0
908,Gwalior,Lashkar(F&V),Other,Fruits,2.0,1000,2000,1500,2023-04-17,20.0
909,Gwalior,Lashkar(F&V),Other,Fruits,5.2,1000,2000,1500,2023-04-15,52.0
910,Gwalior,Lashkar(F&V),Other,Fruits,1.6,1000,2000,1500,2023-04-11,16.0
911,Gwalior,Lashkar(F&V),Other,Fruits,5.6,1000,2000,1500,2023-04-09,56.0
912,Gwalior,Lashkar(F&V),Other,Fruits,3.6,1000,2000,1500,2023-04-08,36.0
913,Gwalior,Lashkar(F&V),Other,Fruits,3.6,1000,2000,1500,2023-04-07,36.0
914,Gwalior,Lashkar(F&V),Other,Fruits,2.4,1000,2000,1500,2023-04-06,24.0
915,Gwalior,Lashkar(F&V),Other,Fruits,1.6,1000,2000,1500,2023-04-05,16.0
916,Gwalior,Lashkar(F&V),Other,Fruits,2.0,1000,1500,1250,2023-04-03,20.0
917,Gwalior,Lashkar(F&V),Other,Fruits,6.4,1000,2000,1500,2023-03-30,64.0
918,Gwalior,Lashkar(F&V),Other,Fruits,4.8,1000,2000,1500,2023-03-28,48.0
919,Gwalior,Lashkar(F&V),Other,Fruits,4.0,1000,2000,1500,2023-03-27,40.0
920,Gwalior,Lashkar(F&V),Other,Fruits,1.6,1000,2000,1500,2023-03-24,16.0
921,Gwalior,Lashkar(F&V),Other,Fruits,2.4,1000,1700,1350,2023-03-23,24.0
922,Gwalior,Lashkar(F&V),Other,Fruits,5.0,1000,1800,1400,2023-03-17,50.0
923,Gwalior,Lashkar(F&V),Other,Fruits,5.3,1000,1800,1400,2023-03-13,53.0
924,Gwalior,Lashkar(F&V),Other,Fruits,4.1,1500,2200,1750,2023-03-12,41.0
925,Gwalior,Lashkar(F&V),Other,Fruits,4.1,1200,1800,1550,2023-03-04,41.0
926,Gwalior,Lashkar(F&V),Other,Fruits,5.2,1000,1300,1150,2023-03-01,52.0
927,Gwalior,Lashkar(F&V),Other,Fruits,2.4,1200,1800,1400,2023-02-27,24.0
928,Gwalior,Lashkar(F&V),Other,Fruits,4.2,900,1500,1300,2023-02-24,42.0
929,Gwalior,Lashkar(F&V),Other,Fruits,5.5,1000,2700,2500,2023-02-23,55.0
930,Gwalior,Lashkar(F&V),Other,Fruits,6.0,1100,1800,1500,2023-02-22,60.0
931,Gwalior,Lashkar(F&V),Other,Fruits,7.1,1500,2500,2000,2023-02-21,71.0
932,Gwalior,Lashkar(F&V),Other,Fruits,2.2,1200,1500,1400,2023-02-18,22.0
933,Gwalior,Lashkar(F&V),Other,Fruits,1.6,1200,2000,1500,2023-02-17,16.0
934,Gwalior,Lashkar(F&V),Other,Fruits,2.4,1000,2000,1500,2023-01-24,24.0
935,Gwalior,Lashkar(F&V),Other,Fruits,1.6,800,1600,1200,2023-01-13,16.0
936,Gwalior,Lashkar(F&V),Other,Fruits,1.6,1000,2000,1500,2023-01-12,16.0
937,Gwalior,Lashkar(F&V),Other,Fruits,3.2,1000,1900,1450,2022-12-27,32.0
938,Gwalior,Lashkar(F&V),Other,Fruits,3.2,900,1800,1350,2022-12-26,32.0
939,Gwalior,Lashkar(F&V),Other,Fruits,1.6,800,1600,1200,2022-12-24,16.0
940,Gwalior,Lashkar(F&V),Other,Fruits,4.0,1000,1600,1300,2022-12-22,40.0
941,Gwalior,Lashkar(F&V),Other,Fruits,1.6,1000,2000,1500,2022-12-15,16.0
942,Gwalior,Lashkar(F&V),Other,Fruits,1.6,1000,2200,1600,2022-12-13,16.0
943,Gwalior,Lashkar(F&V),Other,Fruits,2.4,1000,1500,1250,2022-11-28,24.0
944,Gwalior,Lashkar(F&V),Other,Fruits,4.0,1000,2000,1500,2022-04-23,40.0
945,Gwalior,Lashkar(F&V),Other,Fruits,0.8,1000,2000,1500,2022-04-06,8.0
946,Gwalior,Lashkar(F&V),Other,Fruits,0.8,1000,2000,1500,2022-04-02,8.0
947,Gwalior,Lashkar(F&V),Other,Fruits,32.2,1000,1500,1250,2022-03-29,322.0
948,Gwalior,Lashkar(F&V),Other,Fruits,3.2,1000,2000,1500,2022-03-24,32.0
949,Gwalior,Lashkar(F&V),Other,Fruits,1.6,1000,2500,1750,2022-03-23,16.0
950,Gwalior,Lashkar(F&V),Other,Fruits,1.2,1000,2500,1750,2022-03-22,12.0
951,Gwalior,Lashkar(F&V),Other,Fruits,0.8,1000,2000,1500,2022-03-21,8.0
952,Gwalior,Lashkar(F&V),Other,Fruits,0.8,1000,1500,1250,2022-03-15,8.0
953,Gwalior,Lashkar(F&V),Other,Fruits,0.8,1000,2000,1500,2022-03-14,8.0
954,Gwalior,Lashkar(F&V),Other,Fruits,0.8,1000,2000,1500,2022-03-12,8.0
955,Gwalior,Lashkar(F&V),Other,Fruits,0.8,1000,1500,1250,2022-03-11,8.0
956,Gwalior,Lashkar(F&V),Other,Fruits,2.0,1000,2000,1500,2022-03-10,20.0
957,Gwalior,Lashkar(F&V),Other,Fruits,0.8,1000,2000,1500,2022-03-08,8.0
958,Gwalior,Lashkar(F&V),Other,Fruits,2.0,1000,2000,1500,2022-03-07,20.0
959,Gwalior,Lashkar(F&V),Other,Fruits,0.4,1000,2500,1750,2022-03-06,4.0
960,Gwalior,Lashkar(F&V),Other,Fruits,0.8,1000,2000,1500,2022-03-04,8.0
961,Gwalior,Lashkar(F&V),Other,Fruits,0.4,1500,1500,1500,2022-03-03,4.0
962,Gwalior,Lashkar(F&V),Other,Fruits,1.6,1000,2000,1500,2022-02-21,16.0
963,Gwalior,Lashkar(F&V),Other,Fruits,5.9,1000,1500,1250,2022-02-14,59.0
964,Gwalior,Lashkar(F&V),Other,Fruits,1.6,1000,1500,1250,2022-02-11,16.0
965,Gwalior,Lashkar(F&V),Other,Fruits,1.4,1000,1000,1000,2022-02-04,14.0
966,Gwalior,Lashkar(F&V),Other,Fruits,1.6,800,1000,900,2022-01-15,16.0
967,Morena,Morena(F&V),Sapota,Fruits,3.3,2000,2000,2000,2022-03-31,33.0
968,Sheopur,Syopurkalan(F&V),Other,Fruits,0.2,4000,4000,4000,2023-03-31,2.0
969,Sheopur,Syopurkalan(F&V),Other,Fruits,0.2,3000,3500,3200,2023-03-28,2.0
970,Sheopur,Syopurkalan(F&V),Other,Fruits,0.2,4000,4000,4000,2023-03-06,2.0
971,Sheopur,Syopurkalan(F&V),Other,Fruits,0.2,3500,3500,3500,2023-01-10,2.0
972,Sheopur,Syopurkalan(F&V),Other,Fruits,0.2,3500,3500,3500,2022-12-31,2.0
973,Sheopur,Syopurkalan(F&V),Other,Fruits,0.2,3500,4000,3800,2022-12-26,2.0
974,Sheopur,Syopurkalan(F&V),Other,Fruits,0.3,2800,3000,2900,2022-12-18,3.0
975,Sheopur,Syopurkalan(F&V),Other,Fruits,0.2,3000,3000,3000,2022-01-30,2.0
976,Sheopur,Syopurkalan(F&V),Other,Fruits,0.2,2500,2500,2500,2022-01-11,2.0
977,Sheopur,Syopurkalan(F&V),Other,Fruits,0.2,3000,3000,3000,2022-01-03,2.0
978,Sheopur,Syopurkalan(F&V),Other,Fruits,0.2,2500,3000,2800,2021-12-31,2.0
979,Sheopur,Syopurkalan(F&V),Other,Fruits,0.2,3500,3500,3500,2021-11-22,2.0
980,Sheopur,Syopurkalan(F&V),Other,Fruits,0.1,4000,4000,4000,2021-02-26,1.0
981,Sheopur,Syopurkalan(F&V),Other,Fruits,0.1,4000,4000,4000,2021-02-16,1.0
982,Sheopur,Syopurkalan(F&V),Other,Fruits,0.6,3000,3200,3100,2021-02-12,6.0
983,Sheopur,Syopurkalan(F&V),Other,Fruits,0.5,2500,2800,2600,2021-02-10,5.0
984,Sheopur,Syopurkalan(F&V),Other,Fruits,0.4,2500,2800,2600,2021-02-06,4.0
985,Sheopur,Syopurkalan(F&V),Other,Fruits,0.3,3500,3500,3500,2021-01-29,3.0
986,Sheopur,Syopurkalan(F&V),Other,Fruits,0.7,3500,3500,3500,2021-01-13,7.0
987,Sheopur,Syopurkalan(F&V),Other,Fruits,0.3,4000,4000,4000,2021-01-11,3.0
988,Sheopur,Syopurkalan(F&V),Other,Fruits,0.1,3000,3500,3200,2021-01-10,1.0
989,Sheopur,Syopurkalan(F&V),Other,Fruits,0.5,3000,3500,3300,2021-01-07,5.0
990,Sheopur,Syopurkalan(F&V),Other,Fruits,0.3,1700,1800,1750,2020-02-09,3.0
991,Sheopur,Syopurkalan(F&V),Other,Fruits,0.2,2800,3000,2900,2019-12-30,2.0
992,Sheopur,Syopurkalan(F&V),Other,Fruits,0.1,3000,3000,3000,2019-12-29,1.0
993,Sheopur,Syopurkalan(F&V),Other,Fruits,0.1,3000,3000,3000,2019-12-24,1.0
994,Sheopur,Syopurkalan(F&V),Other,Fruits,0.1,4000,4000,4000,2019-12-23,1.0
995,Sheopur,Syopurkalan(F&V),Other,Fruits,0.1,4000,4000,4000,2019-12-21,1.0
996,Sheopur,Syopurkalan(F&V),Other,Fruits,0.3,2300,2400,2350,2019-01-15,3.0
997,Sheopur,Syopurkalan(F&V),Other,Fruits,0.3,2000,2200,2100,2019-01-06,3.0
998,Sheopur,Syopurkalan(F&V),Other,Fruits,0.3,2000,2100,2050,2018-12-16,3.0
999,Sheopur,Syopurkalan(F&V),Other,Fruits,0.5,2000,2100,2050,2018-11-18,5.0
1000,Ujjain,Ujjain(F&V),Sapota,Fruits,0.3,5000,5000,5000,2023-12-07,3.0
1001,Ujjain,Ujjain(F&V),Sapota,Fruits,0.02,3000,3000,3000,2023-03-27,0.2
1002,Ujjain,Ujjain(F&V),Sapota,Fruits,0.12,1875,1875,1875,2023-02-02,1.2
1003,Ujjain,Ujjain(F&V),Sapota,Fruits,0.56,2000,2500,2232,2023-02-01,5.6000000000000005
1004,Ujjain,Ujjain(F&V),Sapota,Fruits,0.48,1875,1875,1875,2023-01-17,4.8
1005,Ujjain,Ujjain(F&V),Sapota,Fruits,0.22,1875,1875,1875,2023-01-13,2.2
1006,Ujjain,Ujjain(F&V),Sapota,Fruits,0.16,2500,2500,2500,2023-01-11,1.6
1007,Ujjain,Ujjain(F&V),Sapota,Fruits,0.4,1875,2500,1875,2023-01-07,4.0
1008,Ujjain,Ujjain(F&V),Sapota,Fruits,0.32,2500,2500,2500,2023-01-06,3.2
1009,Ujjain,Ujjain(F&V),Sapota,Fruits,0.21,3750,3750,3750,2022-12-24,2.1
1010,Ujjain,Ujjain(F&V),Sapota,Fruits,0.32,3125,3125,3125,2022-12-16,3.2
1011,Ujjain,Ujjain(F&V),Sapota,Fruits,0.02,2000,2000,2000,2022-05-07,0.2
1012,Ujjain,Ujjain(F&V),Sapota,Fruits,0.02,2500,2500,2500,2022-03-26,0.2
1013,Ujjain,Ujjain(F&V),Sapota,Fruits,0.23,2000,2500,2223,2022-03-14,2.3000000000000003
1014,Ujjain,Ujjain(F&V),Sapota,Fruits,0.02,2500,2500,2500,2022-03-07,0.2
1015,Ujjain,Ujjain(F&V),Sapota,Fruits,0.12,3125,3125,3125,2022-03-01,1.2
1016,Ujjain,Ujjain(F&V),Sapota,Fruits,0.07,1846,1846,1846,2022-02-24,0.7000000000000001
1017,Ujjain,Ujjain(F&V),Sapota,Fruits,0.02,4000,4000,4000,2022-02-22,0.2
1018,Ujjain,Ujjain(F&V),Sapota,Fruits,0.03,2666,2666,2666,2022-02-14,0.3
1019,Ujjain,Ujjain(F&V),Sapota,Fruits,0.18,2500,2500,2500,2022-02-08,1.7999999999999998
1020,Ujjain,Ujjain(F&V),Sapota,Fruits,0.22,2500,2500,2500,2022-02-04,2.2
1021,Ujjain,Ujjain(F&V),Sapota,Fruits,0.08,2800,3150,3100,2022-01-29,0.8
1022,Ujjain,Ujjain(F&V),Sapota,Fruits,0.32,2500,3500,3000,2022-01-28,3.2
1023,Ujjain,Ujjain(F&V),Sapota,Fruits,0.08,2500,2500,2500,2022-01-20,0.8
1024,Ujjain,Ujjain(F&V),Sapota,Fruits,0.04,1875,1875,1875,2022-01-11,0.4
1025,Ujjain,Ujjain(F&V),Sapota,Fruits,0.08,2250,2250,2250,2022-01-10,0.8
1026,Ujjain,Ujjain(F&V),Sapota,Fruits,0.03,3733,3733,3733,2022-01-07,0.3
1027,Ujjain,Ujjain(F&V),Sapota,Fruits,0.24,2500,3500,3125,2022-01-05,2.4
1028,Ujjain,Ujjain(F&V),Sapota,Fruits,0.84,1700,2500,1970,2022-01-04,8.4
1029,Ujjain,Ujjain(F&V),Sapota,Fruits,0.22,2000,2500,2318,2022-01-03,2.2
1030,Ujjain,Ujjain(F&V),Sapota,Fruits,0.32,2250,2250,2250,2022-01-01,3.2
1031,Ujjain,Ujjain(F&V),Sapota,Fruits,0.12,2500,2500,2500,2021-12-29,1.2
1032,Ujjain,Ujjain(F&V),Sapota,Fruits,0.16,2500,2500,2500,2021-12-28,1.6
1033,Ujjain,Ujjain(F&V),Sapota,Fruits,0.27,2200,3000,2593,2021-12-27,2.7
1034,Ujjain,Ujjain(F&V),Sapota,Fruits,0.24,2500,2500,2500,2021-12-25,2.4
1035,Ujjain,Ujjain(F&V),Sapota,Fruits,0.24,2500,2500,2500,2021-12-24,2.4
1036,Ujjain,Ujjain(F&V),Sapota,Fruits,0.33,2000,2500,2377,2021-12-23,3.3000000000000003
1037,Ujjain,Ujjain(F&V),Sapota,Fruits,0.08,2500,2500,2500,2021-12-21,0.8
1038,Ujjain,Ujjain(F&V),Sapota,Fruits,0.24,2500,2500,2500,2021-12-20,2.4
1039,Ujjain,Ujjain(F&V),Sapota,Fruits,0.16,2000,3500,2813,2021-12-18,1.6
1040,Ujjain,Ujjain(F&V),Sapota,Fruits,0.24,1800,3000,2500,2021-12-17,2.4
1041,Ujjain,Ujjain(F&V),Sapota,Fruits,0.16,2500,2500,2500,2021-12-16,1.6
1042,Ujjain,Ujjain(F&V),Sapota,Fruits,0.24,1500,2500,1833,2021-12-14,2.4
1043,Ujjain,Ujjain(F&V),Sapota,Fruits,1.36,2000,2500,2353,2021-12-13,13.600000000000001
1044,Ujjain,Ujjain(F&V),Sapota,Fruits,1.13,1800,2500,2137,2021-12-11,11.299999999999999
1045,Ujjain,Ujjain(F&V),Sapota,Fruits,1.35,2000,3000,2402,2021-12-10,13.5
1046,Ujjain,Ujjain(F&V),Sapota,Fruits,0.84,2400,3000,2548,2021-12-06,8.4
1047,Ujjain,Ujjain(F&V),Sapota,Fruits,0.86,2200,3000,2500,2021-12-04,8.6
1048,Ujjain,Ujjain(F&V),Sapota,Fruits,0.08,2500,2500,2500,2021-12-02,0.8
1049,Ujjain,Ujjain(F&V),Sapota,Fruits,0.16,2500,2500,2500,2021-11-30,1.6
1050,Ujjain,Ujjain(F&V),Sapota,Fruits,0.63,2500,3000,2500,2021-11-29,6.3
1051,Ujjain,Ujjain(F&V),Sapota,Fruits,0.22,2000,3000,2558,2021-11-27,2.2
1052,Ujjain,Ujjain(F&V),Sapota,Fruits,0.24,2400,2800,2625,2021-11-26,2.4
1053,Ujjain,Ujjain(F&V),Sapota,Fruits,0.28,2500,4000,2946,2021-11-25,2.8000000000000003
1054,Ujjain,Ujjain(F&V),Sapota,Fruits,0.08,2500,2500,2500,2021-11-24,0.8
1055,Ujjain,Ujjain(F&V),Sapota,Fruits,0.14,2500,3500,2857,2021-11-23,1.4000000000000001
1056,Ujjain,Ujjain(F&V),Sapota,Fruits,0.12,5000,5000,5000,2021-11-18,1.2
1057,Ujjain,Ujjain(F&V),Sapota,Fruits,0.09,2500,2500,2500,2021-11-15,0.8999999999999999
1058,Ujjain,Ujjain(F&V),Sapota,Fruits,0.01,3333,3333,3333,2021-09-24,0.1
1059,Ujjain,Ujjain(F&V),Sapota,Fruits,0.01,3333,3333,3333,2021-09-23,0.1
1060,Ujjain,Ujjain(F&V),Sapota,Fruits,0.15,2368,2368,2368,2021-08-18,1.5
1061,Ujjain,Ujjain(F&V),Sapota,Fruits,0.25,1700,3200,2000,2021-08-13,2.5
1062,Ujjain,Ujjain(F&V),Sapota,Fruits,0.06,1800,2500,2000,2021-03-23,0.6
1063,Ujjain,Ujjain(F&V),Sapota,Fruits,0.08,1875,1875,1875,2021-03-20,0.8
1064,Ujjain,Ujjain(F&V),Sapota,Fruits,0.2,1700,2500,1822,2021-03-19,2.0
1065,Ujjain,Ujjain(F&V),Sapota,Fruits,0.06,1800,2200,2000,2021-03-15,0.6
1066,Ujjain,Ujjain(F&V),Sapota,Fruits,0.21,2571,2571,2571,2021-02-02,2.1
1067,Ujjain,Ujjain(F&V),Sapota,Fruits,0.07,2571,2571,2571,2021-02-01,0.7000000000000001
1068,Ujjain,Ujjain(F&V),Sapota,Fruits,0.21,3476,3476,3476,2021-01-13,2.1
1069,Ujjain,Ujjain(F&V),Sapota,Fruits,0.21,2981,2981,2981,2021-01-11,2.1
1070,Ujjain,Ujjain(F&V),Sapota,Fruits,0.07,3214,3214,3214,2021-01-08,0.7000000000000001
1071,Ujjain,Ujjain(F&V),Sapota,Fruits,0.01,2000,2000,2000,2020-03-20,0.1
1072,Ujjain,Ujjain(F&V),Sapota,Fruits,0.1,1000,1000,1000,2020-03-02,1.0
1073,Ujjain,Ujjain(F&V),Sapota,Fruits,0.2,1200,1800,1300,2020-02-28,2.0
1074,Ujjain,Ujjain(F&V),Sapota,Fruits,0.2,1500,1500,1500,2020-02-27,2.0
1075,Ujjain,Ujjain(F&V),Sapota,Fruits,0.04,1500,1500,1500,2020-02-26,0.4
1076,Ujjain,Ujjain(F&V),Sapota,Fruits,0.05,4000,4000,4000,2020-02-24,0.5
1077,Ujjain,Ujjain(F&V),Sapota,Fruits,0.18,1500,2900,1722,2020-02-22,1.7999999999999998
1078,Ujjain,Ujjain(F&V),Sapota,Fruits,0.4,1150,1800,1450,2020-02-14,4.0
1079,Ujjain,Ujjain(F&V),Sapota,Fruits,0.22,2000,2000,2000,2020-02-13,2.2
1080,Ujjain,Ujjain(F&V),Sapota,Fruits,0.04,1100,1100,1100,2020-02-10,0.4
1081,Ujjain,Ujjain(F&V),Sapota,Fruits,0.06,2000,2000,2000,2020-02-01,0.6
1082,Ujjain,Ujjain(F&V),Sapota,Fruits,0.62,1500,2500,1613,2020-01-30,6.2
1083,Ujjain,Ujjain(F&V),Sapota,Fruits,0.06,2800,3500,3000,2020-01-25,0.6
1084,Ujjain,Ujjain(F&V),Sapota,Fruits,0.08,2100,2800,2250,2020-01-24,0.8
1085,Ujjain,Ujjain(F&V),Sapota,Fruits,0.89,1750,2200,1875,2020-01-18,8.9
1086,Ujjain,Ujjain(F&V),Sapota,Fruits,0.16,1500,1500,1500,2020-01-13,1.6
1087,Ujjain,Ujjain(F&V),Sapota,Fruits,0.31,1400,2200,1500,2020-01-11,3.1
1088,Ujjain,Ujjain(F&V),Sapota,Fruits,0.05,2000,2000,2000,2020-01-10,0.5
1089,Ujjain,Ujjain(F&V),Sapota,Fruits,0.22,1300,2200,1500,2020-01-09,2.2
1090,Ujjain,Ujjain(F&V),Sapota,Fruits,0.05,1500,1500,1500,2020-01-06,0.5
1091,Ujjain,Ujjain(F&V),Sapota,Fruits,0.45,1700,2000,1800,2019-12-30,4.5
1092,Ujjain,Ujjain(F&V),Sapota,Fruits,0.91,2050,2500,2248,2019-12-28,9.1
1093,Ujjain,Ujjain(F&V),Sapota,Fruits,0.22,2000,2000,2000,2019-12-25,2.2
1094,Ujjain,Ujjain(F&V),Sapota,Fruits,0.15,2000,2000,2000,2019-12-24,1.5
1095,Ujjain,Ujjain(F&V),Sapota,Fruits,0.06,2900,3500,3000,2019-12-23,0.6
1096,Ujjain,Ujjain(F&V),Sapota,Fruits,0.36,2400,2850,2528,2019-12-20,3.5999999999999996
1097,Ujjain,Ujjain(F&V),Sapota,Fruits,0.06,1300,2000,1500,2019-12-19,0.6
1098,Ujjain,Ujjain(F&V),Sapota,Fruits,0.38,1800,2500,2053,2019-12-18,3.8
1099,Ujjain,Ujjain(F&V),Sapota,Fruits,0.06,1800,2200,2000,2019-12-05,0.6
1100,Ujjain,Ujjain(F&V),Sapota,Fruits,0.04,2000,3000,2500,2019-12-04,0.4
1101,Ujjain,Ujjain(F&V),Sapota,Fruits,0.06,2500,2500,2500,2019-12-02,0.6
1102,Ujjain,Ujjain(F&V),Sapota,Fruits,0.28,2000,2000,2000,2019-11-30,2.8000000000000003
1103,Ujjain,Ujjain(F&V),Sapota,Fruits,0.01,1000,2000,1500,2019-09-06,0.1
1104,Ujjain,Ujjain(F&V),Sapota,Fruits,0.18,1000,1500,1278,2019-09-05,1.7999999999999998
1105,Ujjain,Ujjain(F&V),Sapota,Fruits,0.1,1500,1500,1500,2019-09-02,1.0
1106,Ujjain,Ujjain(F&V),Sapota,Fruits,0.9,1000,1500,1389,2019-08-29,9.0
1107,Ujjain,Ujjain(F&V),Sapota,Fruits,0.05,2000,2000,2000,2019-07-13,0.5
1108,Ujjain,Ujjain(F&V),Sapota,Fruits,0.02,2500,2500,2500,2019-04-20,0.2
1109,Ujjain,Ujjain(F&V),Sapota,Fruits,0.05,2000,2000,2000,2019-04-05,0.5
1110,Ujjain,Ujjain(F&V),Sapota,Fruits,0.25,1100,1100,1100,2019-03-28,2.5
1111,Ujjain,Ujjain(F&V),Sapota,Fruits,0.02,1500,1500,1500,2019-03-26,0.2
1112,Ujjain,Ujjain(F&V),Sapota,Fruits,0.12,1200,1200,1200,2019-03-14,1.2
1113,Ujjain,Ujjain(F&V),Sapota,Fruits,0.05,1500,1500,1500,2019-03-13,0.5
1114,Ujjain,Ujjain(F&V),Sapota,Fruits,0.14,1400,1400,1400,2019-03-12,1.4000000000000001
1115,Ujjain,Ujjain(F&V),Sapota,Fruits,0.06,1500,1500,1500,2019-03-11,0.6
1116,Ujjain,Ujjain(F&V),Sapota,Fruits,0.08,1200,1600,1425,2019-03-09,0.8
1117,Ujjain,Ujjain(F&V),Sapota,Fruits,0.18,1000,2000,1500,2019-03-07,1.7999999999999998
1118,Ujjain,Ujjain(F&V),Sapota,Fruits,0.1,2000,2500,2250,2019-03-05,1.0
1119,Ujjain,Ujjain(F&V),Sapota,Fruits,0.2,1000,1000,1000,2019-02-28,2.0
1120,Ujjain,Ujjain(F&V),Sapota,Fruits,0.33,1000,2000,1500,2019-02-26,3.3000000000000003
1121,Ujjain,Ujjain(F&V),Sapota,Fruits,0.2,1500,2000,1625,2019-02-25,2.0
1122,Ujjain,Ujjain(F&V),Sapota,Fruits,0.41,1500,2000,1622,2019-02-23,4.1
1123,Ujjain,Ujjain(F&V),Sapota,Fruits,0.08,1000,1000,1000,2019-02-18,0.8
1124,Ujjain,Ujjain(F&V),Sapota,Fruits,0.05,2000,3000,2500,2019-02-08,0.5
1125,Ujjain,Ujjain(F&V),Sapota,Fruits,0.07,1000,2000,1500,2019-02-04,0.7000000000000001
1126,Ujjain,Ujjain(F&V),Sapota,Fruits,0.17,1500,2000,1823,2019-02-02,1.7000000000000002
1127,Ujjain,Ujjain(F&V),Sapota,Fruits,0.2,1000,2000,1500,2019-01-30,2.0
1128,Ujjain,Ujjain(F&V),Sapota,Fruits,1.6,1500,2000,1650,2019-01-23,16.0
1129,Ujjain,Ujjain(F&V),Sapota,Fruits,0.06,1500,2000,1666,2019-01-22,0.6
1130,Ujjain,Ujjain(F&V),Sapota,Fruits,0.29,1400,1700,1494,2019-01-16,2.9
1131,Ujjain,Ujjain(F&V),Sapota,Fruits,0.19,2000,2500,2000,2019-01-12,1.9
1132,Ujjain,Ujjain(F&V),Sapota,Fruits,0.2,2100,2100,2100,2019-01-10,2.0
1133,Ujjain,Ujjain(F&V),Sapota,Fruits,0.2,1500,2000,1500,2019-01-09,2.0
1134,Ujjain,Ujjain(F&V),Sapota,Fruits,0.18,2000,2148,2148,2019-01-07,1.7999999999999998
1135,Ujjain,Ujjain(F&V),Sapota,Fruits,0.15,2000,2500,2000,2019-01-04,1.5
1136,Ujjain,Ujjain(F&V),Sapota,Fruits,0.16,2000,2500,2000,2019-01-01,1.6
1137,Ujjain,Ujjain(F&V),Sapota,Fruits,0.1,1800,2000,1800,2018-12-28,1.0
1138,Ujjain,Ujjain(F&V),Sapota,Fruits,0.1,2500,2500,2500,2018-12-24,1.0
1139,Ujjain,Ujjain(F&V),Sapota,Fruits,0.11,2000,2500,2181,2018-12-22,1.1
1140,Ujjain,Ujjain(F&V),Sapota,Fruits,0.15,2000,2500,2500,2018-12-21,1.5
1141,Ujjain,Ujjain(F&V),Sapota,Fruits,0.3,1500,2000,2000,2018-12-20,3.0
1142,Ujjain,Ujjain(F&V),Sapota,Fruits,0.2,2000,2500,2500,2018-12-19,2.0
1143,Ujjain,Ujjain(F&V),Sapota,Fruits,0.11,2500,3000,2545,2018-12-17,1.1
1144,Ujjain,Ujjain(F&V),Sapota,Fruits,0.2,2000,2500,2000,2018-12-15,2.0
1145,Ujjain,Ujjain(F&V),Sapota,Fruits,0.63,2000,3000,2000,2018-12-14,6.3
1146,Ujjain,Ujjain(F&V),Sapota,Fruits,0.18,2000,3000,2296,2018-12-13,1.7999999999999998
1147,Ujjain,Ujjain(F&V),Sapota,Fruits,0.35,1500,3000,2000,2018-12-12,3.5
1148,Ujjain,Ujjain(F&V),Sapota,Fruits,0.15,2000,3000,2300,2018-12-10,1.5
1149,Ujjain,Ujjain(F&V),Sapota,Fruits,0.2,2200,3500,2700,2018-12-08,2.0
1150,Ujjain,Ujjain(F&V),Sapota,Fruits,0.25,2000,3500,2000,2018-12-05,2.5
1151,Ujjain,Ujjain(F&V),Sapota,Fruits,0.8,1600,2500,1775,2018-12-04,8.0
1152,Ujjain,Ujjain(F&V),Sapota,Fruits,0.14,1619,1619,1619,2018-12-03,1.4000000000000001
1153,Ujjain,Ujjain(F&V),Sapota,Fruits,0.4,2000,3500,2000,2018-11-30,4.0
1154,Ujjain,Ujjain(F&V),Sapota,Fruits,0.17,2000,3500,2117,2018-11-29,1.7000000000000002
1155,Ujjain,Ujjain(F&V),Sapota,Fruits,0.4,2000,3500,2733,2018-11-26,4.0
1156,Ujjain,Ujjain(F&V),Sapota,Fruits,0.27,2000,3000,2296,2018-11-23,2.7
1157,Ujjain,Ujjain(F&V),Sapota,Fruits,0.2,1700,3500,2049,2018-11-22,2.0
1158,Ujjain,Ujjain(F&V),Sapota,Fruits,0.14,1926,1926,1926,2018-11-20,1.4000000000000001
1159,Ujjain,Ujjain(F&V),Sapota,Fruits,0.07,3000,5000,4476,2018-11-16,0.7000000000000001
1160,Ujjain,Ujjain(F&V),Sapota,Fruits,0.01,2000,2000,2000,2018-05-01,0.1
1161,Ujjain,Ujjain(F&V),Sapota,Fruits,0.14,1000,1000,1000,2018-04-26,1.4000000000000001
1162,Ujjain,Ujjain(F&V),Sapota,Fruits,0.02,1500,1500,1500,2018-04-21,0.2
1163,Ujjain,Ujjain(F&V),Sapota,Fruits,0.04,1500,2000,1750,2018-04-20,0.4
1164,Ujjain,Ujjain(F&V),Sapota,Fruits,0.34,1500,1500,1500,2018-04-07,3.4000000000000004
1165,Ujjain,Ujjain(F&V),Sapota,Fruits,0.2,2000,2000,2000,2018-04-05,2.0
1166,Ujjain,Ujjain(F&V),Sapota,Fruits,0.12,1000,1500,1083,2018-03-31,1.2
1167,Ujjain,Ujjain(F&V),Sapota,Fruits,0.07,1500,1500,1500,2018-03-30,0.7000000000000001
1168,Ujjain,Ujjain(F&V),Sapota,Fruits,0.11,1000,1500,1377,2018-03-29,1.1
1169,Ujjain,Ujjain(F&V),Sapota,Fruits,0.16,1500,1500,1500,2018-03-27,1.6
1170,Ujjain,Ujjain(F&V),Sapota,Fruits,0.3,1500,1500,1500,2018-03-23,3.0
1171,Ujjain,Ujjain(F&V),Sapota,Fruits,0.18,1200,1500,1416,2018-03-22,1.7999999999999998
1172,Ujjain,Ujjain(F&V),Sapota,Fruits,0.2,1500,1500,1500,2018-03-21,2.0
1173,Ujjain,Ujjain(F&V),Sapota,Fruits,0.14,1000,1500,1200,2018-03-15,1.4000000000000001
1174,Ujjain,Ujjain(F&V),Sapota,Fruits,0.63,1000,1500,1202,2018-03-14,6.3
1175,Ujjain,Ujjain(F&V),Sapota,Fruits,1.0,1350,1500,1395,2018-03-13,10.0
1176,Ujjain,Ujjain(F&V),Sapota,Fruits,0.65,1000,2000,1548,2018-03-12,6.5
1177,Ujjain,Ujjain(F&V),Sapota,Fruits,0.1,1900,1900,1900,2018-03-09,1.0
1178,Ujjain,Ujjain(F&V),Sapota,Fruits,0.02,1500,1500,1500,2018-03-08,0.2
1179,Ujjain,Ujjain(F&V),Sapota,Fruits,0.1,2000,2000,2000,2018-03-07,1.0
1180,Ujjain,Ujjain(F&V),Sapota,Fruits,0.22,1000,1500,1200,2018-02-26,2.2
1181,Ujjain,Ujjain(F&V),Sapota,Fruits,0.13,1500,2000,1576,2018-02-23,1.3
1182,Ujjain,Ujjain(F&V),Sapota,Fruits,0.32,1500,2500,1984,2018-02-22,3.2
1183,Ujjain,Ujjain(F&V),Sapota,Fruits,0.19,2000,2000,2000,2018-02-21,1.9
1184,Ujjain,Ujjain(F&V),Sapota,Fruits,0.39,1500,2500,1628,2018-02-17,3.9000000000000004
1185,Ujjain,Ujjain(F&V),Sapota,Fruits,0.07,2000,2000,2000,2018-02-16,0.7000000000000001
1186,Ujjain,Ujjain(F&V),Sapota,Fruits,0.13,1000,2000,1500,2018-02-09,1.3
1187,Ujjain,Ujjain(F&V),Sapota,Fruits,0.18,2000,3000,2500,2018-02-08,1.7999999999999998
1188,Ujjain,Ujjain(F&V),Sapota,Fruits,0.72,700,1200,868,2018-02-03,7.199999999999999
1189,Ujjain,Ujjain(F&V),Sapota,Fruits,0.4,800,1500,950,2018-02-01,4.0
1190,Ujjain,Ujjain(F&V),Sapota,Fruits,0.1,2000,2000,2000,2018-01-29,1.0
1191,Ujjain,Ujjain(F&V),Sapota,Fruits,0.25,2000,2000,2000,2018-01-20,2.5
1192,Ujjain,Ujjain(F&V),Sapota,Fruits,0.06,1200,1200,1200,2018-01-01,0.6
