Both Price And Arrival from 01-Jan-2018 To 31-Dec-2023 Total Arrival- 6261.19,,,,,,,,,
State Name,District Name,Market Name,Variety,Group,Arrivals (Tonnes),Min Price (Rs./Quintal),Max Price (Rs./Quintal),Modal Price (Rs./Quintal),Reported Date
Madhya Pradesh,Bhopal,Bhopal(F&V),Other,Fruits,9,2000,3000,2500,20-Dec-23
Madhya Pradesh,Bhopal,Bhopal(F&V),Other,Fruits,9,2000,3000,2500,19-Dec-23
Madhya Pradesh,Bhopal,Bhopal(F&V),Other,Fruits,10,2000,3000,2500,18-Dec-23
Madhya Pradesh,Bhopal,Bhopal(F&V),Other,Fruits,8,2000,4000,3000,15-Dec-23
Madhya Pradesh,Bhopal,Bhopal(F&V),Other,Fruits,9,2000,3000,2500,14-Dec-23
Madhya Pradesh,Bhopal,Bhopal(F&V),Other,Fruits,17,1000,3000,2000,13-Dec-23
Madhya Pradesh,Bhopal,Bhopal(F&V),Other,Fruits,9,2000,3000,2500,12-Dec-23
Madhya Pradesh,Bhopal,Bhopal(F&V),Other,Fruits,9,2000,3000,2500,05-Dec-23
Madhya Pradesh,Bhopal,Bhopal(F&V),Other,Fruits,7,2000,3000,2500,04-Dec-23
Madhya Pradesh,Bhopal,Bhopal(F&V),Other,Fruits,8,2000,3000,2000,03-Dec-23
Madhya Pradesh,Bhopal,Bhopal(F&V),Other,Fruits,8,2000,3000,2500,01-Dec-23
Madhya Pradesh,Bhopal,Bhopal(F&V),Other,Fruits,8,2000,3000,2500,30-Nov-23
Madhya Pradesh,Bhopal,Bhopal(F&V),Other,Fruits,8,2000,3000,2500,27-Nov-23
Madhya Pradesh,Bhopal,Bhopal(F&V),Other,Fruits,3,1500,3000,2000,24-Nov-23
Madhya Pradesh,Bhopal,Bhopal(F&V),Other,Fruits,8,2000,3000,2500,23-Nov-23
Madhya Pradesh,Bhopal,Bhopal(F&V),Other,Fruits,8,1500,3000,2000,22-Nov-23
Madhya Pradesh,Bhopal,Bhopal(F&V),Other,Fruits,8,2000,4000,3000,21-Nov-23
Madhya Pradesh,Bhopal,Bhopal(F&V),Other,Fruits,7,1500,3000,2000,20-Nov-23
Madhya Pradesh,Bhopal,Bhopal(F&V),Other,Fruits,9,2000,4000,3000,08-Nov-23
Madhya Pradesh,Bhopal,Bhopal(F&V),Other,Fruits,7,2000,4000,3000,06-Nov-23
Madhya Pradesh,Bhopal,Bhopal(F&V),Other,Fruits,8,2000,4000,3000,05-Nov-23
Madhya Pradesh,Bhopal,Bhopal(F&V),Other,Fruits,8,2000,4000,3000,03-Nov-23
Madhya Pradesh,Bhopal,Bhopal(F&V),Other,Fruits,8,2000,4000,3000,01-Nov-23
Madhya Pradesh,Bhopal,Bhopal(F&V),Other,Fruits,7,2000,4000,3000,31-Oct-23
Madhya Pradesh,Bhopal,Bhopal(F&V),Other,Fruits,8,2000,4000,3000,30-Oct-23
Madhya Pradesh,Bhopal,Bhopal(F&V),Other,Fruits,8,2000,4000,3000,29-Oct-23
Madhya Pradesh,Bhopal,Bhopal(F&V),Other,Fruits,7,2000,4000,3000,27-Oct-23
Madhya Pradesh,Bhopal,Bhopal(F&V),Other,Fruits,0.3,2000,4000,3000,22-Oct-23
Madhya Pradesh,Bhopal,Bhopal(F&V),Other,Fruits,7,2000,4000,3000,15-Oct-23
Madhya Pradesh,Bhopal,Bhopal(F&V),Other,Fruits,3,2000,4000,3000,10-Oct-23
Madhya Pradesh,Bhopal,Bhopal(F&V),Other,Fruits,3,1000,2000,1500,02-Jun-23
Madhya Pradesh,Bhopal,Bhopal(F&V),Other,Fruits,3,1000,2000,1500,24-May-23
Madhya Pradesh,Bhopal,Bhopal(F&V),Other,Fruits,3,1000,2000,1500,23-May-23
Madhya Pradesh,Bhopal,Bhopal(F&V),Other,Fruits,4,1000,2000,1500,21-May-23
Madhya Pradesh,Bhopal,Bhopal(F&V),Other,Fruits,7,1200,1800,1500,16-May-23
Madhya Pradesh,Bhopal,Bhopal(F&V),Other,Fruits,2,1000,1500,1200,15-May-23
Madhya Pradesh,Bhopal,Bhopal(F&V),Other,Fruits,7,1000,1500,1200,14-May-23
Madhya Pradesh,Bhopal,Bhopal(F&V),Other,Fruits,10,1000,2000,1500,10-May-23
Madhya Pradesh,Bhopal,Bhopal(F&V),Other,Fruits,6,1000,2000,1500,07-May-23
Madhya Pradesh,Bhopal,Bhopal(F&V),Other,Fruits,6,1000,2000,1800,03-May-23
Madhya Pradesh,Bhopal,Bhopal(F&V),Other,Fruits,8,1000,2000,1500,02-May-23
Madhya Pradesh,Bhopal,Bhopal(F&V),Other,Fruits,15,1000,2000,1500,01-May-23
Madhya Pradesh,Bhopal,Bhopal(F&V),Other,Fruits,8,1000,2000,1500,27-Apr-23
Madhya Pradesh,Bhopal,Bhopal(F&V),Other,Fruits,8,1000,2000,1500,26-Apr-23
Madhya Pradesh,Bhopal,Bhopal(F&V),Other,Fruits,8,1000,2000,1500,24-Apr-23
Madhya Pradesh,Bhopal,Bhopal(F&V),Other,Fruits,12,1000,2000,1500,19-Apr-23
Madhya Pradesh,Bhopal,Bhopal(F&V),Other,Fruits,12,1000,2000,1500,17-Apr-23
Madhya Pradesh,Bhopal,Bhopal(F&V),Other,Fruits,8,1000,2000,1500,16-Apr-23
Madhya Pradesh,Bhopal,Bhopal(F&V),Other,Fruits,12,1000,2000,1500,14-Apr-23
Madhya Pradesh,Bhopal,Bhopal(F&V),Other,Fruits,8,1000,2000,1500,13-Apr-23
Madhya Pradesh,Bhopal,Bhopal(F&V),Other,Fruits,16,1000,2000,1500,12-Apr-23
Madhya Pradesh,Bhopal,Bhopal(F&V),Other,Fruits,8,1000,2000,1500,11-Apr-23
Madhya Pradesh,Bhopal,Bhopal(F&V),Other,Fruits,8,1000,2500,1500,10-Apr-23
Madhya Pradesh,Bhopal,Bhopal(F&V),Other,Fruits,16,1000,2500,1500,09-Apr-23
Madhya Pradesh,Bhopal,Bhopal(F&V),Other,Fruits,6,1000,3000,2000,06-Apr-23
Madhya Pradesh,Bhopal,Bhopal(F&V),Other,Fruits,20,1000,3000,2000,05-Apr-23
Madhya Pradesh,Bhopal,Bhopal(F&V),Other,Fruits,6,1000,3000,2000,04-Apr-23
Madhya Pradesh,Bhopal,Bhopal(F&V),Other,Fruits,12,1000,3000,2000,03-Apr-23
Madhya Pradesh,Bhopal,Bhopal(F&V),Other,Fruits,12,1000,3000,2000,02-Apr-23
Madhya Pradesh,Bhopal,Bhopal(F&V),Other,Fruits,18,1000,3000,2000,31-Mar-23
Madhya Pradesh,Bhopal,Bhopal(F&V),Other,Fruits,20,1000,3000,1500,30-Mar-23
Madhya Pradesh,Bhopal,Bhopal(F&V),Other,Fruits,8,1500,3000,2000,29-Mar-23
Madhya Pradesh,Bhopal,Bhopal(F&V),Other,Fruits,13,1000,3000,2000,28-Mar-23
Madhya Pradesh,Bhopal,Bhopal(F&V),Other,Fruits,20,1000,3000,2000,27-Mar-23
Madhya Pradesh,Bhopal,Bhopal(F&V),Other,Fruits,29,1000,3000,2000,26-Mar-23
Madhya Pradesh,Bhopal,Bhopal(F&V),Other,Fruits,28,1000,3000,2000,23-Mar-23
Madhya Pradesh,Bhopal,Bhopal(F&V),Other,Fruits,20,1000,2000,1500,21-Mar-23
Madhya Pradesh,Bhopal,Bhopal(F&V),Other,Fruits,10,1000,1500,1200,20-Mar-23
Madhya Pradesh,Bhopal,Bhopal(F&V),Other,Fruits,10,1500,3000,2000,16-Mar-23
Madhya Pradesh,Bhopal,Bhopal(F&V),Other,Fruits,24,1500,3000,2000,15-Mar-23
Madhya Pradesh,Bhopal,Bhopal(F&V),Other,Fruits,15,1500,3000,2000,14-Mar-23
Madhya Pradesh,Bhopal,Bhopal(F&V),Other,Fruits,20,1000,3000,2000,12-Mar-23
Madhya Pradesh,Bhopal,Bhopal(F&V),Other,Fruits,11,1500,3000,2000,05-Mar-23
Madhya Pradesh,Bhopal,Bhopal(F&V),Other,Fruits,18,1500,2500,2000,03-Mar-23
Madhya Pradesh,Bhopal,Bhopal(F&V),Other,Fruits,21,1500,2000,1800,02-Mar-23
Madhya Pradesh,Bhopal,Bhopal(F&V),Other,Fruits,6,1000,2000,1500,01-Mar-23
Madhya Pradesh,Bhopal,Bhopal(F&V),Other,Fruits,18,1500,2500,2000,28-Feb-23
Madhya Pradesh,Bhopal,Bhopal(F&V),Other,Fruits,6,1500,3000,2000,27-Feb-23
Madhya Pradesh,Bhopal,Bhopal(F&V),Other,Fruits,20,1500,3000,2000,26-Feb-23
Madhya Pradesh,Bhopal,Bhopal(F&V),Other,Fruits,26,1500,2500,2000,24-Feb-23
Madhya Pradesh,Bhopal,Bhopal(F&V),Other,Fruits,5,1000,2500,1500,22-Feb-23
Madhya Pradesh,Bhopal,Bhopal(F&V),Other,Fruits,11,1500,2500,2000,21-Feb-23
Madhya Pradesh,Bhopal,Bhopal(F&V),Other,Fruits,19,1000,2000,1500,20-Feb-23
Madhya Pradesh,Bhopal,Bhopal(F&V),Other,Fruits,6,1000,2000,1500,17-Feb-23
Madhya Pradesh,Bhopal,Bhopal(F&V),Other,Fruits,4,1000,2000,1500,15-Feb-23
Madhya Pradesh,Bhopal,Bhopal(F&V),Other,Fruits,5,1500,2500,2000,13-Feb-23
Madhya Pradesh,Bhopal,Bhopal(F&V),Other,Fruits,5,1000,2000,1500,10-Feb-23
Madhya Pradesh,Bhopal,Bhopal(F&V),Other,Fruits,6,1000,2000,1500,09-Feb-23
Madhya Pradesh,Bhopal,Bhopal(F&V),Other,Fruits,4,1000,2000,1500,08-Feb-23
Madhya Pradesh,Bhopal,Bhopal(F&V),Other,Fruits,6,1000,2000,1500,06-Feb-23
Madhya Pradesh,Bhopal,Bhopal(F&V),Other,Fruits,8,1000,2000,1500,05-Feb-23
Madhya Pradesh,Bhopal,Bhopal(F&V),Other,Fruits,6,1000,1500,1200,02-Feb-23
Madhya Pradesh,Bhopal,Bhopal(F&V),Other,Fruits,6,1000,2000,1500,01-Feb-23
Madhya Pradesh,Bhopal,Bhopal(F&V),Other,Fruits,6,1000,2000,1500,31-Jan-23
Madhya Pradesh,Bhopal,Bhopal(F&V),Other,Fruits,6,1000,2000,1500,30-Jan-23
Madhya Pradesh,Bhopal,Bhopal(F&V),Other,Fruits,6,1000,1800,1500,29-Jan-23
Madhya Pradesh,Bhopal,Bhopal(F&V),Other,Fruits,10,1000,1500,1200,26-Jan-23
Madhya Pradesh,Bhopal,Bhopal(F&V),Other,Fruits,4,1000,1500,1200,24-Jan-23
Madhya Pradesh,Bhopal,Bhopal(F&V),Other,Fruits,6,1000,1500,1200,23-Jan-23
Madhya Pradesh,Bhopal,Bhopal(F&V),Other,Fruits,4,1000,1500,1200,22-Jan-23
Madhya Pradesh,Bhopal,Bhopal(F&V),Other,Fruits,2,1000,1500,1200,20-Jan-23
Madhya Pradesh,Bhopal,Bhopal(F&V),Other,Fruits,6,1000,1500,1200,18-Jan-23
Madhya Pradesh,Bhopal,Bhopal(F&V),Other,Fruits,2,1000,1500,1200,12-Jan-23
Madhya Pradesh,Bhopal,Bhopal(F&V),Other,Fruits,6,1000,1500,1200,11-Jan-23
Madhya Pradesh,Bhopal,Bhopal(F&V),Other,Fruits,6,1000,1800,1400,04-Jan-23
Madhya Pradesh,Bhopal,Bhopal(F&V),Other,Fruits,8,1000,2000,1500,01-Jan-23
Madhya Pradesh,Bhopal,Bhopal(F&V),Other,Fruits,6,1000,2000,1500,30-Dec-22
Madhya Pradesh,Bhopal,Bhopal(F&V),Other,Fruits,2,1000,2000,1500,28-Dec-22
Madhya Pradesh,Bhopal,Bhopal(F&V),Other,Fruits,2,1000,2000,1500,27-Dec-22
Madhya Pradesh,Bhopal,Bhopal(F&V),Other,Fruits,8,1000,2000,1500,23-Dec-22
Madhya Pradesh,Bhopal,Bhopal(F&V),Other,Fruits,10,1000,2000,1500,22-Dec-22
Madhya Pradesh,Bhopal,Bhopal(F&V),Other,Fruits,10,1000,1500,1200,21-Dec-22
Madhya Pradesh,Bhopal,Bhopal(F&V),Other,Fruits,10,1000,2000,1500,20-Dec-22
Madhya Pradesh,Bhopal,Bhopal(F&V),Other,Fruits,6,1000,1500,1200,19-Dec-22
Madhya Pradesh,Bhopal,Bhopal(F&V),Other,Fruits,4,1000,1500,1200,16-Dec-22
Madhya Pradesh,Bhopal,Bhopal(F&V),Other,Fruits,8,1000,2500,1500,15-Dec-22
Madhya Pradesh,Bhopal,Bhopal(F&V),Other,Fruits,2,1000,2000,1500,13-Dec-22
Madhya Pradesh,Bhopal,Bhopal(F&V),Other,Fruits,10,1000,2000,1500,12-Dec-22
Madhya Pradesh,Bhopal,Bhopal(F&V),Other,Fruits,8,1000,2000,1500,11-Dec-22
Madhya Pradesh,Bhopal,Bhopal(F&V),Other,Fruits,3,1000,2000,1500,09-Dec-22
Madhya Pradesh,Bhopal,Bhopal(F&V),Other,Fruits,3,1000,2000,1500,07-Dec-22
Madhya Pradesh,Bhopal,Bhopal(F&V),Other,Fruits,3,1000,2000,1500,05-Dec-22
Madhya Pradesh,Bhopal,Bhopal(F&V),Other,Fruits,5,1000,2000,1500,02-Dec-22
Madhya Pradesh,Bhopal,Bhopal(F&V),Other,Fruits,15,1500,3000,2500,25-Nov-22
Madhya Pradesh,Bhopal,Bhopal(F&V),Other,Fruits,1.2,2000,3000,2500,25-May-22
Madhya Pradesh,Bhopal,Bhopal(F&V),Other,Fruits,6,1200,2000,1500,27-Apr-22
Madhya Pradesh,Bhopal,Bhopal(F&V),Other,Fruits,8,1500,3000,2000,26-Apr-22
Madhya Pradesh,Bhopal,Bhopal(F&V),Other,Fruits,5,1500,2500,2000,25-Apr-22
Madhya Pradesh,Bhopal,Bhopal(F&V),Other,Fruits,6,1000,1600,1200,21-Apr-22
Madhya Pradesh,Bhopal,Bhopal(F&V),Other,Fruits,4,1000,1500,1200,19-Apr-22
Madhya Pradesh,Bhopal,Bhopal(F&V),Other,Fruits,3,1000,1500,1200,18-Apr-22
Madhya Pradesh,Bhopal,Bhopal(F&V),Other,Fruits,9,1000,1500,1200,15-Apr-22
Madhya Pradesh,Bhopal,Bhopal(F&V),Other,Fruits,3,1000,1500,1200,14-Apr-22
Madhya Pradesh,Bhopal,Bhopal(F&V),Other,Fruits,10,2000,3000,2500,12-Apr-22
Madhya Pradesh,Bhopal,Bhopal(F&V),Other,Fruits,5,1000,1500,1200,11-Apr-22
Madhya Pradesh,Bhopal,Bhopal(F&V),Other,Fruits,14,1000,1500,1200,10-Apr-22
Madhya Pradesh,Bhopal,Bhopal(F&V),Other,Fruits,18,1000,1500,1200,08-Apr-22
Madhya Pradesh,Bhopal,Bhopal(F&V),Other,Fruits,14,1000,1500,1200,07-Apr-22
Madhya Pradesh,Bhopal,Bhopal(F&V),Other,Fruits,15,1000,1500,1200,06-Apr-22
Madhya Pradesh,Bhopal,Bhopal(F&V),Other,Fruits,17,1000,1500,1200,05-Apr-22
Madhya Pradesh,Bhopal,Bhopal(F&V),Other,Fruits,18,1000,1500,1200,04-Apr-22
Madhya Pradesh,Bhopal,Bhopal(F&V),Other,Fruits,8,1000,1500,1200,03-Apr-22
Madhya Pradesh,Bhopal,Bhopal(F&V),Other,Fruits,8,1000,1500,1200,01-Apr-22
Madhya Pradesh,Bhopal,Bhopal(F&V),Other,Fruits,16,1000,1500,1200,31-Mar-22
Madhya Pradesh,Bhopal,Bhopal(F&V),Other,Fruits,13,1000,1500,1200,30-Mar-22
Madhya Pradesh,Bhopal,Bhopal(F&V),Other,Fruits,20,1000,1500,1200,28-Mar-22
Madhya Pradesh,Bhopal,Bhopal(F&V),Other,Fruits,14,1200,2000,1500,27-Mar-22
Madhya Pradesh,Bhopal,Bhopal(F&V),Other,Fruits,23,1000,1500,1200,24-Mar-22
Madhya Pradesh,Bhopal,Bhopal(F&V),Other,Fruits,16,1000,1500,1200,23-Mar-22
Madhya Pradesh,Bhopal,Bhopal(F&V),Other,Fruits,16,1000,1500,1200,22-Mar-22
Madhya Pradesh,Bhopal,Bhopal(F&V),Other,Fruits,10,1000,1500,1200,20-Mar-22
Madhya Pradesh,Bhopal,Bhopal(F&V),Other,Fruits,2,1000,2000,1500,16-Mar-22
Madhya Pradesh,Bhopal,Bhopal(F&V),Other,Fruits,18.7,1000,1800,1300,14-Mar-22
Madhya Pradesh,Bhopal,Bhopal(F&V),Other,Fruits,20,1000,2000,1400,13-Mar-22
Madhya Pradesh,Bhopal,Bhopal(F&V),Other,Fruits,10,1000,2000,1400,12-Mar-22
Madhya Pradesh,Bhopal,Bhopal(F&V),Other,Fruits,20,1000,2000,1400,11-Mar-22
Madhya Pradesh,Bhopal,Bhopal(F&V),Other,Fruits,10,1000,2000,1400,10-Mar-22
Madhya Pradesh,Bhopal,Bhopal(F&V),Other,Fruits,13,1000,2000,1400,09-Mar-22
Madhya Pradesh,Bhopal,Bhopal(F&V),Other,Fruits,28,1000,2000,1400,08-Mar-22
Madhya Pradesh,Bhopal,Bhopal(F&V),Other,Fruits,20,1000,1500,1200,07-Mar-22
Madhya Pradesh,Bhopal,Bhopal(F&V),Other,Fruits,25,1000,2000,1400,06-Mar-22
Madhya Pradesh,Bhopal,Bhopal(F&V),Other,Fruits,10,1000,2000,1400,04-Mar-22
Madhya Pradesh,Bhopal,Bhopal(F&V),Other,Fruits,19,1000,1800,1300,03-Mar-22
Madhya Pradesh,Bhopal,Bhopal(F&V),Other,Fruits,24,1000,2000,1400,01-Mar-22
Madhya Pradesh,Bhopal,Bhopal(F&V),Other,Fruits,27.6,1000,1800,1300,27-Feb-22
Madhya Pradesh,Bhopal,Bhopal(F&V),Other,Fruits,21,1000,2000,1400,25-Feb-22
Madhya Pradesh,Bhopal,Bhopal(F&V),Other,Fruits,30,1000,2000,1400,24-Feb-22
Madhya Pradesh,Bhopal,Bhopal(F&V),Other,Fruits,36,1000,1800,1300,23-Feb-22
Madhya Pradesh,Bhopal,Bhopal(F&V),Other,Fruits,42,1000,1800,1300,22-Feb-22
Madhya Pradesh,Bhopal,Bhopal(F&V),Other,Fruits,18,1000,2000,1400,21-Feb-22
Madhya Pradesh,Bhopal,Bhopal(F&V),Other,Fruits,31,1000,2000,1400,20-Feb-22
Madhya Pradesh,Bhopal,Bhopal(F&V),Other,Fruits,22,1000,2000,1400,18-Feb-22
Madhya Pradesh,Bhopal,Bhopal(F&V),Other,Fruits,21,1000,2000,1300,17-Feb-22
Madhya Pradesh,Bhopal,Bhopal(F&V),Other,Fruits,15,1000,2000,1400,16-Feb-22
Madhya Pradesh,Bhopal,Bhopal(F&V),Other,Fruits,26,1000,2000,1400,15-Feb-22
Madhya Pradesh,Bhopal,Bhopal(F&V),Other,Fruits,13,1000,2000,1400,14-Feb-22
Madhya Pradesh,Bhopal,Bhopal(F&V),Other,Fruits,10,1000,2000,1400,13-Feb-22
Madhya Pradesh,Bhopal,Bhopal(F&V),Other,Fruits,16,1200,2000,1500,11-Feb-22
Madhya Pradesh,Bhopal,Bhopal(F&V),Other,Fruits,23,1200,2000,1500,10-Feb-22
Madhya Pradesh,Bhopal,Bhopal(F&V),Other,Fruits,10,1200,2000,1500,09-Feb-22
Madhya Pradesh,Bhopal,Bhopal(F&V),Other,Fruits,25,1200,2000,1500,07-Feb-22
Madhya Pradesh,Bhopal,Bhopal(F&V),Other,Fruits,10,1500,2000,1800,06-Feb-22
Madhya Pradesh,Bhopal,Bhopal(F&V),Other,Fruits,22,1000,1500,1200,04-Feb-22
Madhya Pradesh,Bhopal,Bhopal(F&V),Other,Fruits,16,1200,2000,1500,03-Feb-22
Madhya Pradesh,Bhopal,Bhopal(F&V),Other,Fruits,22,1000,2000,1400,02-Feb-22
Madhya Pradesh,Bhopal,Bhopal(F&V),Other,Fruits,12,1200,2000,1500,01-Feb-22
Madhya Pradesh,Bhopal,Bhopal(F&V),Other,Fruits,15,1200,2000,1500,31-Jan-22
Madhya Pradesh,Bhopal,Bhopal(F&V),Other,Fruits,23,1000,2000,1400,28-Jan-22
Madhya Pradesh,Bhopal,Bhopal(F&V),Other,Fruits,15,1000,2000,1400,27-Jan-22
Madhya Pradesh,Bhopal,Bhopal(F&V),Other,Fruits,22.2,1000,2000,1400,26-Jan-22
Madhya Pradesh,Bhopal,Bhopal(F&V),Other,Fruits,10,1000,2000,1400,24-Jan-22
Madhya Pradesh,Bhopal,Bhopal(F&V),Other,Fruits,18,1000,2000,1400,23-Jan-22
Madhya Pradesh,Bhopal,Bhopal(F&V),Other,Fruits,16,1200,2000,1500,20-Jan-22
Madhya Pradesh,Bhopal,Bhopal(F&V),Other,Fruits,13,1200,2000,1800,19-Jan-22
Madhya Pradesh,Bhopal,Bhopal(F&V),Other,Fruits,15,1000,2000,1400,18-Jan-22
Madhya Pradesh,Bhopal,Bhopal(F&V),Other,Fruits,13,1000,2000,1400,17-Jan-22
Madhya Pradesh,Bhopal,Bhopal(F&V),Other,Fruits,16,1200,2000,1500,13-Jan-22
Madhya Pradesh,Bhopal,Bhopal(F&V),Other,Fruits,19,1200,2000,1500,12-Jan-22
Madhya Pradesh,Bhopal,Bhopal(F&V),Other,Fruits,16,1200,2000,1500,11-Jan-22
Madhya Pradesh,Bhopal,Bhopal(F&V),Other,Fruits,9,1200,2000,1500,10-Jan-22
Madhya Pradesh,Bhopal,Bhopal(F&V),Other,Fruits,8,1200,2000,1500,09-Jan-22
Madhya Pradesh,Bhopal,Bhopal(F&V),Other,Fruits,30,1200,2000,1500,06-Jan-22
Madhya Pradesh,Bhopal,Bhopal(F&V),Other,Fruits,15,1200,2000,1500,05-Jan-22
Madhya Pradesh,Bhopal,Bhopal(F&V),Other,Fruits,10,1200,2000,1500,04-Jan-22
Madhya Pradesh,Bhopal,Bhopal(F&V),Other,Fruits,16,1200,2500,1500,03-Jan-22
Madhya Pradesh,Bhopal,Bhopal(F&V),Other,Fruits,16.5,1500,2500,1700,02-Jan-22
Madhya Pradesh,Bhopal,Bhopal(F&V),Other,Fruits,15,1500,2500,1800,31-Dec-21
Madhya Pradesh,Bhopal,Bhopal(F&V),Other,Fruits,25,1500,2500,1800,30-Dec-21
Madhya Pradesh,Bhopal,Bhopal(F&V),Other,Fruits,15.5,1500,2500,1800,29-Dec-21
Madhya Pradesh,Bhopal,Bhopal(F&V),Other,Fruits,16.5,1500,2500,1700,28-Dec-21
Madhya Pradesh,Bhopal,Bhopal(F&V),Other,Fruits,15,1500,2500,1800,27-Dec-21
Madhya Pradesh,Bhopal,Bhopal(F&V),Other,Fruits,24,1500,2500,1800,24-Dec-21
Madhya Pradesh,Bhopal,Bhopal(F&V),Other,Fruits,15,1500,2500,1800,23-Dec-21
Madhya Pradesh,Bhopal,Bhopal(F&V),Other,Fruits,15,1200,2500,1500,22-Dec-21
Madhya Pradesh,Bhopal,Bhopal(F&V),Other,Fruits,15,1200,2500,1500,21-Dec-21
Madhya Pradesh,Bhopal,Bhopal(F&V),Other,Fruits,27,1200,2500,1500,19-Dec-21
Madhya Pradesh,Bhopal,Bhopal(F&V),Other,Fruits,24,1200,2500,1500,17-Dec-21
Madhya Pradesh,Bhopal,Bhopal(F&V),Other,Fruits,27,1200,2500,1800,16-Dec-21
Madhya Pradesh,Bhopal,Bhopal(F&V),Other,Fruits,15,1200,2500,1700,14-Dec-21
Madhya Pradesh,Bhopal,Bhopal(F&V),Other,Fruits,22,1200,2000,1500,09-Dec-21
Madhya Pradesh,Bhopal,Bhopal(F&V),Other,Fruits,13.5,1200,2000,1500,08-Dec-21
Madhya Pradesh,Bhopal,Bhopal(F&V),Other,Fruits,21,1200,2500,1800,07-Dec-21
Madhya Pradesh,Bhopal,Bhopal(F&V),Other,Fruits,21,1200,2500,1800,06-Dec-21
Madhya Pradesh,Bhopal,Bhopal(F&V),Other,Fruits,24,1200,2500,1600,02-Dec-21
Madhya Pradesh,Bhopal,Bhopal(F&V),Other,Fruits,14,1200,2500,1700,28-Nov-21
Madhya Pradesh,Bhopal,Bhopal(F&V),Other,Fruits,20,1200,2500,2000,26-Nov-21
Madhya Pradesh,Bhopal,Bhopal(F&V),Other,Fruits,30,1200,2500,2000,25-Nov-21
Madhya Pradesh,Bhopal,Bhopal(F&V),Other,Fruits,15.5,1200,2500,1800,24-Nov-21
Madhya Pradesh,Bhopal,Bhopal(F&V),Other,Fruits,15,1200,2500,1700,23-Nov-21
Madhya Pradesh,Bhopal,Bhopal(F&V),Other,Fruits,12,1200,2500,1600,22-Nov-21
Madhya Pradesh,Bhopal,Bhopal(F&V),Other,Fruits,7,1500,2500,1800,21-Nov-21
Madhya Pradesh,Bhopal,Bhopal(F&V),Other,Fruits,7,2000,2500,2200,31-Mar-21
Madhya Pradesh,Bhopal,Bhopal(F&V),Other,Fruits,13,1500,2500,2000,26-Mar-21
Madhya Pradesh,Bhopal,Bhopal(F&V),Other,Fruits,10,2000,3000,2500,25-Mar-21
Madhya Pradesh,Bhopal,Bhopal(F&V),Other,Fruits,14.5,1500,3000,2500,24-Mar-21
Madhya Pradesh,Bhopal,Bhopal(F&V),Other,Fruits,14,1500,2500,2000,23-Mar-21
Madhya Pradesh,Bhopal,Bhopal(F&V),Other,Fruits,19,2000,3000,2500,22-Mar-21
Madhya Pradesh,Bhopal,Bhopal(F&V),Other,Fruits,15,1500,2500,2000,20-Mar-21
Madhya Pradesh,Bhopal,Bhopal(F&V),Other,Fruits,16,1500,2500,2000,19-Mar-21
Madhya Pradesh,Bhopal,Bhopal(F&V),Other,Fruits,28,1500,2500,2000,18-Mar-21
Madhya Pradesh,Bhopal,Bhopal(F&V),Other,Fruits,25,2000,3000,2500,17-Mar-21
Madhya Pradesh,Bhopal,Bhopal(F&V),Other,Fruits,24.5,1500,3000,2500,16-Mar-21
Madhya Pradesh,Bhopal,Bhopal(F&V),Other,Fruits,23,1500,3000,2000,15-Mar-21
Madhya Pradesh,Bhopal,Bhopal(F&V),Other,Fruits,29,2500,4000,3000,14-Mar-21
Madhya Pradesh,Bhopal,Bhopal(F&V),Other,Fruits,31.1,1500,2000,1800,11-Mar-21
Madhya Pradesh,Bhopal,Bhopal(F&V),Other,Fruits,49.3,1500,2000,1800,10-Mar-21
Madhya Pradesh,Bhopal,Bhopal(F&V),Other,Fruits,23.5,1500,3000,2500,08-Mar-21
Madhya Pradesh,Bhopal,Bhopal(F&V),Other,Fruits,10,2000,3000,2500,07-Mar-21
Madhya Pradesh,Bhopal,Bhopal(F&V),Other,Fruits,29,1500,3000,2000,05-Mar-21
Madhya Pradesh,Bhopal,Bhopal(F&V),Other,Fruits,29,2000,3000,2500,28-Feb-21
Madhya Pradesh,Bhopal,Bhopal(F&V),Other,Fruits,53,2000,2800,2500,26-Feb-21
Madhya Pradesh,Bhopal,Bhopal(F&V),Other,Fruits,21,2400,3400,2800,25-Feb-21
Madhya Pradesh,Bhopal,Bhopal(F&V),Other,Fruits,28,2500,3500,3000,24-Feb-21
Madhya Pradesh,Bhopal,Bhopal(F&V),Other,Fruits,25.5,2500,3000,2800,23-Feb-21
Madhya Pradesh,Bhopal,Bhopal(F&V),Other,Fruits,32,2200,4200,3200,21-Feb-21
Madhya Pradesh,Bhopal,Bhopal(F&V),Other,Fruits,29,2000,4000,3000,19-Feb-21
Madhya Pradesh,Bhopal,Bhopal(F&V),Other,Fruits,28,2000,3000,2500,18-Feb-21
Madhya Pradesh,Bhopal,Bhopal(F&V),Other,Fruits,15,2000,3000,2500,16-Feb-21
Madhya Pradesh,Bhopal,Bhopal(F&V),Other,Fruits,9,2000,3000,2500,15-Feb-21
Madhya Pradesh,Bhopal,Bhopal(F&V),Other,Fruits,26.5,2000,3000,2500,14-Feb-21
Madhya Pradesh,Bhopal,Bhopal(F&V),Other,Fruits,7,2000,3000,2500,12-Feb-21
Madhya Pradesh,Bhopal,Bhopal(F&V),Other,Fruits,21,2000,3000,2500,11-Feb-21
Madhya Pradesh,Bhopal,Bhopal(F&V),Other,Fruits,14,2000,3000,2500,08-Feb-21
Madhya Pradesh,Bhopal,Bhopal(F&V),Other,Fruits,21.5,2000,3000,2500,04-Feb-21
Madhya Pradesh,Bhopal,Bhopal(F&V),Other,Fruits,15,2000,4000,3000,31-Jan-21
Madhya Pradesh,Bhopal,Bhopal(F&V),Other,Fruits,14,3000,5000,4000,28-Jan-21
Madhya Pradesh,Bhopal,Bhopal(F&V),Other,Fruits,22,2000,5000,2500,26-Jan-21
Madhya Pradesh,Bhopal,Bhopal(F&V),Other,Fruits,14,2000,5000,3000,25-Jan-21
Madhya Pradesh,Bhopal,Bhopal(F&V),Other,Fruits,13,2000,3000,2500,24-Jan-21
Madhya Pradesh,Bhopal,Bhopal(F&V),Other,Fruits,16.5,2000,4000,3000,22-Jan-21
Madhya Pradesh,Bhopal,Bhopal(F&V),Other,Fruits,14,1800,2500,2000,21-Jan-21
Madhya Pradesh,Bhopal,Bhopal(F&V),Other,Fruits,15,2000,3000,2500,20-Jan-21
Madhya Pradesh,Bhopal,Bhopal(F&V),Other,Fruits,12,2000,3000,2500,19-Jan-21
Madhya Pradesh,Bhopal,Bhopal(F&V),Other,Fruits,12,3000,4000,3500,18-Jan-21
Madhya Pradesh,Bhopal,Bhopal(F&V),Other,Fruits,14,2500,4000,3000,17-Jan-21
Madhya Pradesh,Bhopal,Bhopal(F&V),Other,Fruits,24,3000,5000,4000,11-Jan-21
Madhya Pradesh,Bhopal,Bhopal(F&V),Other,Fruits,14,3000,5000,4000,08-Jan-21
Madhya Pradesh,Bhopal,Bhopal(F&V),Other,Fruits,25.8,1000,1500,1200,28-Feb-20
Madhya Pradesh,Bhopal,Bhopal(F&V),Other,Fruits,24,1000,1500,1200,27-Feb-20
Madhya Pradesh,Bhopal,Bhopal(F&V),Other,Fruits,14,1000,1500,1200,26-Feb-20
Madhya Pradesh,Bhopal,Bhopal(F&V),Other,Fruits,15,1000,1500,1200,25-Feb-20
Madhya Pradesh,Bhopal,Bhopal(F&V),Other,Fruits,23,1000,1500,1200,24-Feb-20
Madhya Pradesh,Bhopal,Bhopal(F&V),Other,Fruits,17,1000,1500,1200,20-Feb-20
Madhya Pradesh,Bhopal,Bhopal(F&V),Other,Fruits,19.5,1000,1500,1200,19-Feb-20
Madhya Pradesh,Bhopal,Bhopal(F&V),Other,Fruits,12,1000,1500,1200,18-Feb-20
Madhya Pradesh,Bhopal,Bhopal(F&V),Other,Fruits,15,1000,1500,1200,17-Feb-20
Madhya Pradesh,Bhopal,Bhopal(F&V),Other,Fruits,15,2000,3000,2500,15-Feb-20
Madhya Pradesh,Bhopal,Bhopal(F&V),Other,Fruits,27.9,1000,1500,1200,14-Feb-20
Madhya Pradesh,Bhopal,Bhopal(F&V),Other,Fruits,20,1000,1500,1200,13-Feb-20
Madhya Pradesh,Bhopal,Bhopal(F&V),Other,Fruits,16,1000,1500,1200,12-Feb-20
Madhya Pradesh,Bhopal,Bhopal(F&V),Other,Fruits,14,2000,3000,2500,11-Feb-20
Madhya Pradesh,Bhopal,Bhopal(F&V),Other,Fruits,15,1000,1500,1200,10-Feb-20
Madhya Pradesh,Bhopal,Bhopal(F&V),Other,Fruits,13,1000,1500,1200,08-Feb-20
Madhya Pradesh,Bhopal,Bhopal(F&V),Other,Fruits,15,1000,1500,1200,07-Feb-20
Madhya Pradesh,Bhopal,Bhopal(F&V),Other,Fruits,16,1000,1500,1200,06-Feb-20
Madhya Pradesh,Bhopal,Bhopal(F&V),Other,Fruits,27,1000,1500,1200,30-Dec-19
Madhya Pradesh,Bhopal,Bhopal(F&V),Other,Fruits,12,1000,1500,1200,28-Dec-19
Madhya Pradesh,Bhopal,Bhopal(F&V),Other,Fruits,15,1200,1800,1500,27-Dec-19
Madhya Pradesh,Bhopal,Bhopal(F&V),Other,Fruits,16,1200,1800,1500,26-Dec-19
Madhya Pradesh,Bhopal,Bhopal(F&V),Other,Fruits,16,1200,1800,1500,25-Dec-19
Madhya Pradesh,Bhopal,Bhopal(F&V),Other,Fruits,16,1200,1800,1500,24-Dec-19
Madhya Pradesh,Bhopal,Bhopal(F&V),Other,Fruits,20,1200,1800,1500,23-Dec-19
Madhya Pradesh,Bhopal,Bhopal(F&V),Other,Fruits,7,1000,2000,1500,21-Dec-19
Madhya Pradesh,Bhopal,Bhopal(F&V),Other,Fruits,16,1200,1800,1500,20-Dec-19
Madhya Pradesh,Bhopal,Bhopal(F&V),Other,Fruits,15,1200,1800,1500,19-Dec-19
Madhya Pradesh,Bhopal,Bhopal(F&V),Other,Fruits,21,1000,2000,1500,17-Dec-19
Madhya Pradesh,Bhopal,Bhopal(F&V),Other,Fruits,20,1000,2000,1500,16-Dec-19
Madhya Pradesh,Bhopal,Bhopal(F&V),Other,Fruits,9,1000,2000,1500,14-Dec-19
Madhya Pradesh,Bhopal,Bhopal(F&V),Other,Fruits,10,1000,2000,1500,13-Dec-19
Madhya Pradesh,Bhopal,Bhopal(F&V),Other,Fruits,10,1200,1800,1500,12-Dec-19
Madhya Pradesh,Bhopal,Bhopal(F&V),Other,Fruits,8,1200,1800,1500,11-Dec-19
Madhya Pradesh,Bhopal,Bhopal(F&V),Other,Fruits,10,1000,2000,1500,10-Dec-19
Madhya Pradesh,Bhopal,Bhopal(F&V),Other,Fruits,10,1000,2000,1500,09-Dec-19
Madhya Pradesh,Bhopal,Bhopal(F&V),Other,Fruits,7,1000,2000,1500,07-Dec-19
Madhya Pradesh,Bhopal,Bhopal(F&V),Other,Fruits,9,1500,2500,2000,06-Dec-19
Madhya Pradesh,Bhopal,Bhopal(F&V),Other,Fruits,9,1500,2500,2000,05-Dec-19
Madhya Pradesh,Bhopal,Bhopal(F&V),Other,Fruits,10,1000,2000,1500,04-Dec-19
Madhya Pradesh,Bhopal,Bhopal(F&V),Other,Fruits,10,1000,2000,1500,30-Nov-19
Madhya Pradesh,Bhopal,Bhopal(F&V),Other,Fruits,9,1500,2500,2000,29-Nov-19
Madhya Pradesh,Bhopal,Bhopal(F&V),Other,Fruits,6,1000,1500,1200,27-Nov-19
Madhya Pradesh,Bhopal,Bhopal(F&V),Other,Fruits,3,400,800,600,02-Nov-19
Madhya Pradesh,Bhopal,Bhopal(F&V),Other,Fruits,12,1500,2500,2000,29-Apr-19
Madhya Pradesh,Bhopal,Bhopal(F&V),Other,Fruits,9,1000,2000,1500,27-Apr-19
Madhya Pradesh,Bhopal,Bhopal(F&V),Other,Fruits,10,1000,2000,1500,24-Apr-19
Madhya Pradesh,Bhopal,Bhopal(F&V),Other,Fruits,13.5,1000,2000,1500,23-Apr-19
Madhya Pradesh,Bhopal,Bhopal(F&V),Other,Fruits,17.9,1000,1500,1200,27-Feb-19
Madhya Pradesh,Bhopal,Bhopal(F&V),Other,Fruits,15,1000,1500,1200,26-Feb-19
Madhya Pradesh,Bhopal,Bhopal(F&V),Other,Fruits,17,1000,1500,1200,25-Feb-19
Madhya Pradesh,Bhopal,Bhopal(F&V),Other,Fruits,15,1000,1500,1200,23-Feb-19
Madhya Pradesh,Bhopal,Bhopal(F&V),Other,Fruits,15,1000,1500,1200,22-Feb-19
Madhya Pradesh,Bhopal,Bhopal(F&V),Other,Fruits,15,800,1200,1000,21-Feb-19
Madhya Pradesh,Bhopal,Bhopal(F&V),Other,Fruits,11.2,1000,1500,1200,20-Feb-19
Madhya Pradesh,Bhopal,Bhopal(F&V),Other,Fruits,8.5,600,1000,800,19-Feb-19
Madhya Pradesh,Bhopal,Bhopal(F&V),Other,Fruits,11,800,1200,1000,18-Feb-19
Madhya Pradesh,Bhopal,Bhopal(F&V),Other,Fruits,8,600,1000,800,16-Feb-19
Madhya Pradesh,Bhopal,Bhopal(F&V),Other,Fruits,10.6,1000,1500,1200,14-Feb-19
Madhya Pradesh,Bhopal,Bhopal(F&V),Other,Fruits,6,1000,2000,1500,12-Feb-19
Madhya Pradesh,Bhopal,Bhopal(F&V),Other,Fruits,10,1000,2200,1800,11-Feb-19
Madhya Pradesh,Bhopal,Bhopal(F&V),Other,Fruits,10,1000,2000,1500,09-Feb-19
Madhya Pradesh,Bhopal,Bhopal(F&V),Other,Fruits,11,1000,1500,1200,08-Feb-19
Madhya Pradesh,Bhopal,Bhopal(F&V),Other,Fruits,10,1000,2000,1500,07-Feb-19
Madhya Pradesh,Bhopal,Bhopal(F&V),Other,Fruits,8,1000,2000,1500,06-Feb-19
Madhya Pradesh,Bhopal,Bhopal(F&V),Other,Fruits,10,1000,2000,1500,05-Feb-19
Madhya Pradesh,Bhopal,Bhopal(F&V),Other,Fruits,10,1000,2000,1500,04-Feb-19
Madhya Pradesh,Bhopal,Bhopal(F&V),Other,Fruits,8.2,1000,1500,1200,02-Feb-19
Madhya Pradesh,Bhopal,Bhopal(F&V),Other,Fruits,10,600,1000,800,01-Feb-19
Madhya Pradesh,Bhopal,Bhopal(F&V),Other,Fruits,12,600,1000,800,31-Jan-19
Madhya Pradesh,Bhopal,Bhopal(F&V),Other,Fruits,10,600,1000,800,30-Jan-19
Madhya Pradesh,Bhopal,Bhopal(F&V),Other,Fruits,9.5,600,1000,800,29-Jan-19
Madhya Pradesh,Bhopal,Bhopal(F&V),Other,Fruits,10,600,1000,800,28-Jan-19
Madhya Pradesh,Bhopal,Bhopal(F&V),Other,Fruits,8,600,1000,800,25-Jan-19
Madhya Pradesh,Bhopal,Bhopal(F&V),Other,Fruits,10,600,1000,800,24-Jan-19
Madhya Pradesh,Bhopal,Bhopal(F&V),Other,Fruits,11.3,600,1000,800,23-Jan-19
Madhya Pradesh,Bhopal,Bhopal(F&V),Other,Fruits,12,600,1000,800,21-Jan-19
Madhya Pradesh,Bhopal,Bhopal(F&V),Other,Fruits,10,600,1000,800,19-Jan-19
Madhya Pradesh,Bhopal,Bhopal(F&V),Other,Fruits,9.5,600,1000,800,18-Jan-19
Madhya Pradesh,Bhopal,Bhopal(F&V),Other,Fruits,16,600,1000,800,12-Jan-19
Madhya Pradesh,Bhopal,Bhopal(F&V),Other,Fruits,9,800,1200,1000,09-Jan-19
Madhya Pradesh,Bhopal,Bhopal(F&V),Other,Fruits,9,600,1000,800,08-Jan-19
Madhya Pradesh,Bhopal,Bhopal(F&V),Other,Fruits,12.9,600,1000,800,05-Jan-19
Madhya Pradesh,Bhopal,Bhopal(F&V),Other,Fruits,15,800,1200,1000,04-Jan-19
Madhya Pradesh,Bhopal,Bhopal(F&V),Other,Fruits,16,800,1200,1000,03-Jan-19
Madhya Pradesh,Bhopal,Bhopal(F&V),Other,Fruits,20,600,1000,800,01-Jan-19
Madhya Pradesh,Bhopal,Bhopal(F&V),Other,Fruits,15,2000,3000,2500,30-Nov-18
Madhya Pradesh,Bhopal,Bhopal(F&V),Other,Fruits,15.8,2000,3000,2500,29-Nov-18
Madhya Pradesh,Bhopal,Bhopal(F&V),Other,Fruits,13,2000,3000,2500,27-Nov-18
Madhya Pradesh,Bhopal,Bhopal(F&V),Other,Fruits,13.6,2000,3000,2500,26-Nov-18
Madhya Pradesh,Bhopal,Bhopal(F&V),Other,Fruits,11.5,2000,3000,2500,24-Nov-18
Madhya Pradesh,Bhopal,Bhopal(F&V),Other,Fruits,11,2000,3000,2500,22-Nov-18
Madhya Pradesh,Bhopal,Bhopal(F&V),Other,Fruits,11,2000,3000,2500,21-Nov-18
Madhya Pradesh,Bhopal,Bhopal(F&V),Other,Fruits,11,2000,3000,2500,17-Nov-18
Madhya Pradesh,Bhopal,Bhopal(F&V),Other,Fruits,19,2000,3000,2500,16-Nov-18
Madhya Pradesh,Bhopal,Bhopal(F&V),Other,Fruits,14.5,2000,4000,3000,10-Feb-18
Madhya Pradesh,Bhopal,Bhopal(F&V),Other,Fruits,16.3,3000,5000,4000,24-Jan-18
Madhya Pradesh,Narsinghpur,Gadarwada,Other,Fruits,0.1,3800,3800,3800,17-Feb-20
Madhya Pradesh,Narsinghpur,Gadarwada,Other,Fruits,1,4000,4000,4000,30-Dec-19
Madhya Pradesh,Narsinghpur,Gadarwada,Other,Fruits,1,4500,4500,4500,20-Dec-19
Madhya Pradesh,Narsinghpur,Gadarwada,Other,Fruits,0.2,3000,3000,3000,11-Apr-19
Madhya Pradesh,Narsinghpur,Gadarwada,Other,Fruits,0.2,2000,2000,2000,29-Mar-19
Madhya Pradesh,Harda,Harda(F&V),Other,Fruits,0.1,1100,1300,1200,30-May-23
Madhya Pradesh,Harda,Harda(F&V),Other,Fruits,0.2,1100,1300,1200,29-May-23
Madhya Pradesh,Harda,Harda(F&V),Other,Fruits,0.2,1000,1200,1100,28-May-23
Madhya Pradesh,Harda,Harda(F&V),Other,Fruits,0.2,1200,1300,1250,26-May-23
Madhya Pradesh,Harda,Harda(F&V),Other,Fruits,0.1,1100,1300,1200,25-May-23
Madhya Pradesh,Harda,Harda(F&V),Other,Fruits,0.1,1000,1050,1020,24-May-23
Madhya Pradesh,Harda,Harda(F&V),Other,Fruits,0.1,1050,1150,1100,23-May-23
Madhya Pradesh,Harda,Harda(F&V),Other,Fruits,0.2,1100,1250,1200,22-May-23
Madhya Pradesh,Harda,Harda(F&V),Other,Fruits,0.2,1000,1100,1050,21-May-23
Madhya Pradesh,Harda,Harda(F&V),Other,Fruits,0.1,1100,1300,1200,20-May-23
Madhya Pradesh,Harda,Harda(F&V),Other,Fruits,0.2,1100,1300,1200,19-May-23
Madhya Pradesh,Harda,Harda(F&V),Other,Fruits,0.2,1100,1300,1200,18-May-23
Madhya Pradesh,Harda,Harda(F&V),Other,Fruits,0.3,1200,1300,1250,17-May-23
Madhya Pradesh,Harda,Harda(F&V),Other,Fruits,0.2,1200,1300,1250,16-May-23
Madhya Pradesh,Harda,Harda(F&V),Other,Fruits,0.2,1200,1400,1300,15-May-23
Madhya Pradesh,Harda,Harda(F&V),Other,Fruits,0.1,1100,1300,1200,14-May-23
Madhya Pradesh,Harda,Harda(F&V),Other,Fruits,0.2,1100,1300,1200,13-May-23
Madhya Pradesh,Harda,Harda(F&V),Other,Fruits,0.2,1100,1200,1150,12-May-23
Madhya Pradesh,Harda,Harda(F&V),Other,Fruits,0.2,1100,1300,1200,11-May-23
Madhya Pradesh,Harda,Harda(F&V),Other,Fruits,0.2,1200,1400,1300,10-May-23
Madhya Pradesh,Harda,Harda(F&V),Other,Fruits,0.5,1200,1300,1250,09-May-23
Madhya Pradesh,Harda,Harda(F&V),Other,Fruits,0.3,1000,1200,1100,07-May-23
Madhya Pradesh,Harda,Harda(F&V),Other,Fruits,0.2,1100,1350,1200,06-May-23
Madhya Pradesh,Harda,Harda(F&V),Other,Fruits,0.3,1200,1400,1300,05-May-23
Madhya Pradesh,Harda,Harda(F&V),Other,Fruits,0.2,1200,1300,1250,04-May-23
Madhya Pradesh,Harda,Harda(F&V),Other,Fruits,0.3,1100,1450,1300,03-May-23
Madhya Pradesh,Harda,Harda(F&V),Other,Fruits,0.5,1300,1500,1400,02-May-23
Madhya Pradesh,Harda,Harda(F&V),Other,Fruits,0.5,1200,1300,1250,30-Apr-23
Madhya Pradesh,Harda,Harda(F&V),Other,Fruits,0.5,1100,1200,1150,29-Apr-23
Madhya Pradesh,Harda,Harda(F&V),Other,Fruits,0.2,1050,1150,1100,28-Apr-23
Madhya Pradesh,Harda,Harda(F&V),Other,Fruits,0.2,1100,1200,1150,27-Apr-23
Madhya Pradesh,Harda,Harda(F&V),Other,Fruits,0.2,1200,1400,1300,26-Apr-23
Madhya Pradesh,Harda,Harda(F&V),Other,Fruits,0.3,1150,1250,1200,25-Apr-23
Madhya Pradesh,Harda,Harda(F&V),Other,Fruits,0.3,1200,1300,1250,24-Apr-23
Madhya Pradesh,Harda,Harda(F&V),Other,Fruits,0.2,1200,1400,1300,23-Apr-23
Madhya Pradesh,Harda,Harda(F&V),Other,Fruits,0.2,1200,1500,1400,19-Apr-23
Madhya Pradesh,Harda,Harda(F&V),Other,Fruits,0.3,1200,1400,1250,18-Apr-23
Madhya Pradesh,Harda,Harda(F&V),Other,Fruits,0.3,1300,1500,1400,17-Apr-23
Madhya Pradesh,Harda,Harda(F&V),Other,Fruits,1.5,1800,2150,2050,16-Apr-23
Madhya Pradesh,Harda,Harda(F&V),Other,Fruits,0.3,1400,1600,1500,15-Apr-23
Madhya Pradesh,Harda,Harda(F&V),Other,Fruits,0.2,1500,1600,1550,14-Apr-23
Madhya Pradesh,Harda,Harda(F&V),Other,Fruits,0.3,1300,1600,1400,13-Apr-23
Madhya Pradesh,Harda,Harda(F&V),Other,Fruits,0.3,1500,1800,1600,12-Apr-23
Madhya Pradesh,Harda,Harda(F&V),Other,Fruits,0.3,1200,1500,1400,11-Apr-23
Madhya Pradesh,Harda,Harda(F&V),Other,Fruits,0.3,1200,1400,1300,10-Apr-23
Madhya Pradesh,Harda,Harda(F&V),Other,Fruits,0.2,1400,1600,1500,09-Apr-23
Madhya Pradesh,Harda,Harda(F&V),Other,Fruits,0.3,1200,1500,1400,08-Apr-23
Madhya Pradesh,Harda,Harda(F&V),Other,Fruits,0.3,1500,1700,1600,07-Apr-23
Madhya Pradesh,Harda,Harda(F&V),Other,Fruits,0.2,1300,1500,1400,06-Apr-23
Madhya Pradesh,Harda,Harda(F&V),Other,Fruits,0.3,1600,1800,1700,05-Apr-23
Madhya Pradesh,Harda,Harda(F&V),Other,Fruits,0.3,1300,1500,1400,04-Apr-23
Madhya Pradesh,Harda,Harda(F&V),Other,Fruits,0.7,1300,1500,1400,03-Apr-23
Madhya Pradesh,Harda,Harda(F&V),Other,Fruits,0.6,1400,1600,1500,02-Apr-23
Madhya Pradesh,Harda,Harda(F&V),Other,Fruits,0.2,1400,1600,1500,31-Mar-23
Madhya Pradesh,Harda,Harda(F&V),Other,Fruits,0.2,1400,1600,1500,30-Mar-23
Madhya Pradesh,Harda,Harda(F&V),Other,Fruits,0.5,1200,1500,1400,29-Mar-23
Madhya Pradesh,Harda,Harda(F&V),Other,Fruits,0.5,1300,1500,1400,28-Mar-23
Madhya Pradesh,Harda,Harda(F&V),Other,Fruits,0.4,1300,1500,1400,27-Mar-23
Madhya Pradesh,Harda,Harda(F&V),Other,Fruits,0.2,1300,1600,1400,26-Mar-23
Madhya Pradesh,Harda,Harda(F&V),Other,Fruits,0.2,1300,1600,1500,25-Mar-23
Madhya Pradesh,Harda,Harda(F&V),Other,Fruits,0.2,1300,1500,1400,24-Mar-23
Madhya Pradesh,Harda,Harda(F&V),Other,Fruits,0.2,1300,1500,1400,21-Mar-23
Madhya Pradesh,Harda,Harda(F&V),Other,Fruits,0.5,1600,2000,1800,19-Mar-23
Madhya Pradesh,Harda,Harda(F&V),Other,Fruits,0.2,1400,1800,1600,18-Mar-23
Madhya Pradesh,Harda,Harda(F&V),Other,Fruits,0.2,1400,1800,1600,17-Mar-23
Madhya Pradesh,Harda,Harda(F&V),Other,Fruits,0.5,1400,1800,1600,16-Mar-23
Madhya Pradesh,Harda,Harda(F&V),Other,Fruits,0.2,1500,1800,1600,15-Mar-23
Madhya Pradesh,Harda,Harda(F&V),Other,Fruits,0.5,1500,1800,1600,14-Mar-23
Madhya Pradesh,Harda,Harda(F&V),Other,Fruits,0.2,1400,1800,1600,13-Mar-23
Madhya Pradesh,Harda,Harda(F&V),Other,Fruits,0.2,1400,1800,1600,11-Mar-23
Madhya Pradesh,Harda,Harda(F&V),Other,Fruits,0.5,1700,2000,1800,10-Mar-23
Madhya Pradesh,Harda,Harda(F&V),Other,Fruits,0.5,1400,1800,1600,09-Mar-23
Madhya Pradesh,Harda,Harda(F&V),Other,Fruits,0.8,1500,1800,1700,07-Mar-23
Madhya Pradesh,Harda,Harda(F&V),Other,Fruits,0.5,1500,1800,1600,06-Mar-23
Madhya Pradesh,Harda,Harda(F&V),Other,Fruits,0.5,1800,2200,1900,05-Mar-23
Madhya Pradesh,Harda,Harda(F&V),Other,Fruits,0.5,1600,2000,1800,04-Mar-23
Madhya Pradesh,Harda,Harda(F&V),Other,Fruits,0.5,1900,2200,2000,03-Mar-23
Madhya Pradesh,Harda,Harda(F&V),Other,Fruits,0.5,1800,2000,1900,02-Mar-23
Madhya Pradesh,Harda,Harda(F&V),Other,Fruits,0.2,2000,2400,2200,28-Feb-23
Madhya Pradesh,Harda,Harda(F&V),Other,Fruits,0.5,1400,1800,1600,27-Feb-23
Madhya Pradesh,Harda,Harda(F&V),Other,Fruits,0.5,1200,1800,1400,26-Feb-23
Madhya Pradesh,Harda,Harda(F&V),Other,Fruits,0.2,1400,1800,1600,25-Feb-23
Madhya Pradesh,Harda,Harda(F&V),Other,Fruits,0.2,1800,2000,1900,23-Feb-23
Madhya Pradesh,Harda,Harda(F&V),Other,Fruits,0.5,1200,1800,1500,22-Feb-23
Madhya Pradesh,Harda,Harda(F&V),Other,Fruits,0.5,1600,2200,2000,21-Feb-23
Madhya Pradesh,Harda,Harda(F&V),Other,Fruits,0.2,1400,1800,1600,20-Feb-23
Madhya Pradesh,Harda,Harda(F&V),Other,Fruits,0.2,1400,1800,1600,19-Feb-23
Madhya Pradesh,Harda,Harda(F&V),Other,Fruits,0.2,1600,2000,1800,18-Feb-23
Madhya Pradesh,Harda,Harda(F&V),Other,Fruits,0.5,1500,2000,1800,17-Feb-23
Madhya Pradesh,Harda,Harda(F&V),Other,Fruits,0.5,1500,2000,1800,16-Feb-23
Madhya Pradesh,Harda,Harda(F&V),Other,Fruits,0.2,1500,2000,1800,15-Feb-23
Madhya Pradesh,Harda,Harda(F&V),Other,Fruits,0.2,1600,2000,1800,14-Feb-23
Madhya Pradesh,Harda,Harda(F&V),Other,Fruits,0.5,1300,1700,1500,13-Feb-23
Madhya Pradesh,Harda,Harda(F&V),Other,Fruits,0.1,1600,2000,1800,12-Feb-23
Madhya Pradesh,Harda,Harda(F&V),Other,Fruits,0.5,1300,1800,1500,11-Feb-23
Madhya Pradesh,Harda,Harda(F&V),Other,Fruits,0.5,1600,1800,1700,10-Feb-23
Madhya Pradesh,Harda,Harda(F&V),Other,Fruits,0.7,1800,2000,1900,09-Feb-23
Madhya Pradesh,Harda,Harda(F&V),Other,Fruits,0.5,1800,2000,1900,08-Feb-23
Madhya Pradesh,Harda,Harda(F&V),Other,Fruits,0.2,1500,2000,1800,06-Feb-23
Madhya Pradesh,Harda,Harda(F&V),Other,Fruits,0.4,1300,2000,1600,05-Feb-23
Madhya Pradesh,Harda,Harda(F&V),Other,Fruits,0.1,1200,1600,1400,04-Feb-23
Madhya Pradesh,Harda,Harda(F&V),Other,Fruits,0.2,1500,2000,1800,03-Feb-23
Madhya Pradesh,Harda,Harda(F&V),Other,Fruits,0.2,2000,2200,2100,02-Feb-23
Madhya Pradesh,Harda,Harda(F&V),Other,Fruits,0.5,1500,1800,1700,31-Jan-23
Madhya Pradesh,Harda,Harda(F&V),Other,Fruits,0.5,1500,2000,1800,30-Jan-23
Madhya Pradesh,Harda,Harda(F&V),Other,Fruits,0.5,2000,2200,2100,29-Jan-23
Madhya Pradesh,Harda,Harda(F&V),Other,Fruits,0.5,2800,3000,2900,28-Jan-23
Madhya Pradesh,Harda,Harda(F&V),Other,Fruits,0.5,1900,2300,2100,27-Jan-23
Madhya Pradesh,Harda,Harda(F&V),Other,Fruits,0.5,2000,2200,2100,25-Jan-23
Madhya Pradesh,Harda,Harda(F&V),Other,Fruits,0.5,1500,2000,1800,24-Jan-23
Madhya Pradesh,Harda,Harda(F&V),Other,Fruits,0.5,1500,2000,1800,23-Jan-23
Madhya Pradesh,Harda,Harda(F&V),Other,Fruits,0.5,1800,2300,2100,22-Jan-23
Madhya Pradesh,Harda,Harda(F&V),Other,Fruits,0.5,1400,2300,1900,20-Jan-23
Madhya Pradesh,Harda,Harda(F&V),Other,Fruits,0.2,1900,2300,2100,19-Jan-23
Madhya Pradesh,Harda,Harda(F&V),Other,Fruits,0.5,1900,2100,2000,18-Jan-23
Madhya Pradesh,Harda,Harda(F&V),Other,Fruits,0.5,1800,2200,2000,13-Jan-23
Madhya Pradesh,Harda,Harda(F&V),Other,Fruits,0.5,1800,2000,1900,12-Jan-23
Madhya Pradesh,Harda,Harda(F&V),Other,Fruits,0.5,1800,2000,1900,11-Jan-23
Madhya Pradesh,Harda,Harda(F&V),Other,Fruits,0.5,2000,2200,2100,08-Jan-23
Madhya Pradesh,Harda,Harda(F&V),Other,Fruits,0.5,2500,2800,2700,07-Jan-23
Madhya Pradesh,Harda,Harda(F&V),Other,Fruits,0.5,2100,2300,2200,06-Jan-23
Madhya Pradesh,Harda,Harda(F&V),Other,Fruits,0.5,2100,2400,2200,04-Jan-23
Madhya Pradesh,Harda,Harda(F&V),Other,Fruits,0.5,2300,2500,2400,03-Jan-23
Madhya Pradesh,Harda,Harda(F&V),Other,Fruits,0.5,2000,2500,2200,02-Jan-23
Madhya Pradesh,Harda,Harda(F&V),Other,Fruits,0.3,2100,2300,2200,31-Dec-22
Madhya Pradesh,Harda,Harda(F&V),Other,Fruits,0.3,2500,2700,2600,30-Dec-22
Madhya Pradesh,Harda,Harda(F&V),Other,Fruits,0.5,2100,2500,2300,29-Dec-22
Madhya Pradesh,Harda,Harda(F&V),Other,Fruits,0.5,2000,2400,2300,28-Dec-22
Madhya Pradesh,Harda,Harda(F&V),Other,Fruits,0.5,2000,2400,2200,27-Dec-22
Madhya Pradesh,Harda,Harda(F&V),Other,Fruits,0.5,2500,2900,2800,26-Dec-22
Madhya Pradesh,Harda,Harda(F&V),Other,Fruits,0.5,2200,2400,2300,25-Dec-22
Madhya Pradesh,Harda,Harda(F&V),Other,Fruits,0.5,2400,2600,2500,24-Dec-22
Madhya Pradesh,Harda,Harda(F&V),Other,Fruits,0.5,1800,2200,2000,23-Dec-22
Madhya Pradesh,Harda,Harda(F&V),Other,Fruits,0.5,1800,2200,2000,22-Dec-22
Madhya Pradesh,Harda,Harda(F&V),Other,Fruits,0.5,2000,2400,2200,21-Dec-22
Madhya Pradesh,Harda,Harda(F&V),Other,Fruits,0.5,1800,2200,2000,20-Dec-22
Madhya Pradesh,Harda,Harda(F&V),Other,Fruits,0.5,2000,2400,2200,19-Dec-22
Madhya Pradesh,Harda,Harda(F&V),Other,Fruits,0.5,2300,2500,2400,18-Dec-22
Madhya Pradesh,Harda,Harda(F&V),Other,Fruits,0.5,2000,2300,2100,17-Dec-22
Madhya Pradesh,Harda,Harda(F&V),Other,Fruits,0.5,2000,2300,2100,16-Dec-22
Madhya Pradesh,Harda,Harda(F&V),Other,Fruits,0.5,2000,2400,2200,14-Dec-22
Madhya Pradesh,Harda,Harda(F&V),Other,Fruits,0.5,2200,2500,2400,13-Dec-22
Madhya Pradesh,Harda,Harda(F&V),Other,Fruits,0.5,2400,2800,2600,12-Dec-22
Madhya Pradesh,Harda,Harda(F&V),Other,Fruits,0.2,2000,2400,2200,11-Dec-22
Madhya Pradesh,Harda,Harda(F&V),Other,Fruits,0.5,2400,2800,2600,10-Dec-22
Madhya Pradesh,Harda,Harda(F&V),Other,Fruits,0.2,2000,2500,2400,09-Dec-22
Madhya Pradesh,Harda,Harda(F&V),Other,Fruits,0.5,2800,3000,2900,08-Dec-22
Madhya Pradesh,Harda,Harda(F&V),Other,Fruits,0.5,2400,2800,2600,07-Dec-22
Madhya Pradesh,Harda,Harda(F&V),Other,Fruits,0.5,2400,2900,2700,06-Dec-22
Madhya Pradesh,Harda,Harda(F&V),Other,Fruits,0.3,2400,2800,2600,05-Dec-22
Madhya Pradesh,Harda,Harda(F&V),Other,Fruits,0.5,2800,2950,2850,04-Dec-22
Madhya Pradesh,Harda,Harda(F&V),Other,Fruits,0.2,1000,1200,1100,23-Apr-22
Madhya Pradesh,Harda,Harda(F&V),Other,Fruits,0.2,1000,1200,1100,22-Apr-22
Madhya Pradesh,Harda,Harda(F&V),Other,Fruits,0.2,1000,1400,1200,21-Apr-22
Madhya Pradesh,Harda,Harda(F&V),Other,Fruits,0.1,1000,1200,1100,17-Apr-22
Madhya Pradesh,Harda,Harda(F&V),Other,Fruits,0.2,1100,1400,1200,15-Apr-22
Madhya Pradesh,Harda,Harda(F&V),Other,Fruits,0.3,1100,1300,1200,14-Apr-22
Madhya Pradesh,Harda,Harda(F&V),Other,Fruits,0.2,1000,1400,1200,13-Apr-22
Madhya Pradesh,Harda,Harda(F&V),Other,Fruits,0.3,1000,1200,1100,12-Apr-22
Madhya Pradesh,Harda,Harda(F&V),Other,Fruits,0.1,1000,1200,1100,11-Apr-22
Madhya Pradesh,Harda,Harda(F&V),Other,Fruits,0.1,1200,1300,1250,10-Apr-22
Madhya Pradesh,Harda,Harda(F&V),Other,Fruits,0.2,1000,1400,1200,09-Apr-22
Madhya Pradesh,Harda,Harda(F&V),Other,Fruits,0.1,1000,1200,1100,08-Apr-22
Madhya Pradesh,Harda,Harda(F&V),Other,Fruits,0.1,1000,1200,1100,07-Apr-22
Madhya Pradesh,Harda,Harda(F&V),Other,Fruits,0.1,900,1300,1100,06-Apr-22
Madhya Pradesh,Harda,Harda(F&V),Other,Fruits,0.3,1100,1200,1150,05-Apr-22
Madhya Pradesh,Harda,Harda(F&V),Other,Fruits,0.2,1200,1400,1300,04-Apr-22
Madhya Pradesh,Harda,Harda(F&V),Other,Fruits,0.3,1200,1400,1300,03-Apr-22
Madhya Pradesh,Harda,Harda(F&V),Other,Fruits,0.2,1200,1500,1400,02-Apr-22
Madhya Pradesh,Harda,Harda(F&V),Other,Fruits,0.2,1000,1400,1200,31-Mar-22
Madhya Pradesh,Harda,Harda(F&V),Other,Fruits,0.1,1200,1400,1300,30-Mar-22
Madhya Pradesh,Harda,Harda(F&V),Other,Fruits,0.3,1100,1300,1200,29-Mar-22
Madhya Pradesh,Harda,Harda(F&V),Other,Fruits,0.2,1000,1200,1100,28-Mar-22
Madhya Pradesh,Harda,Harda(F&V),Other,Fruits,1,1200,1400,1300,27-Mar-22
Madhya Pradesh,Harda,Harda(F&V),Other,Fruits,0.5,1000,1200,1100,26-Mar-22
Madhya Pradesh,Harda,Harda(F&V),Other,Fruits,0.3,800,1000,900,23-Mar-22
Madhya Pradesh,Harda,Harda(F&V),Other,Fruits,0.2,1000,1200,1100,21-Mar-22
Madhya Pradesh,Harda,Harda(F&V),Other,Fruits,0.2,1000,1400,1200,20-Mar-22
Madhya Pradesh,Harda,Harda(F&V),Other,Fruits,0.3,1000,1300,1200,19-Mar-22
Madhya Pradesh,Harda,Harda(F&V),Other,Fruits,0.3,1100,1300,1200,17-Mar-22
Madhya Pradesh,Harda,Harda(F&V),Other,Fruits,0.2,1200,1400,1300,16-Mar-22
Madhya Pradesh,Harda,Harda(F&V),Other,Fruits,0.3,800,1400,1200,15-Mar-22
Madhya Pradesh,Harda,Harda(F&V),Other,Fruits,0.2,1000,1200,1100,14-Mar-22
Madhya Pradesh,Harda,Harda(F&V),Other,Fruits,1.3,1900,2400,2200,13-Mar-22
Madhya Pradesh,Harda,Harda(F&V),Other,Fruits,0.3,900,1200,1000,12-Mar-22
Madhya Pradesh,Harda,Harda(F&V),Other,Fruits,0.5,800,1200,1000,11-Mar-22
Madhya Pradesh,Harda,Harda(F&V),Other,Fruits,0.2,1000,1100,1050,10-Mar-22
Madhya Pradesh,Harda,Harda(F&V),Other,Fruits,0.3,1000,1200,1100,09-Mar-22
Madhya Pradesh,Harda,Harda(F&V),Other,Fruits,0.2,1000,1200,1050,08-Mar-22
Madhya Pradesh,Harda,Harda(F&V),Other,Fruits,0.3,1000,1200,1100,07-Mar-22
Madhya Pradesh,Harda,Harda(F&V),Other,Fruits,0.2,1000,1400,1200,06-Mar-22
Madhya Pradesh,Harda,Harda(F&V),Other,Fruits,0.3,1000,1300,1200,05-Mar-22
Madhya Pradesh,Harda,Harda(F&V),Other,Fruits,1.5,2000,2500,2200,04-Mar-22
Madhya Pradesh,Harda,Harda(F&V),Other,Fruits,0.5,1000,1200,1100,03-Mar-22
Madhya Pradesh,Harda,Harda(F&V),Other,Fruits,1,1200,1400,1300,02-Mar-22
Madhya Pradesh,Harda,Harda(F&V),Other,Fruits,0.5,1000,1400,1100,28-Feb-22
Madhya Pradesh,Harda,Harda(F&V),Other,Fruits,0.5,1000,1400,1200,27-Feb-22
Madhya Pradesh,Harda,Harda(F&V),Other,Fruits,0.4,1000,1200,1100,25-Feb-22
Madhya Pradesh,Harda,Harda(F&V),Other,Fruits,0.8,2000,2000,2000,24-Feb-22
Madhya Pradesh,Harda,Harda(F&V),Other,Fruits,0.3,1000,1500,1200,23-Feb-22
Madhya Pradesh,Harda,Harda(F&V),Other,Fruits,0.3,1000,1200,1100,22-Feb-22
Madhya Pradesh,Harda,Harda(F&V),Other,Fruits,0.2,1400,1600,1500,21-Feb-22
Madhya Pradesh,Harda,Harda(F&V),Other,Fruits,0.3,1200,1800,1500,20-Feb-22
Madhya Pradesh,Harda,Harda(F&V),Other,Fruits,0.2,1200,1400,1300,19-Feb-22
Madhya Pradesh,Harda,Harda(F&V),Other,Fruits,1,1200,1400,1300,18-Feb-22
Madhya Pradesh,Harda,Harda(F&V),Other,Fruits,0.3,1300,1500,1400,17-Feb-22
Madhya Pradesh,Harda,Harda(F&V),Other,Fruits,0.2,1400,1600,1500,16-Feb-22
Madhya Pradesh,Harda,Harda(F&V),Other,Fruits,0.5,1000,1500,1200,15-Feb-22
Madhya Pradesh,Harda,Harda(F&V),Other,Fruits,0.5,1300,1500,1400,14-Feb-22
Madhya Pradesh,Harda,Harda(F&V),Other,Fruits,0.4,1200,1500,1400,13-Feb-22
Madhya Pradesh,Harda,Harda(F&V),Other,Fruits,0.2,1200,1600,1400,12-Feb-22
Madhya Pradesh,Harda,Harda(F&V),Other,Fruits,0.4,1200,1400,1300,11-Feb-22
Madhya Pradesh,Harda,Harda(F&V),Other,Fruits,0.5,1000,1400,1200,10-Feb-22
Madhya Pradesh,Harda,Harda(F&V),Other,Fruits,0.3,1500,1800,1600,09-Feb-22
Madhya Pradesh,Harda,Harda(F&V),Other,Fruits,0.2,1400,1600,1500,08-Feb-22
Madhya Pradesh,Harda,Harda(F&V),Other,Fruits,0.4,1400,1500,1450,07-Feb-22
Madhya Pradesh,Harda,Harda(F&V),Other,Fruits,0.2,1000,1400,1200,06-Feb-22
Madhya Pradesh,Harda,Harda(F&V),Other,Fruits,0.2,1400,1600,1500,05-Feb-22
Madhya Pradesh,Harda,Harda(F&V),Other,Fruits,0.3,1400,1600,1500,04-Feb-22
Madhya Pradesh,Harda,Harda(F&V),Other,Fruits,0.4,1800,2000,1900,03-Feb-22
Madhya Pradesh,Harda,Harda(F&V),Other,Fruits,0.5,1500,2000,1800,02-Feb-22
Madhya Pradesh,Harda,Harda(F&V),Other,Fruits,0.5,1200,1400,1300,31-Jan-22
Madhya Pradesh,Harda,Harda(F&V),Other,Fruits,0.3,1200,1500,1300,30-Jan-22
Madhya Pradesh,Harda,Harda(F&V),Other,Fruits,0.2,1200,1600,1400,29-Jan-22
Madhya Pradesh,Harda,Harda(F&V),Other,Fruits,0.5,1200,1400,1300,28-Jan-22
Madhya Pradesh,Harda,Harda(F&V),Other,Fruits,0.5,1500,2500,2000,27-Jan-22
Madhya Pradesh,Harda,Harda(F&V),Other,Fruits,0.5,1200,1500,1400,25-Jan-22
Madhya Pradesh,Harda,Harda(F&V),Other,Fruits,0.4,1500,1700,1600,24-Jan-22
Madhya Pradesh,Harda,Harda(F&V),Other,Fruits,0.6,1000,1600,1200,23-Jan-22
Madhya Pradesh,Harda,Harda(F&V),Other,Fruits,0.5,1000,1400,1200,22-Jan-22
Madhya Pradesh,Harda,Harda(F&V),Other,Fruits,0.2,1200,1350,1300,21-Jan-22
Madhya Pradesh,Harda,Harda(F&V),Other,Fruits,0.3,1400,1600,1500,20-Jan-22
Madhya Pradesh,Harda,Harda(F&V),Other,Fruits,0.5,1300,1500,1400,19-Jan-22
Madhya Pradesh,Harda,Harda(F&V),Other,Fruits,0.2,1200,1600,1400,18-Jan-22
Madhya Pradesh,Harda,Harda(F&V),Other,Fruits,0.3,1200,1600,1400,17-Jan-22
Madhya Pradesh,Harda,Harda(F&V),Other,Fruits,0.3,1400,1600,1500,15-Jan-22
Madhya Pradesh,Harda,Harda(F&V),Other,Fruits,0.6,1400,1800,1600,13-Jan-22
Madhya Pradesh,Harda,Harda(F&V),Other,Fruits,0.3,1200,1600,1400,12-Jan-22
Madhya Pradesh,Harda,Harda(F&V),Other,Fruits,0.2,1000,1400,1200,11-Jan-22
Madhya Pradesh,Harda,Harda(F&V),Other,Fruits,0.5,1000,1500,1200,10-Jan-22
Madhya Pradesh,Harda,Harda(F&V),Other,Fruits,0.3,1200,1400,1300,09-Jan-22
Madhya Pradesh,Harda,Harda(F&V),Other,Fruits,0.2,1400,1600,1500,08-Jan-22
Madhya Pradesh,Harda,Harda(F&V),Other,Fruits,0.3,1400,1600,1500,07-Jan-22
Madhya Pradesh,Harda,Harda(F&V),Other,Fruits,0.2,1200,1500,1400,06-Jan-22
Madhya Pradesh,Harda,Harda(F&V),Other,Fruits,0.2,1300,1600,1500,04-Jan-22
Madhya Pradesh,Harda,Harda(F&V),Other,Fruits,0.2,1200,1400,1300,03-Jan-22
Madhya Pradesh,Harda,Harda(F&V),Other,Fruits,0.3,1300,1700,1500,02-Jan-22
Madhya Pradesh,Harda,Harda(F&V),Other,Fruits,0.4,1200,1400,1300,31-Dec-21
Madhya Pradesh,Harda,Harda(F&V),Other,Fruits,0.2,1300,1400,1350,30-Dec-21
Madhya Pradesh,Harda,Harda(F&V),Other,Fruits,0.3,1200,1600,1400,29-Dec-21
Madhya Pradesh,Harda,Harda(F&V),Other,Fruits,0.5,1300,1500,1400,28-Dec-21
Madhya Pradesh,Harda,Harda(F&V),Other,Fruits,0.1,1500,1900,1700,27-Dec-21
Madhya Pradesh,Harda,Harda(F&V),Other,Fruits,0.2,1800,2000,1900,26-Dec-21
Madhya Pradesh,Harda,Harda(F&V),Other,Fruits,0.2,1200,1400,1300,25-Dec-21
Madhya Pradesh,Harda,Harda(F&V),Other,Fruits,0.1,1200,1400,1300,24-Dec-21
Madhya Pradesh,Harda,Harda(F&V),Other,Fruits,0.2,1200,1400,1300,23-Dec-21
Madhya Pradesh,Harda,Harda(F&V),Other,Fruits,0.2,1200,1500,1400,22-Dec-21
Madhya Pradesh,Harda,Harda(F&V),Other,Fruits,0.3,1200,1500,1400,21-Dec-21
Madhya Pradesh,Harda,Harda(F&V),Other,Fruits,0.2,1600,2000,1800,20-Dec-21
Madhya Pradesh,Harda,Harda(F&V),Other,Fruits,0.3,1500,2000,1800,19-Dec-21
Madhya Pradesh,Harda,Harda(F&V),Other,Fruits,0.2,1000,1200,1100,18-Dec-21
Madhya Pradesh,Harda,Harda(F&V),Other,Fruits,0.5,1200,1600,1400,17-Dec-21
Madhya Pradesh,Harda,Harda(F&V),Other,Fruits,0.2,1500,2000,1800,16-Dec-21
Madhya Pradesh,Harda,Harda(F&V),Other,Fruits,0.3,1000,1400,1200,15-Dec-21
Madhya Pradesh,Harda,Harda(F&V),Other,Fruits,0.2,1200,1500,1400,14-Dec-21
Madhya Pradesh,Harda,Harda(F&V),Other,Fruits,0.3,1500,2000,1800,13-Dec-21
Madhya Pradesh,Harda,Harda(F&V),Other,Fruits,0.5,1200,2000,1600,12-Dec-21
Madhya Pradesh,Harda,Harda(F&V),Other,Fruits,0.2,1400,1800,1600,11-Dec-21
Madhya Pradesh,Harda,Harda(F&V),Other,Fruits,0.3,1800,2200,2000,10-Dec-21
Madhya Pradesh,Harda,Harda(F&V),Other,Fruits,0.2,1300,1500,1400,09-Dec-21
Madhya Pradesh,Harda,Harda(F&V),Other,Fruits,0.3,1200,1500,1400,08-Dec-21
Madhya Pradesh,Harda,Harda(F&V),Other,Fruits,0.3,1000,1200,1100,07-Dec-21
Madhya Pradesh,Harda,Harda(F&V),Other,Fruits,0.2,900,1500,1100,06-Dec-21
Madhya Pradesh,Harda,Harda(F&V),Other,Fruits,0.3,1000,1200,1100,05-Dec-21
Madhya Pradesh,Harda,Harda(F&V),Other,Fruits,0.2,1200,1800,1500,04-Dec-21
Madhya Pradesh,Harda,Harda(F&V),Other,Fruits,0.5,1000,1500,1200,03-Dec-21
Madhya Pradesh,Harda,Harda(F&V),Other,Fruits,2.5,900,1000,950,02-Dec-21
Madhya Pradesh,Harda,Harda(F&V),Other,Fruits,0.2,1000,1200,1100,28-Nov-21
Madhya Pradesh,Harda,Harda(F&V),Other,Fruits,0.2,1000,1200,1100,27-Nov-21
Madhya Pradesh,Harda,Harda(F&V),Other,Fruits,0.2,1000,1200,1100,26-Nov-21
Madhya Pradesh,Harda,Harda(F&V),Other,Fruits,0.3,1300,1800,1500,25-Nov-21
Madhya Pradesh,Harda,Harda(F&V),Other,Fruits,0.2,1600,2000,1700,22-Nov-21
Madhya Pradesh,Harda,Harda(F&V),Other,Fruits,0.2,1700,2300,1900,21-Nov-21
Madhya Pradesh,Harda,Harda(F&V),Other,Fruits,0.3,1400,2000,1600,20-Nov-21
Madhya Pradesh,Harda,Harda(F&V),Other,Fruits,0.3,1900,2000,1950,19-Nov-21
Madhya Pradesh,Harda,Harda(F&V),Other,Fruits,0.2,1800,2000,1900,18-Nov-21
Madhya Pradesh,Harda,Harda(F&V),Other,Fruits,0.2,1000,1200,1100,14-May-21
Madhya Pradesh,Harda,Harda(F&V),Other,Fruits,0.1,1200,1500,1400,11-May-21
Madhya Pradesh,Harda,Harda(F&V),Other,Fruits,0.3,1900,2500,2200,28-Mar-21
Madhya Pradesh,Harda,Harda(F&V),Other,Fruits,0.3,1900,2100,2000,27-Mar-21
Madhya Pradesh,Harda,Harda(F&V),Other,Fruits,0.3,2000,2300,2200,26-Mar-21
Madhya Pradesh,Harda,Harda(F&V),Other,Fruits,0.3,1900,2100,2000,25-Mar-21
Madhya Pradesh,Harda,Harda(F&V),Other,Fruits,0.3,2000,2200,2100,21-Mar-21
Madhya Pradesh,Harda,Harda(F&V),Other,Fruits,0.2,2000,2200,2100,17-Mar-21
Madhya Pradesh,Harda,Harda(F&V),Other,Fruits,0.3,2200,2500,2400,16-Mar-21
Madhya Pradesh,Harda,Harda(F&V),Other,Fruits,0.4,2000,2500,2200,15-Mar-21
Madhya Pradesh,Harda,Harda(F&V),Other,Fruits,0.4,1900,2200,2100,14-Mar-21
Madhya Pradesh,Harda,Harda(F&V),Other,Fruits,0.4,1800,2000,1900,13-Mar-21
Madhya Pradesh,Harda,Harda(F&V),Other,Fruits,0.4,1900,2100,2000,12-Mar-21
Madhya Pradesh,Harda,Harda(F&V),Other,Fruits,0.4,1900,2200,2000,11-Mar-21
Madhya Pradesh,Harda,Harda(F&V),Other,Fruits,0.4,1800,2000,1900,10-Mar-21
Madhya Pradesh,Harda,Harda(F&V),Other,Fruits,0.2,1800,2000,1900,09-Mar-21
Madhya Pradesh,Harda,Harda(F&V),Other,Fruits,0.3,1900,2200,2000,08-Mar-21
Madhya Pradesh,Harda,Harda(F&V),Other,Fruits,0.4,2000,2200,2100,07-Mar-21
Madhya Pradesh,Harda,Harda(F&V),Other,Fruits,0.3,2000,2500,2200,04-Mar-21
Madhya Pradesh,Harda,Harda(F&V),Other,Fruits,0.4,1500,2200,2000,02-Mar-21
Madhya Pradesh,Harda,Harda(F&V),Other,Fruits,0.3,1700,1900,1800,28-Feb-21
Madhya Pradesh,Harda,Harda(F&V),Other,Fruits,0.3,2000,2500,2200,27-Feb-21
Madhya Pradesh,Harda,Harda(F&V),Other,Fruits,0.2,1900,2200,2000,25-Feb-21
Madhya Pradesh,Harda,Harda(F&V),Other,Fruits,0.4,1900,2200,2000,24-Feb-21
Madhya Pradesh,Harda,Harda(F&V),Other,Fruits,0.2,1800,2000,1900,23-Feb-21
Madhya Pradesh,Harda,Harda(F&V),Other,Fruits,0.2,1800,2000,1900,22-Feb-21
Madhya Pradesh,Harda,Harda(F&V),Other,Fruits,0.2,1600,2000,1800,20-Feb-21
Madhya Pradesh,Harda,Harda(F&V),Other,Fruits,0.5,1500,1800,1700,19-Feb-21
Madhya Pradesh,Harda,Harda(F&V),Other,Fruits,0.2,2000,2500,2200,18-Feb-21
Madhya Pradesh,Harda,Harda(F&V),Other,Fruits,0.3,1900,2200,2100,17-Feb-21
Madhya Pradesh,Harda,Harda(F&V),Other,Fruits,0.3,1900,2200,2000,16-Feb-21
Madhya Pradesh,Harda,Harda(F&V),Other,Fruits,0.4,2000,2500,2200,14-Feb-21
Madhya Pradesh,Harda,Harda(F&V),Other,Fruits,0.2,2100,2300,2200,11-Feb-21
Madhya Pradesh,Harda,Harda(F&V),Other,Fruits,0.2,2000,2500,2300,10-Feb-21
Madhya Pradesh,Harda,Harda(F&V),Other,Fruits,0.3,2000,2400,2200,09-Feb-21
Madhya Pradesh,Harda,Harda(F&V),Other,Fruits,0.5,1800,2200,2100,08-Feb-21
Madhya Pradesh,Harda,Harda(F&V),Other,Fruits,0.3,1900,2100,2000,07-Feb-21
Madhya Pradesh,Harda,Harda(F&V),Other,Fruits,0.3,1900,2200,2000,06-Feb-21
Madhya Pradesh,Harda,Harda(F&V),Other,Fruits,0.2,1800,2200,2000,05-Feb-21
Madhya Pradesh,Harda,Harda(F&V),Other,Fruits,0.3,1800,2100,2000,04-Feb-21
Madhya Pradesh,Harda,Harda(F&V),Other,Fruits,0.2,2000,2500,2200,03-Feb-21
Madhya Pradesh,Harda,Harda(F&V),Other,Fruits,0.3,1900,2200,2100,27-Jan-21
Madhya Pradesh,Harda,Harda(F&V),Other,Fruits,0.4,1800,2000,1900,25-Jan-21
Madhya Pradesh,Harda,Harda(F&V),Other,Fruits,0.2,2000,2500,2200,24-Jan-21
Madhya Pradesh,Harda,Harda(F&V),Other,Fruits,0.3,1800,2000,1900,23-Jan-21
Madhya Pradesh,Harda,Harda(F&V),Other,Fruits,0.2,1900,2100,2000,22-Jan-21
Madhya Pradesh,Harda,Harda(F&V),Other,Fruits,0.2,1800,2000,1900,21-Jan-21
Madhya Pradesh,Harda,Harda(F&V),Other,Fruits,0.2,1800,2000,1900,17-Jan-21
Madhya Pradesh,Harda,Harda(F&V),Other,Fruits,0.2,1900,2200,2100,16-Jan-21
Madhya Pradesh,Harda,Harda(F&V),Other,Fruits,0.3,1800,2000,1900,14-Jan-21
Madhya Pradesh,Harda,Harda(F&V),Other,Fruits,0.2,1700,2000,1800,13-Jan-21
Madhya Pradesh,Harda,Harda(F&V),Other,Fruits,0.3,1900,2200,2000,12-Jan-21
Madhya Pradesh,Harda,Harda(F&V),Other,Fruits,0.2,2000,2500,2200,08-Jan-21
Madhya Pradesh,Harda,Harda(F&V),Other,Fruits,0.4,1800,2000,1900,07-Jan-21
Madhya Pradesh,Harda,Harda(F&V),Other,Fruits,0.3,1500,2200,2000,06-Jan-21
Madhya Pradesh,Harda,Harda(F&V),Other,Fruits,0.2,2000,2800,2500,05-Jan-21
Madhya Pradesh,Harda,Harda(F&V),Other,Fruits,0.3,2800,3000,2900,31-Dec-20
Madhya Pradesh,Harda,Harda(F&V),Other,Fruits,0.4,3000,3000,3000,30-Dec-20
Madhya Pradesh,Harda,Harda(F&V),Other,Fruits,0.3,2000,2500,2200,12-Jun-20
Madhya Pradesh,Harda,Harda(F&V),Other,Fruits,1,2300,2450,2400,15-May-20
Madhya Pradesh,Harda,Harda(F&V),Other,Fruits,0.1,1200,1500,1300,05-Mar-20
Madhya Pradesh,Harda,Harda(F&V),Other,Fruits,0.3,1500,1600,1550,26-Feb-20
Madhya Pradesh,Harda,Harda(F&V),Other,Fruits,0.1,1700,1900,1800,24-Feb-20
Madhya Pradesh,Harda,Harda(F&V),Other,Fruits,0.2,1600,1800,1700,22-Feb-20
Madhya Pradesh,Harda,Harda(F&V),Other,Fruits,0.2,1500,2000,1800,21-Feb-20
Madhya Pradesh,Harda,Harda(F&V),Other,Fruits,0.1,1600,1800,1700,12-Feb-20
Madhya Pradesh,Harda,Harda(F&V),Other,Fruits,0.2,1700,1900,1800,07-Feb-20
Madhya Pradesh,Harda,Harda(F&V),Other,Fruits,0.2,1700,1900,1800,05-Feb-20
Madhya Pradesh,Harda,Harda(F&V),Other,Fruits,0.1,1500,2000,1800,04-Feb-20
Madhya Pradesh,Harda,Harda(F&V),Other,Fruits,0.2,1500,1800,1600,23-Jan-20
Madhya Pradesh,Harda,Harda(F&V),Other,Fruits,0.1,2500,3200,3000,17-Dec-19
Madhya Pradesh,Harda,Harda(F&V),Other,Fruits,0.3,700,900,800,12-Apr-19
Madhya Pradesh,Harda,Harda(F&V),Other,Fruits,0.1,750,900,850,29-Mar-19
Madhya Pradesh,Harda,Harda(F&V),Other,Fruits,0.3,600,800,700,27-Mar-19
Madhya Pradesh,Harda,Harda(F&V),Other,Fruits,0.5,500,700,600,19-Mar-19
Madhya Pradesh,Harda,Harda(F&V),Other,Fruits,0.1,2300,2500,2400,13-Mar-19
Madhya Pradesh,Harda,Harda(F&V),Other,Fruits,0.2,2200,2400,2300,12-Mar-19
Madhya Pradesh,Harda,Harda(F&V),Other,Fruits,0.2,1100,1300,1200,07-Mar-19
Madhya Pradesh,Harda,Harda(F&V),Other,Fruits,0.2,1500,1700,1600,05-Mar-19
Madhya Pradesh,Harda,Harda(F&V),Other,Fruits,0.2,1200,1600,1500,04-Mar-19
Madhya Pradesh,Harda,Harda(F&V),Other,Fruits,0.2,2000,2300,2200,03-Mar-19
Madhya Pradesh,Harda,Harda(F&V),Other,Fruits,0.4,1500,1900,1700,21-Feb-19
Madhya Pradesh,Harda,Harda(F&V),Other,Fruits,0.2,1400,1600,1500,18-Feb-19
Madhya Pradesh,Harda,Harda(F&V),Other,Fruits,0.2,1800,2000,1900,17-Feb-19
Madhya Pradesh,Harda,Harda(F&V),Other,Fruits,0.1,2000,2200,2100,16-Feb-19
Madhya Pradesh,Harda,Harda(F&V),Other,Fruits,0.4,1600,2000,1800,14-Feb-19
Madhya Pradesh,Harda,Harda(F&V),Other,Fruits,0.4,1800,2000,1900,13-Feb-19
Madhya Pradesh,Indore,Indore(F&V),Sapota,Fruits,8,1500,3000,2000,18-Dec-23
Madhya Pradesh,Indore,Indore(F&V),Sapota,Fruits,2.5,1500,3000,2500,09-Dec-23
Madhya Pradesh,Indore,Indore(F&V),Sapota,Fruits,2.9,1500,3000,2500,07-Dec-23
Madhya Pradesh,Indore,Indore(F&V),Sapota,Fruits,4.2,1500,3000,2500,05-Dec-23
Madhya Pradesh,Indore,Indore(F&V),Sapota,Fruits,24,1500,3500,2500,01-Dec-23
Madhya Pradesh,Indore,Indore(F&V),Sapota,Fruits,1.3,1500,3500,2500,30-Nov-23
Madhya Pradesh,Indore,Indore(F&V),Sapota,Fruits,3.5,1500,3500,2500,25-Nov-23
Madhya Pradesh,Indore,Indore(F&V),Sapota,Fruits,15,2000,4000,3000,23-Nov-23
Madhya Pradesh,Indore,Indore(F&V),Sapota,Fruits,1,2000,4000,3000,21-Nov-23
Madhya Pradesh,Indore,Indore(F&V),Sapota,Fruits,8,1500,4000,3000,15-Nov-23
Madhya Pradesh,Indore,Indore(F&V),Sapota,Fruits,6,2000,4000,3000,09-Nov-23
Madhya Pradesh,Indore,Indore(F&V),Sapota,Fruits,1.5,1500,4000,2500,06-Nov-23
Madhya Pradesh,Indore,Indore(F&V),Sapota,Fruits,10,2000,5000,3000,03-Nov-23
Madhya Pradesh,Indore,Indore(F&V),Sapota,Fruits,5.8,2000,5000,4000,02-Nov-23
Madhya Pradesh,Indore,Indore(F&V),Sapota,Fruits,5.1,2000,5000,3000,01-Nov-23
Madhya Pradesh,Indore,Indore(F&V),Sapota,Fruits,12,2000,5000,3000,31-Oct-23
Madhya Pradesh,Indore,Indore(F&V),Sapota,Fruits,8.6,1500,3000,2500,28-Oct-23
Madhya Pradesh,Indore,Indore(F&V),Sapota,Fruits,16.4,1500,3000,2500,26-Oct-23
Madhya Pradesh,Indore,Indore(F&V),Sapota,Fruits,12,1500,3500,2500,21-Oct-23
Madhya Pradesh,Indore,Indore(F&V),Sapota,Fruits,7,1500,3500,2500,20-Oct-23
Madhya Pradesh,Indore,Indore(F&V),Sapota,Fruits,10,1500,3500,2500,19-Oct-23
Madhya Pradesh,Indore,Indore(F&V),Sapota,Fruits,11.3,1500,4000,2500,18-Oct-23
Madhya Pradesh,Indore,Indore(F&V),Sapota,Fruits,9.3,1500,3500,2500,17-Oct-23
Madhya Pradesh,Indore,Indore(F&V),Sapota,Fruits,8,1500,3500,2500,16-Oct-23
Madhya Pradesh,Indore,Indore(F&V),Sapota,Fruits,6.7,1500,3500,2500,14-Oct-23
Madhya Pradesh,Indore,Indore(F&V),Sapota,Fruits,8,1500,3000,2500,13-Oct-23
Madhya Pradesh,Indore,Indore(F&V),Sapota,Fruits,14.1,1500,3500,2500,11-Oct-23
Madhya Pradesh,Indore,Indore(F&V),Sapota,Fruits,2.5,1500,3500,2500,10-Oct-23
Madhya Pradesh,Indore,Indore(F&V),Sapota,Fruits,17,1500,4000,2500,07-Oct-23
Madhya Pradesh,Indore,Indore(F&V),Sapota,Fruits,10,1500,4000,2500,05-Oct-23
Madhya Pradesh,Indore,Indore(F&V),Sapota,Fruits,8.6,1500,4000,2500,04-Oct-23
Madhya Pradesh,Indore,Indore(F&V),Sapota,Fruits,6.7,1500,4000,2500,03-Oct-23
Madhya Pradesh,Indore,Indore(F&V),Sapota,Fruits,6.5,1500,4500,2500,02-Oct-23
Madhya Pradesh,Indore,Indore(F&V),Sapota,Fruits,5,1500,3500,2500,26-Sep-23
Madhya Pradesh,Indore,Indore(F&V),Sapota,Fruits,1.5,1500,3000,2500,11-Sep-23
Madhya Pradesh,Indore,Indore(F&V),Sapota,Fruits,6.2,1500,3500,2500,08-Sep-23
Madhya Pradesh,Indore,Indore(F&V),Sapota,Fruits,11.9,1500,3000,2500,14-Apr-23
Madhya Pradesh,Indore,Indore(F&V),Sapota,Fruits,4.5,1500,3000,2500,08-Apr-23
Madhya Pradesh,Indore,Indore(F&V),Sapota,Fruits,2.7,1500,3000,2500,01-Apr-23
Madhya Pradesh,Indore,Indore(F&V),Sapota,Fruits,10.3,1500,3000,2500,31-Mar-23
Madhya Pradesh,Indore,Indore(F&V),Sapota,Fruits,3.5,1500,3000,2500,27-Mar-23
Madhya Pradesh,Indore,Indore(F&V),Sapota,Fruits,3.9,1500,3500,2500,28-Nov-22
Madhya Pradesh,Indore,Indore(F&V),Sapota,Fruits,2.8,1500,3500,2500,29-Mar-22
Madhya Pradesh,Indore,Indore(F&V),Sapota,Fruits,2.4,1500,3500,2500,28-Mar-22
Madhya Pradesh,Indore,Indore(F&V),Sapota,Fruits,1.6,1500,3500,2500,26-Mar-22
Madhya Pradesh,Indore,Indore(F&V),Sapota,Fruits,1.6,1500,4000,2500,21-Mar-22
Madhya Pradesh,Indore,Indore(F&V),Sapota,Fruits,7.9,1500,4500,3000,16-Mar-22
Madhya Pradesh,Indore,Indore(F&V),Sapota,Fruits,9.6,1500,4500,3000,15-Mar-22
Madhya Pradesh,Indore,Indore(F&V),Sapota,Fruits,10.4,1500,4000,2500,10-Mar-22
Madhya Pradesh,Indore,Indore(F&V),Sapota,Fruits,2.2,1500,4000,3000,03-Mar-22
Madhya Pradesh,Indore,Indore(F&V),Sapota,Fruits,3.4,1500,4000,3000,26-Feb-22
Madhya Pradesh,Indore,Indore(F&V),Sapota,Fruits,1.7,1500,4000,3000,25-Feb-22
Madhya Pradesh,Indore,Indore(F&V),Sapota,Fruits,1.1,1500,4000,2500,22-Feb-22
Madhya Pradesh,Indore,Indore(F&V),Sapota,Fruits,0.7,1500,4000,3000,19-Feb-22
Madhya Pradesh,Indore,Indore(F&V),Sapota,Fruits,8.4,1500,4000,3000,18-Feb-22
Madhya Pradesh,Indore,Indore(F&V),Sapota,Fruits,1.4,1500,3500,2500,03-Feb-22
Madhya Pradesh,Indore,Indore(F&V),Sapota,Fruits,2.1,1500,4000,2500,24-Jan-22
Madhya Pradesh,Indore,Indore(F&V),Sapota,Fruits,2.8,1500,4000,2500,22-Jan-22
Madhya Pradesh,Indore,Indore(F&V),Sapota,Fruits,1.4,1500,4000,3000,09-Jan-22
Madhya Pradesh,Indore,Indore(F&V),Sapota,Fruits,2.4,1500,4000,3000,08-Jan-22
Madhya Pradesh,Indore,Indore(F&V),Sapota,Fruits,2,1500,3500,2500,04-Jan-22
Madhya Pradesh,Indore,Indore(F&V),Sapota,Fruits,1,1500,3500,2500,31-Dec-21
Madhya Pradesh,Indore,Indore(F&V),Sapota,Fruits,1,1500,3500,2500,25-Dec-21
Madhya Pradesh,Indore,Indore(F&V),Sapota,Fruits,3,1500,3500,2500,24-Dec-21
Madhya Pradesh,Indore,Indore(F&V),Sapota,Fruits,1.5,1500,3500,2500,23-Dec-21
Madhya Pradesh,Indore,Indore(F&V),Sapota,Fruits,1.5,1500,3500,2500,22-Dec-21
Madhya Pradesh,Indore,Indore(F&V),Sapota,Fruits,1.6,1500,3500,2500,18-Dec-21
Madhya Pradesh,Indore,Indore(F&V),Sapota,Fruits,3.4,1500,3500,2500,17-Dec-21
Madhya Pradesh,Indore,Indore(F&V),Sapota,Fruits,1.5,1500,3500,2500,13-Dec-21
Madhya Pradesh,Indore,Indore(F&V),Sapota,Fruits,1.3,1500,3500,2500,10-Dec-21
Madhya Pradesh,Indore,Indore(F&V),Sapota,Fruits,1,1500,3500,2500,08-Dec-21
Madhya Pradesh,Indore,Indore(F&V),Sapota,Fruits,5.6,1500,3500,2500,07-Dec-21
Madhya Pradesh,Indore,Indore(F&V),Sapota,Fruits,1.2,1500,4000,2500,22-Nov-21
Madhya Pradesh,Indore,Indore(F&V),Sapota,Fruits,12,1500,4000,2500,18-Nov-21
Madhya Pradesh,Indore,Indore(F&V),Sapota,Fruits,1,2000,4000,3000,30-Aug-21
Madhya Pradesh,Indore,Indore(F&V),Sapota,Fruits,0.5,1500,4000,2500,21-Aug-21
Madhya Pradesh,Indore,Indore(F&V),Sapota,Fruits,1.6,1000,4000,2500,18-Aug-21
Madhya Pradesh,Indore,Indore(F&V),Sapota,Fruits,1.2,1500,4000,2500,16-Aug-21
Madhya Pradesh,Indore,Indore(F&V),Sapota,Fruits,8.9,1500,3500,2000,23-Mar-21
Madhya Pradesh,Indore,Indore(F&V),Sapota,Fruits,2.4,1500,3500,2000,16-Mar-21
Madhya Pradesh,Indore,Indore(F&V),Sapota,Fruits,6,1500,4000,2500,09-Mar-21
Madhya Pradesh,Indore,Indore(F&V),Sapota,Fruits,3.2,1000,3500,2000,06-Mar-21
Madhya Pradesh,Indore,Indore(F&V),Sapota,Fruits,2.5,1000,3500,2500,03-Mar-21
Madhya Pradesh,Indore,Indore(F&V),Sapota,Fruits,2,1500,3000,2000,26-Feb-21
Madhya Pradesh,Indore,Indore(F&V),Sapota,Fruits,5.6,1500,3500,2500,16-Feb-21
Madhya Pradesh,Indore,Indore(F&V),Sapota,Fruits,4,1500,4000,2500,10-Feb-21
Madhya Pradesh,Indore,Indore(F&V),Sapota,Fruits,1,1500,5000,3000,25-Jan-21
Madhya Pradesh,Indore,Indore(F&V),Sapota,Fruits,5.5,1500,4000,3000,22-Jan-21
Madhya Pradesh,Indore,Indore(F&V),Sapota,Fruits,17,1000,3000,2000,28-Aug-20
Madhya Pradesh,Indore,Indore(F&V),Sapota,Fruits,6,1000,2500,2000,27-Aug-20
Madhya Pradesh,Indore,Indore(F&V),Sapota,Fruits,5.7,1000,2500,2000,26-Aug-20
Madhya Pradesh,Indore,Indore(F&V),Sapota,Fruits,2,1000,3000,2000,22-Aug-20
Madhya Pradesh,Indore,Indore(F&V),Sapota,Fruits,5,1000,3000,2000,17-Aug-20
Madhya Pradesh,Indore,Indore(F&V),Sapota,Fruits,5.6,1000,3000,2000,25-Feb-19
Madhya Pradesh,Indore,Indore(F&V),Sapota,Fruits,4.1,1000,3000,2000,23-Feb-19
Madhya Pradesh,Indore,Indore(F&V),Sapota,Fruits,2.9,1500,3000,2500,20-Feb-19
Madhya Pradesh,Indore,Indore(F&V),Sapota,Fruits,4.2,1500,3000,2500,19-Feb-19
Madhya Pradesh,Indore,Indore(F&V),Sapota,Fruits,6,1500,3000,2500,15-Feb-19
Madhya Pradesh,Indore,Indore(F&V),Sapota,Fruits,0.57,1500,3000,2500,13-Feb-19
Madhya Pradesh,Indore,Indore(F&V),Sapota,Fruits,9.7,1500,3000,2500,01-Feb-19
Madhya Pradesh,Indore,Indore(F&V),Sapota,Fruits,2.2,1500,2500,2000,14-Jan-19
Madhya Pradesh,Indore,Indore(F&V),Sapota,Fruits,8.9,1500,2500,2000,05-Jan-19
Madhya Pradesh,Indore,Indore(F&V),Sapota,Fruits,4.5,2000,4000,3000,20-Nov-18
Madhya Pradesh,Indore,Indore(F&V),Sapota,Fruits,10.8,2000,4000,3000,17-Nov-18
Madhya Pradesh,Indore,Indore(F&V),Sapota,Fruits,30.6,2000,3500,2500,03-Feb-18
Madhya Pradesh,Indore,Indore(F&V),Sapota,Fruits,4.8,2000,3500,2500,30-Jan-18
Madhya Pradesh,Indore,Indore(F&V),Sapota,Fruits,15.1,2000,3500,2500,24-Jan-18
Madhya Pradesh,Indore,Indore(F&V),Sapota,Fruits,19.6,1500,3500,2500,23-Jan-18
Madhya Pradesh,Indore,Indore(F&V),Sapota,Fruits,9.5,1500,3500,2500,20-Jan-18
Madhya Pradesh,Indore,Indore(F&V),Sapota,Fruits,8.7,1500,3500,2500,18-Jan-18
Madhya Pradesh,Indore,Indore(F&V),Sapota,Fruits,2,1500,3500,2500,15-Jan-18
Madhya Pradesh,Indore,Indore(F&V),Sapota,Fruits,9.9,1500,3000,2500,13-Jan-18
Madhya Pradesh,Indore,Indore(F&V),Sapota,Fruits,21.7,1500,3000,2500,12-Jan-18
Madhya Pradesh,Indore,Indore(F&V),Sapota,Fruits,22.1,1500,3000,2500,10-Jan-18
Madhya Pradesh,Indore,Indore(F&V),Sapota,Fruits,6,1500,3000,2500,09-Jan-18
Madhya Pradesh,Indore,Indore(F&V),Sapota,Fruits,13,1500,3000,2500,06-Jan-18
Madhya Pradesh,Indore,Indore(F&V),Sapota,Fruits,6,1500,3000,2500,05-Jan-18
Madhya Pradesh,Indore,Indore(F&V),Sapota,Fruits,13.8,1500,3000,2500,04-Jan-18
Madhya Pradesh,Indore,Indore(F&V),Sapota,Fruits,6,1500,3000,2500,03-Jan-18
Madhya Pradesh,Katni,Katni(F&V),Other,Fruits,0.05,2500,2500,2500,19-Dec-23
Madhya Pradesh,Katni,Katni(F&V),Other,Fruits,0.4,1600,2500,2000,18-Dec-23
Madhya Pradesh,Katni,Katni(F&V),Other,Fruits,0.41,1600,2000,2000,16-Dec-23
Madhya Pradesh,Katni,Katni(F&V),Other,Fruits,0.1,2000,2000,2000,15-Dec-23
Madhya Pradesh,Katni,Katni(F&V),Other,Fruits,0.26,1600,2000,1600,14-Dec-23
Madhya Pradesh,Katni,Katni(F&V),Other,Fruits,0.4,1600,2000,2000,13-Dec-23
Madhya Pradesh,Katni,Katni(F&V),Other,Fruits,0.15,2000,2200,2000,10-Nov-23
Madhya Pradesh,Katni,Katni(F&V),Other,Fruits,0.05,2700,2700,2700,07-Nov-23
Madhya Pradesh,Katni,Katni(F&V),Other,Fruits,0.05,2200,2200,2200,06-Nov-23
Madhya Pradesh,Katni,Katni(F&V),Other,Fruits,0.1,2200,2200,2200,03-Nov-23
Madhya Pradesh,Katni,Katni(F&V),Other,Fruits,0.25,2000,2200,2000,31-Oct-23
Madhya Pradesh,Katni,Katni(F&V),Other,Fruits,0.05,2500,2500,2500,21-Oct-23
Madhya Pradesh,Katni,Katni(F&V),Other,Fruits,0.05,2200,2200,2200,18-Oct-23
Madhya Pradesh,Katni,Katni(F&V),Other,Fruits,0.1,2200,2200,2200,14-Oct-23
Madhya Pradesh,Katni,Katni(F&V),Other,Fruits,0.05,2000,2000,2000,10-Oct-23
Madhya Pradesh,Katni,Katni(F&V),Other,Fruits,0.08,2500,2500,2500,07-Oct-23
Madhya Pradesh,Katni,Katni(F&V),Other,Fruits,0.1,900,900,900,06-Oct-23
Madhya Pradesh,Katni,Katni(F&V),Other,Fruits,0.1,2500,2500,2500,28-Sep-23
Madhya Pradesh,Katni,Katni(F&V),Other,Fruits,0.1,2200,2200,2200,27-Sep-23
Madhya Pradesh,Katni,Katni(F&V),Other,Fruits,0.1,2000,2000,2000,25-Sep-23
Madhya Pradesh,Katni,Katni(F&V),Other,Fruits,0.15,2200,2200,2200,23-Sep-23
Madhya Pradesh,Katni,Katni(F&V),Other,Fruits,0.16,2500,2500,2500,15-Sep-23
Madhya Pradesh,Katni,Katni(F&V),Other,Fruits,0.1,2500,2500,2500,08-Sep-23
Madhya Pradesh,Katni,Katni(F&V),Other,Fruits,0.2,2000,2000,2000,07-Sep-23
Madhya Pradesh,Katni,Katni(F&V),Other,Fruits,0.09,3000,3000,3000,28-Aug-23
Madhya Pradesh,Katni,Katni(F&V),Other,Fruits,0.6,1800,2500,2500,10-Aug-23
Madhya Pradesh,Gwalior,Lashkar(F&V),Other,Fruits,2,1000,2000,1500,18-Dec-23
Madhya Pradesh,Gwalior,Lashkar(F&V),Other,Fruits,1.6,1000,2000,1500,11-Dec-23
Madhya Pradesh,Gwalior,Lashkar(F&V),Other,Fruits,1.2,1000,2000,1500,08-Dec-23
Madhya Pradesh,Gwalior,Lashkar(F&V),Other,Fruits,1.6,1000,2500,1750,28-Nov-23
Madhya Pradesh,Gwalior,Lashkar(F&V),Other,Fruits,1.6,1000,3000,2000,25-Nov-23
Madhya Pradesh,Gwalior,Lashkar(F&V),Other,Fruits,2.8,1000,3000,2000,23-Nov-23
Madhya Pradesh,Gwalior,Lashkar(F&V),Other,Fruits,2,1000,3000,2000,21-Nov-23
Madhya Pradesh,Gwalior,Lashkar(F&V),Other,Fruits,1.6,1000,3000,2000,07-Nov-23
Madhya Pradesh,Gwalior,Lashkar(F&V),Other,Fruits,3.2,1000,2000,1500,19-May-23
Madhya Pradesh,Gwalior,Lashkar(F&V),Other,Fruits,3.2,1000,2000,1500,15-May-23
Madhya Pradesh,Gwalior,Lashkar(F&V),Other,Fruits,2,1000,2000,1500,20-Apr-23
Madhya Pradesh,Gwalior,Lashkar(F&V),Other,Fruits,2,1000,2000,1500,17-Apr-23
Madhya Pradesh,Gwalior,Lashkar(F&V),Other,Fruits,5.2,1000,2000,1500,15-Apr-23
Madhya Pradesh,Gwalior,Lashkar(F&V),Other,Fruits,1.6,1000,2000,1500,11-Apr-23
Madhya Pradesh,Gwalior,Lashkar(F&V),Other,Fruits,5.6,1000,2000,1500,09-Apr-23
Madhya Pradesh,Gwalior,Lashkar(F&V),Other,Fruits,3.6,1000,2000,1500,08-Apr-23
Madhya Pradesh,Gwalior,Lashkar(F&V),Other,Fruits,3.6,1000,2000,1500,07-Apr-23
Madhya Pradesh,Gwalior,Lashkar(F&V),Other,Fruits,2.4,1000,2000,1500,06-Apr-23
Madhya Pradesh,Gwalior,Lashkar(F&V),Other,Fruits,1.6,1000,2000,1500,05-Apr-23
Madhya Pradesh,Gwalior,Lashkar(F&V),Other,Fruits,2,1000,1500,1250,03-Apr-23
Madhya Pradesh,Gwalior,Lashkar(F&V),Other,Fruits,6.4,1000,2000,1500,30-Mar-23
Madhya Pradesh,Gwalior,Lashkar(F&V),Other,Fruits,4.8,1000,2000,1500,28-Mar-23
Madhya Pradesh,Gwalior,Lashkar(F&V),Other,Fruits,4,1000,2000,1500,27-Mar-23
Madhya Pradesh,Gwalior,Lashkar(F&V),Other,Fruits,1.6,1000,2000,1500,24-Mar-23
Madhya Pradesh,Gwalior,Lashkar(F&V),Other,Fruits,2.4,1000,1700,1350,23-Mar-23
Madhya Pradesh,Gwalior,Lashkar(F&V),Other,Fruits,5,1000,1800,1400,17-Mar-23
Madhya Pradesh,Gwalior,Lashkar(F&V),Other,Fruits,5.3,1000,1800,1400,13-Mar-23
Madhya Pradesh,Gwalior,Lashkar(F&V),Other,Fruits,4.1,1500,2200,1750,12-Mar-23
Madhya Pradesh,Gwalior,Lashkar(F&V),Other,Fruits,4.1,1200,1800,1550,04-Mar-23
Madhya Pradesh,Gwalior,Lashkar(F&V),Other,Fruits,5.2,1000,1300,1150,01-Mar-23
Madhya Pradesh,Gwalior,Lashkar(F&V),Other,Fruits,2.4,1200,1800,1400,27-Feb-23
Madhya Pradesh,Gwalior,Lashkar(F&V),Other,Fruits,4.2,900,1500,1300,24-Feb-23
Madhya Pradesh,Gwalior,Lashkar(F&V),Other,Fruits,5.5,1000,2700,2500,23-Feb-23
Madhya Pradesh,Gwalior,Lashkar(F&V),Other,Fruits,6,1100,1800,1500,22-Feb-23
Madhya Pradesh,Gwalior,Lashkar(F&V),Other,Fruits,7.1,1500,2500,2000,21-Feb-23
Madhya Pradesh,Gwalior,Lashkar(F&V),Other,Fruits,2.2,1200,1500,1400,18-Feb-23
Madhya Pradesh,Gwalior,Lashkar(F&V),Other,Fruits,1.6,1200,2000,1500,17-Feb-23
Madhya Pradesh,Gwalior,Lashkar(F&V),Other,Fruits,2.4,1000,2000,1500,24-Jan-23
Madhya Pradesh,Gwalior,Lashkar(F&V),Other,Fruits,1.6,800,1600,1200,13-Jan-23
Madhya Pradesh,Gwalior,Lashkar(F&V),Other,Fruits,1.6,1000,2000,1500,12-Jan-23
Madhya Pradesh,Gwalior,Lashkar(F&V),Other,Fruits,3.2,1000,1900,1450,27-Dec-22
Madhya Pradesh,Gwalior,Lashkar(F&V),Other,Fruits,3.2,900,1800,1350,26-Dec-22
Madhya Pradesh,Gwalior,Lashkar(F&V),Other,Fruits,1.6,800,1600,1200,24-Dec-22
Madhya Pradesh,Gwalior,Lashkar(F&V),Other,Fruits,4,1000,1600,1300,22-Dec-22
Madhya Pradesh,Gwalior,Lashkar(F&V),Other,Fruits,1.6,1000,2000,1500,15-Dec-22
Madhya Pradesh,Gwalior,Lashkar(F&V),Other,Fruits,1.6,1000,2200,1600,13-Dec-22
Madhya Pradesh,Gwalior,Lashkar(F&V),Other,Fruits,2.4,1000,1500,1250,28-Nov-22
Madhya Pradesh,Gwalior,Lashkar(F&V),Other,Fruits,4,1000,2000,1500,23-Apr-22
Madhya Pradesh,Gwalior,Lashkar(F&V),Other,Fruits,0.8,1000,2000,1500,06-Apr-22
Madhya Pradesh,Gwalior,Lashkar(F&V),Other,Fruits,0.8,1000,2000,1500,02-Apr-22
Madhya Pradesh,Gwalior,Lashkar(F&V),Other,Fruits,32.2,1000,1500,1250,29-Mar-22
Madhya Pradesh,Gwalior,Lashkar(F&V),Other,Fruits,3.2,1000,2000,1500,24-Mar-22
Madhya Pradesh,Gwalior,Lashkar(F&V),Other,Fruits,1.6,1000,2500,1750,23-Mar-22
Madhya Pradesh,Gwalior,Lashkar(F&V),Other,Fruits,1.2,1000,2500,1750,22-Mar-22
Madhya Pradesh,Gwalior,Lashkar(F&V),Other,Fruits,0.8,1000,2000,1500,21-Mar-22
Madhya Pradesh,Gwalior,Lashkar(F&V),Other,Fruits,0.8,1000,1500,1250,15-Mar-22
Madhya Pradesh,Gwalior,Lashkar(F&V),Other,Fruits,0.8,1000,2000,1500,14-Mar-22
Madhya Pradesh,Gwalior,Lashkar(F&V),Other,Fruits,0.8,1000,2000,1500,12-Mar-22
Madhya Pradesh,Gwalior,Lashkar(F&V),Other,Fruits,0.8,1000,1500,1250,11-Mar-22
Madhya Pradesh,Gwalior,Lashkar(F&V),Other,Fruits,2,1000,2000,1500,10-Mar-22
Madhya Pradesh,Gwalior,Lashkar(F&V),Other,Fruits,0.8,1000,2000,1500,08-Mar-22
Madhya Pradesh,Gwalior,Lashkar(F&V),Other,Fruits,2,1000,2000,1500,07-Mar-22
Madhya Pradesh,Gwalior,Lashkar(F&V),Other,Fruits,0.4,1000,2500,1750,06-Mar-22
Madhya Pradesh,Gwalior,Lashkar(F&V),Other,Fruits,0.8,1000,2000,1500,04-Mar-22
Madhya Pradesh,Gwalior,Lashkar(F&V),Other,Fruits,0.4,1500,1500,1500,03-Mar-22
Madhya Pradesh,Gwalior,Lashkar(F&V),Other,Fruits,1.6,1000,2000,1500,21-Feb-22
Madhya Pradesh,Gwalior,Lashkar(F&V),Other,Fruits,5.9,1000,1500,1250,14-Feb-22
Madhya Pradesh,Gwalior,Lashkar(F&V),Other,Fruits,1.6,1000,1500,1250,11-Feb-22
Madhya Pradesh,Gwalior,Lashkar(F&V),Other,Fruits,1.4,1000,1000,1000,04-Feb-22
Madhya Pradesh,Gwalior,Lashkar(F&V),Other,Fruits,1.6,800,1000,900,15-Jan-22
Madhya Pradesh,Morena,Morena(F&V),Sapota,Fruits,3.3,2000,2000,2000,31-Mar-22
Madhya Pradesh,Sheopur,Syopurkalan(F&V),Other,Fruits,0.2,4000,4000,4000,31-Mar-23
Madhya Pradesh,Sheopur,Syopurkalan(F&V),Other,Fruits,0.2,3000,3500,3200,28-Mar-23
Madhya Pradesh,Sheopur,Syopurkalan(F&V),Other,Fruits,0.2,4000,4000,4000,06-Mar-23
Madhya Pradesh,Sheopur,Syopurkalan(F&V),Other,Fruits,0.2,3500,3500,3500,10-Jan-23
Madhya Pradesh,Sheopur,Syopurkalan(F&V),Other,Fruits,0.2,3500,3500,3500,31-Dec-22
Madhya Pradesh,Sheopur,Syopurkalan(F&V),Other,Fruits,0.2,3500,4000,3800,26-Dec-22
Madhya Pradesh,Sheopur,Syopurkalan(F&V),Other,Fruits,0.3,2800,3000,2900,18-Dec-22
Madhya Pradesh,Sheopur,Syopurkalan(F&V),Other,Fruits,0.2,3000,3000,3000,30-Jan-22
Madhya Pradesh,Sheopur,Syopurkalan(F&V),Other,Fruits,0.2,2500,2500,2500,11-Jan-22
Madhya Pradesh,Sheopur,Syopurkalan(F&V),Other,Fruits,0.2,3000,3000,3000,03-Jan-22
Madhya Pradesh,Sheopur,Syopurkalan(F&V),Other,Fruits,0.2,2500,3000,2800,31-Dec-21
Madhya Pradesh,Sheopur,Syopurkalan(F&V),Other,Fruits,0.2,3500,3500,3500,22-Nov-21
Madhya Pradesh,Sheopur,Syopurkalan(F&V),Other,Fruits,0.1,4000,4000,4000,26-Feb-21
Madhya Pradesh,Sheopur,Syopurkalan(F&V),Other,Fruits,0.1,4000,4000,4000,16-Feb-21
Madhya Pradesh,Sheopur,Syopurkalan(F&V),Other,Fruits,0.6,3000,3200,3100,12-Feb-21
Madhya Pradesh,Sheopur,Syopurkalan(F&V),Other,Fruits,0.5,2500,2800,2600,10-Feb-21
Madhya Pradesh,Sheopur,Syopurkalan(F&V),Other,Fruits,0.4,2500,2800,2600,06-Feb-21
Madhya Pradesh,Sheopur,Syopurkalan(F&V),Other,Fruits,0.3,3500,3500,3500,29-Jan-21
Madhya Pradesh,Sheopur,Syopurkalan(F&V),Other,Fruits,0.7,3500,3500,3500,13-Jan-21
Madhya Pradesh,Sheopur,Syopurkalan(F&V),Other,Fruits,0.3,4000,4000,4000,11-Jan-21
Madhya Pradesh,Sheopur,Syopurkalan(F&V),Other,Fruits,0.1,3000,3500,3200,10-Jan-21
Madhya Pradesh,Sheopur,Syopurkalan(F&V),Other,Fruits,0.5,3000,3500,3300,07-Jan-21
Madhya Pradesh,Sheopur,Syopurkalan(F&V),Other,Fruits,0.3,1700,1800,1750,09-Feb-20
Madhya Pradesh,Sheopur,Syopurkalan(F&V),Other,Fruits,0.2,2800,3000,2900,30-Dec-19
Madhya Pradesh,Sheopur,Syopurkalan(F&V),Other,Fruits,0.1,3000,3000,3000,29-Dec-19
Madhya Pradesh,Sheopur,Syopurkalan(F&V),Other,Fruits,0.1,3000,3000,3000,24-Dec-19
Madhya Pradesh,Sheopur,Syopurkalan(F&V),Other,Fruits,0.1,4000,4000,4000,23-Dec-19
Madhya Pradesh,Sheopur,Syopurkalan(F&V),Other,Fruits,0.1,4000,4000,4000,21-Dec-19
Madhya Pradesh,Sheopur,Syopurkalan(F&V),Other,Fruits,0.3,2300,2400,2350,15-Jan-19
Madhya Pradesh,Sheopur,Syopurkalan(F&V),Other,Fruits,0.3,2000,2200,2100,06-Jan-19
Madhya Pradesh,Sheopur,Syopurkalan(F&V),Other,Fruits,0.3,2000,2100,2050,16-Dec-18
Madhya Pradesh,Sheopur,Syopurkalan(F&V),Other,Fruits,0.5,2000,2100,2050,18-Nov-18
Madhya Pradesh,Ujjain,Ujjain(F&V),Sapota,Fruits,0.3,5000,5000,5000,07-Dec-23
Madhya Pradesh,Ujjain,Ujjain(F&V),Sapota,Fruits,0.02,3000,3000,3000,27-Mar-23
Madhya Pradesh,Ujjain,Ujjain(F&V),Sapota,Fruits,0.12,1875,1875,1875,02-Feb-23
Madhya Pradesh,Ujjain,Ujjain(F&V),Sapota,Fruits,0.56,2000,2500,2232,01-Feb-23
Madhya Pradesh,Ujjain,Ujjain(F&V),Sapota,Fruits,0.48,1875,1875,1875,17-Jan-23
Madhya Pradesh,Ujjain,Ujjain(F&V),Sapota,Fruits,0.22,1875,1875,1875,13-Jan-23
Madhya Pradesh,Ujjain,Ujjain(F&V),Sapota,Fruits,0.16,2500,2500,2500,11-Jan-23
Madhya Pradesh,Ujjain,Ujjain(F&V),Sapota,Fruits,0.4,1875,2500,1875,07-Jan-23
Madhya Pradesh,Ujjain,Ujjain(F&V),Sapota,Fruits,0.32,2500,2500,2500,06-Jan-23
Madhya Pradesh,Ujjain,Ujjain(F&V),Sapota,Fruits,0.21,3750,3750,3750,24-Dec-22
Madhya Pradesh,Ujjain,Ujjain(F&V),Sapota,Fruits,0.32,3125,3125,3125,16-Dec-22
Madhya Pradesh,Ujjain,Ujjain(F&V),Sapota,Fruits,0.02,2000,2000,2000,07-May-22
Madhya Pradesh,Ujjain,Ujjain(F&V),Sapota,Fruits,0.02,2500,2500,2500,26-Mar-22
Madhya Pradesh,Ujjain,Ujjain(F&V),Sapota,Fruits,0.23,2000,2500,2223,14-Mar-22
Madhya Pradesh,Ujjain,Ujjain(F&V),Sapota,Fruits,0.02,2500,2500,2500,07-Mar-22
Madhya Pradesh,Ujjain,Ujjain(F&V),Sapota,Fruits,0.12,3125,3125,3125,01-Mar-22
Madhya Pradesh,Ujjain,Ujjain(F&V),Sapota,Fruits,0.07,1846,1846,1846,24-Feb-22
Madhya Pradesh,Ujjain,Ujjain(F&V),Sapota,Fruits,0.02,4000,4000,4000,22-Feb-22
Madhya Pradesh,Ujjain,Ujjain(F&V),Sapota,Fruits,0.03,2666,2666,2666,14-Feb-22
Madhya Pradesh,Ujjain,Ujjain(F&V),Sapota,Fruits,0.18,2500,2500,2500,08-Feb-22
Madhya Pradesh,Ujjain,Ujjain(F&V),Sapota,Fruits,0.22,2500,2500,2500,04-Feb-22
Madhya Pradesh,Ujjain,Ujjain(F&V),Sapota,Fruits,0.08,2800,3150,3100,29-Jan-22
Madhya Pradesh,Ujjain,Ujjain(F&V),Sapota,Fruits,0.32,2500,3500,3000,28-Jan-22
Madhya Pradesh,Ujjain,Ujjain(F&V),Sapota,Fruits,0.08,2500,2500,2500,20-Jan-22
Madhya Pradesh,Ujjain,Ujjain(F&V),Sapota,Fruits,0.04,1875,1875,1875,11-Jan-22
Madhya Pradesh,Ujjain,Ujjain(F&V),Sapota,Fruits,0.08,2250,2250,2250,10-Jan-22
Madhya Pradesh,Ujjain,Ujjain(F&V),Sapota,Fruits,0.03,3733,3733,3733,07-Jan-22
Madhya Pradesh,Ujjain,Ujjain(F&V),Sapota,Fruits,0.24,2500,3500,3125,05-Jan-22
Madhya Pradesh,Ujjain,Ujjain(F&V),Sapota,Fruits,0.84,1700,2500,1970,04-Jan-22
Madhya Pradesh,Ujjain,Ujjain(F&V),Sapota,Fruits,0.22,2000,2500,2318,03-Jan-22
Madhya Pradesh,Ujjain,Ujjain(F&V),Sapota,Fruits,0.32,2250,2250,2250,01-Jan-22
Madhya Pradesh,Ujjain,Ujjain(F&V),Sapota,Fruits,0.12,2500,2500,2500,29-Dec-21
Madhya Pradesh,Ujjain,Ujjain(F&V),Sapota,Fruits,0.16,2500,2500,2500,28-Dec-21
Madhya Pradesh,Ujjain,Ujjain(F&V),Sapota,Fruits,0.27,2200,3000,2593,27-Dec-21
Madhya Pradesh,Ujjain,Ujjain(F&V),Sapota,Fruits,0.24,2500,2500,2500,25-Dec-21
Madhya Pradesh,Ujjain,Ujjain(F&V),Sapota,Fruits,0.24,2500,2500,2500,24-Dec-21
Madhya Pradesh,Ujjain,Ujjain(F&V),Sapota,Fruits,0.33,2000,2500,2377,23-Dec-21
Madhya Pradesh,Ujjain,Ujjain(F&V),Sapota,Fruits,0.08,2500,2500,2500,21-Dec-21
Madhya Pradesh,Ujjain,Ujjain(F&V),Sapota,Fruits,0.24,2500,2500,2500,20-Dec-21
Madhya Pradesh,Ujjain,Ujjain(F&V),Sapota,Fruits,0.16,2000,3500,2813,18-Dec-21
Madhya Pradesh,Ujjain,Ujjain(F&V),Sapota,Fruits,0.24,1800,3000,2500,17-Dec-21
Madhya Pradesh,Ujjain,Ujjain(F&V),Sapota,Fruits,0.16,2500,2500,2500,16-Dec-21
Madhya Pradesh,Ujjain,Ujjain(F&V),Sapota,Fruits,0.24,1500,2500,1833,14-Dec-21
Madhya Pradesh,Ujjain,Ujjain(F&V),Sapota,Fruits,1.36,2000,2500,2353,13-Dec-21
Madhya Pradesh,Ujjain,Ujjain(F&V),Sapota,Fruits,1.13,1800,2500,2137,11-Dec-21
Madhya Pradesh,Ujjain,Ujjain(F&V),Sapota,Fruits,1.35,2000,3000,2402,10-Dec-21
Madhya Pradesh,Ujjain,Ujjain(F&V),Sapota,Fruits,0.84,2400,3000,2548,06-Dec-21
Madhya Pradesh,Ujjain,Ujjain(F&V),Sapota,Fruits,0.86,2200,3000,2500,04-Dec-21
Madhya Pradesh,Ujjain,Ujjain(F&V),Sapota,Fruits,0.08,2500,2500,2500,02-Dec-21
Madhya Pradesh,Ujjain,Ujjain(F&V),Sapota,Fruits,0.16,2500,2500,2500,30-Nov-21
Madhya Pradesh,Ujjain,Ujjain(F&V),Sapota,Fruits,0.63,2500,3000,2500,29-Nov-21
Madhya Pradesh,Ujjain,Ujjain(F&V),Sapota,Fruits,0.22,2000,3000,2558,27-Nov-21
Madhya Pradesh,Ujjain,Ujjain(F&V),Sapota,Fruits,0.24,2400,2800,2625,26-Nov-21
Madhya Pradesh,Ujjain,Ujjain(F&V),Sapota,Fruits,0.28,2500,4000,2946,25-Nov-21
Madhya Pradesh,Ujjain,Ujjain(F&V),Sapota,Fruits,0.08,2500,2500,2500,24-Nov-21
Madhya Pradesh,Ujjain,Ujjain(F&V),Sapota,Fruits,0.14,2500,3500,2857,23-Nov-21
Madhya Pradesh,Ujjain,Ujjain(F&V),Sapota,Fruits,0.12,5000,5000,5000,18-Nov-21
Madhya Pradesh,Ujjain,Ujjain(F&V),Sapota,Fruits,0.09,2500,2500,2500,15-Nov-21
Madhya Pradesh,Ujjain,Ujjain(F&V),Sapota,Fruits,0.01,3333,3333,3333,24-Sep-21
Madhya Pradesh,Ujjain,Ujjain(F&V),Sapota,Fruits,0.01,3333,3333,3333,23-Sep-21
Madhya Pradesh,Ujjain,Ujjain(F&V),Sapota,Fruits,0.15,2368,2368,2368,18-Aug-21
Madhya Pradesh,Ujjain,Ujjain(F&V),Sapota,Fruits,0.25,1700,3200,2000,13-Aug-21
Madhya Pradesh,Ujjain,Ujjain(F&V),Sapota,Fruits,0.06,1800,2500,2000,23-Mar-21
Madhya Pradesh,Ujjain,Ujjain(F&V),Sapota,Fruits,0.08,1875,1875,1875,20-Mar-21
Madhya Pradesh,Ujjain,Ujjain(F&V),Sapota,Fruits,0.2,1700,2500,1822,19-Mar-21
Madhya Pradesh,Ujjain,Ujjain(F&V),Sapota,Fruits,0.06,1800,2200,2000,15-Mar-21
Madhya Pradesh,Ujjain,Ujjain(F&V),Sapota,Fruits,0.21,2571,2571,2571,02-Feb-21
Madhya Pradesh,Ujjain,Ujjain(F&V),Sapota,Fruits,0.07,2571,2571,2571,01-Feb-21
Madhya Pradesh,Ujjain,Ujjain(F&V),Sapota,Fruits,0.21,3476,3476,3476,13-Jan-21
Madhya Pradesh,Ujjain,Ujjain(F&V),Sapota,Fruits,0.21,2981,2981,2981,11-Jan-21
Madhya Pradesh,Ujjain,Ujjain(F&V),Sapota,Fruits,0.07,3214,3214,3214,08-Jan-21
Madhya Pradesh,Ujjain,Ujjain(F&V),Sapota,Fruits,0.01,2000,2000,2000,20-Mar-20
Madhya Pradesh,Ujjain,Ujjain(F&V),Sapota,Fruits,0.1,1000,1000,1000,02-Mar-20
Madhya Pradesh,Ujjain,Ujjain(F&V),Sapota,Fruits,0.2,1200,1800,1300,28-Feb-20
Madhya Pradesh,Ujjain,Ujjain(F&V),Sapota,Fruits,0.2,1500,1500,1500,27-Feb-20
Madhya Pradesh,Ujjain,Ujjain(F&V),Sapota,Fruits,0.04,1500,1500,1500,26-Feb-20
Madhya Pradesh,Ujjain,Ujjain(F&V),Sapota,Fruits,0.05,4000,4000,4000,24-Feb-20
Madhya Pradesh,Ujjain,Ujjain(F&V),Sapota,Fruits,0.18,1500,2900,1722,22-Feb-20
Madhya Pradesh,Ujjain,Ujjain(F&V),Sapota,Fruits,0.4,1150,1800,1450,14-Feb-20
Madhya Pradesh,Ujjain,Ujjain(F&V),Sapota,Fruits,0.22,2000,2000,2000,13-Feb-20
Madhya Pradesh,Ujjain,Ujjain(F&V),Sapota,Fruits,0.04,1100,1100,1100,10-Feb-20
Madhya Pradesh,Ujjain,Ujjain(F&V),Sapota,Fruits,0.06,2000,2000,2000,01-Feb-20
Madhya Pradesh,Ujjain,Ujjain(F&V),Sapota,Fruits,0.62,1500,2500,1613,30-Jan-20
Madhya Pradesh,Ujjain,Ujjain(F&V),Sapota,Fruits,0.06,2800,3500,3000,25-Jan-20
Madhya Pradesh,Ujjain,Ujjain(F&V),Sapota,Fruits,0.08,2100,2800,2250,24-Jan-20
Madhya Pradesh,Ujjain,Ujjain(F&V),Sapota,Fruits,0.89,1750,2200,1875,18-Jan-20
Madhya Pradesh,Ujjain,Ujjain(F&V),Sapota,Fruits,0.16,1500,1500,1500,13-Jan-20
Madhya Pradesh,Ujjain,Ujjain(F&V),Sapota,Fruits,0.31,1400,2200,1500,11-Jan-20
Madhya Pradesh,Ujjain,Ujjain(F&V),Sapota,Fruits,0.05,2000,2000,2000,10-Jan-20
Madhya Pradesh,Ujjain,Ujjain(F&V),Sapota,Fruits,0.22,1300,2200,1500,09-Jan-20
Madhya Pradesh,Ujjain,Ujjain(F&V),Sapota,Fruits,0.05,1500,1500,1500,06-Jan-20
Madhya Pradesh,Ujjain,Ujjain(F&V),Sapota,Fruits,0.45,1700,2000,1800,30-Dec-19
Madhya Pradesh,Ujjain,Ujjain(F&V),Sapota,Fruits,0.91,2050,2500,2248,28-Dec-19
Madhya Pradesh,Ujjain,Ujjain(F&V),Sapota,Fruits,0.22,2000,2000,2000,25-Dec-19
Madhya Pradesh,Ujjain,Ujjain(F&V),Sapota,Fruits,0.15,2000,2000,2000,24-Dec-19
Madhya Pradesh,Ujjain,Ujjain(F&V),Sapota,Fruits,0.06,2900,3500,3000,23-Dec-19
Madhya Pradesh,Ujjain,Ujjain(F&V),Sapota,Fruits,0.36,2400,2850,2528,20-Dec-19
Madhya Pradesh,Ujjain,Ujjain(F&V),Sapota,Fruits,0.06,1300,2000,1500,19-Dec-19
Madhya Pradesh,Ujjain,Ujjain(F&V),Sapota,Fruits,0.38,1800,2500,2053,18-Dec-19
Madhya Pradesh,Ujjain,Ujjain(F&V),Sapota,Fruits,0.06,1800,2200,2000,05-Dec-19
Madhya Pradesh,Ujjain,Ujjain(F&V),Sapota,Fruits,0.04,2000,3000,2500,04-Dec-19
Madhya Pradesh,Ujjain,Ujjain(F&V),Sapota,Fruits,0.06,2500,2500,2500,02-Dec-19
Madhya Pradesh,Ujjain,Ujjain(F&V),Sapota,Fruits,0.28,2000,2000,2000,30-Nov-19
Madhya Pradesh,Ujjain,Ujjain(F&V),Sapota,Fruits,0.01,1000,2000,1500,06-Sep-19
Madhya Pradesh,Ujjain,Ujjain(F&V),Sapota,Fruits,0.18,1000,1500,1278,05-Sep-19
Madhya Pradesh,Ujjain,Ujjain(F&V),Sapota,Fruits,0.1,1500,1500,1500,02-Sep-19
Madhya Pradesh,Ujjain,Ujjain(F&V),Sapota,Fruits,0.9,1000,1500,1389,29-Aug-19
Madhya Pradesh,Ujjain,Ujjain(F&V),Sapota,Fruits,0.05,2000,2000,2000,13-Jul-19
Madhya Pradesh,Ujjain,Ujjain(F&V),Sapota,Fruits,0.02,2500,2500,2500,20-Apr-19
Madhya Pradesh,Ujjain,Ujjain(F&V),Sapota,Fruits,0.05,2000,2000,2000,05-Apr-19
Madhya Pradesh,Ujjain,Ujjain(F&V),Sapota,Fruits,0.25,1100,1100,1100,28-Mar-19
Madhya Pradesh,Ujjain,Ujjain(F&V),Sapota,Fruits,0.02,1500,1500,1500,26-Mar-19
Madhya Pradesh,Ujjain,Ujjain(F&V),Sapota,Fruits,0.12,1200,1200,1200,14-Mar-19
Madhya Pradesh,Ujjain,Ujjain(F&V),Sapota,Fruits,0.05,1500,1500,1500,13-Mar-19
Madhya Pradesh,Ujjain,Ujjain(F&V),Sapota,Fruits,0.14,1400,1400,1400,12-Mar-19
Madhya Pradesh,Ujjain,Ujjain(F&V),Sapota,Fruits,0.06,1500,1500,1500,11-Mar-19
Madhya Pradesh,Ujjain,Ujjain(F&V),Sapota,Fruits,0.08,1200,1600,1425,09-Mar-19
Madhya Pradesh,Ujjain,Ujjain(F&V),Sapota,Fruits,0.18,1000,2000,1500,07-Mar-19
Madhya Pradesh,Ujjain,Ujjain(F&V),Sapota,Fruits,0.1,2000,2500,2250,05-Mar-19
Madhya Pradesh,Ujjain,Ujjain(F&V),Sapota,Fruits,0.2,1000,1000,1000,28-Feb-19
Madhya Pradesh,Ujjain,Ujjain(F&V),Sapota,Fruits,0.33,1000,2000,1500,26-Feb-19
Madhya Pradesh,Ujjain,Ujjain(F&V),Sapota,Fruits,0.2,1500,2000,1625,25-Feb-19
Madhya Pradesh,Ujjain,Ujjain(F&V),Sapota,Fruits,0.41,1500,2000,1622,23-Feb-19
Madhya Pradesh,Ujjain,Ujjain(F&V),Sapota,Fruits,0.08,1000,1000,1000,18-Feb-19
Madhya Pradesh,Ujjain,Ujjain(F&V),Sapota,Fruits,0.05,2000,3000,2500,08-Feb-19
Madhya Pradesh,Ujjain,Ujjain(F&V),Sapota,Fruits,0.07,1000,2000,1500,04-Feb-19
Madhya Pradesh,Ujjain,Ujjain(F&V),Sapota,Fruits,0.17,1500,2000,1823,02-Feb-19
Madhya Pradesh,Ujjain,Ujjain(F&V),Sapota,Fruits,0.2,1000,2000,1500,30-Jan-19
Madhya Pradesh,Ujjain,Ujjain(F&V),Sapota,Fruits,1.6,1500,2000,1650,23-Jan-19
Madhya Pradesh,Ujjain,Ujjain(F&V),Sapota,Fruits,0.06,1500,2000,1666,22-Jan-19
Madhya Pradesh,Ujjain,Ujjain(F&V),Sapota,Fruits,0.29,1400,1700,1494,16-Jan-19
Madhya Pradesh,Ujjain,Ujjain(F&V),Sapota,Fruits,0.19,2000,2500,2000,12-Jan-19
Madhya Pradesh,Ujjain,Ujjain(F&V),Sapota,Fruits,0.2,2100,2100,2100,10-Jan-19
Madhya Pradesh,Ujjain,Ujjain(F&V),Sapota,Fruits,0.2,1500,2000,1500,09-Jan-19
Madhya Pradesh,Ujjain,Ujjain(F&V),Sapota,Fruits,0.18,2000,2148,2148,07-Jan-19
Madhya Pradesh,Ujjain,Ujjain(F&V),Sapota,Fruits,0.15,2000,2500,2000,04-Jan-19
Madhya Pradesh,Ujjain,Ujjain(F&V),Sapota,Fruits,0.16,2000,2500,2000,01-Jan-19
Madhya Pradesh,Ujjain,Ujjain(F&V),Sapota,Fruits,0.1,1800,2000,1800,28-Dec-18
Madhya Pradesh,Ujjain,Ujjain(F&V),Sapota,Fruits,0.1,2500,2500,2500,24-Dec-18
Madhya Pradesh,Ujjain,Ujjain(F&V),Sapota,Fruits,0.11,2000,2500,2181,22-Dec-18
Madhya Pradesh,Ujjain,Ujjain(F&V),Sapota,Fruits,0.15,2000,2500,2500,21-Dec-18
Madhya Pradesh,Ujjain,Ujjain(F&V),Sapota,Fruits,0.3,1500,2000,2000,20-Dec-18
Madhya Pradesh,Ujjain,Ujjain(F&V),Sapota,Fruits,0.2,2000,2500,2500,19-Dec-18
Madhya Pradesh,Ujjain,Ujjain(F&V),Sapota,Fruits,0.11,2500,3000,2545,17-Dec-18
Madhya Pradesh,Ujjain,Ujjain(F&V),Sapota,Fruits,0.2,2000,2500,2000,15-Dec-18
Madhya Pradesh,Ujjain,Ujjain(F&V),Sapota,Fruits,0.63,2000,3000,2000,14-Dec-18
Madhya Pradesh,Ujjain,Ujjain(F&V),Sapota,Fruits,0.18,2000,3000,2296,13-Dec-18
Madhya Pradesh,Ujjain,Ujjain(F&V),Sapota,Fruits,0.35,1500,3000,2000,12-Dec-18
Madhya Pradesh,Ujjain,Ujjain(F&V),Sapota,Fruits,0.15,2000,3000,2300,10-Dec-18
Madhya Pradesh,Ujjain,Ujjain(F&V),Sapota,Fruits,0.2,2200,3500,2700,08-Dec-18
Madhya Pradesh,Ujjain,Ujjain(F&V),Sapota,Fruits,0.25,2000,3500,2000,05-Dec-18
Madhya Pradesh,Ujjain,Ujjain(F&V),Sapota,Fruits,0.8,1600,2500,1775,04-Dec-18
Madhya Pradesh,Ujjain,Ujjain(F&V),Sapota,Fruits,0.14,1619,1619,1619,03-Dec-18
Madhya Pradesh,Ujjain,Ujjain(F&V),Sapota,Fruits,0.4,2000,3500,2000,30-Nov-18
Madhya Pradesh,Ujjain,Ujjain(F&V),Sapota,Fruits,0.17,2000,3500,2117,29-Nov-18
Madhya Pradesh,Ujjain,Ujjain(F&V),Sapota,Fruits,0.4,2000,3500,2733,26-Nov-18
Madhya Pradesh,Ujjain,Ujjain(F&V),Sapota,Fruits,0.27,2000,3000,2296,23-Nov-18
Madhya Pradesh,Ujjain,Ujjain(F&V),Sapota,Fruits,0.2,1700,3500,2049,22-Nov-18
Madhya Pradesh,Ujjain,Ujjain(F&V),Sapota,Fruits,0.14,1926,1926,1926,20-Nov-18
Madhya Pradesh,Ujjain,Ujjain(F&V),Sapota,Fruits,0.07,3000,5000,4476,16-Nov-18
Madhya Pradesh,Ujjain,Ujjain(F&V),Sapota,Fruits,0.01,2000,2000,2000,01-May-18
Madhya Pradesh,Ujjain,Ujjain(F&V),Sapota,Fruits,0.14,1000,1000,1000,26-Apr-18
Madhya Pradesh,Ujjain,Ujjain(F&V),Sapota,Fruits,0.02,1500,1500,1500,21-Apr-18
Madhya Pradesh,Ujjain,Ujjain(F&V),Sapota,Fruits,0.04,1500,2000,1750,20-Apr-18
Madhya Pradesh,Ujjain,Ujjain(F&V),Sapota,Fruits,0.34,1500,1500,1500,07-Apr-18
Madhya Pradesh,Ujjain,Ujjain(F&V),Sapota,Fruits,0.2,2000,2000,2000,05-Apr-18
Madhya Pradesh,Ujjain,Ujjain(F&V),Sapota,Fruits,0.12,1000,1500,1083,31-Mar-18
Madhya Pradesh,Ujjain,Ujjain(F&V),Sapota,Fruits,0.07,1500,1500,1500,30-Mar-18
Madhya Pradesh,Ujjain,Ujjain(F&V),Sapota,Fruits,0.11,1000,1500,1377,29-Mar-18
Madhya Pradesh,Ujjain,Ujjain(F&V),Sapota,Fruits,0.16,1500,1500,1500,27-Mar-18
Madhya Pradesh,Ujjain,Ujjain(F&V),Sapota,Fruits,0.3,1500,1500,1500,23-Mar-18
Madhya Pradesh,Ujjain,Ujjain(F&V),Sapota,Fruits,0.18,1200,1500,1416,22-Mar-18
Madhya Pradesh,Ujjain,Ujjain(F&V),Sapota,Fruits,0.2,1500,1500,1500,21-Mar-18
Madhya Pradesh,Ujjain,Ujjain(F&V),Sapota,Fruits,0.14,1000,1500,1200,15-Mar-18
Madhya Pradesh,Ujjain,Ujjain(F&V),Sapota,Fruits,0.63,1000,1500,1202,14-Mar-18
Madhya Pradesh,Ujjain,Ujjain(F&V),Sapota,Fruits,1,1350,1500,1395,13-Mar-18
Madhya Pradesh,Ujjain,Ujjain(F&V),Sapota,Fruits,0.65,1000,2000,1548,12-Mar-18
Madhya Pradesh,Ujjain,Ujjain(F&V),Sapota,Fruits,0.1,1900,1900,1900,09-Mar-18
Madhya Pradesh,Ujjain,Ujjain(F&V),Sapota,Fruits,0.02,1500,1500,1500,08-Mar-18
Madhya Pradesh,Ujjain,Ujjain(F&V),Sapota,Fruits,0.1,2000,2000,2000,07-Mar-18
Madhya Pradesh,Ujjain,Ujjain(F&V),Sapota,Fruits,0.22,1000,1500,1200,26-Feb-18
Madhya Pradesh,Ujjain,Ujjain(F&V),Sapota,Fruits,0.13,1500,2000,1576,23-Feb-18
Madhya Pradesh,Ujjain,Ujjain(F&V),Sapota,Fruits,0.32,1500,2500,1984,22-Feb-18
Madhya Pradesh,Ujjain,Ujjain(F&V),Sapota,Fruits,0.19,2000,2000,2000,21-Feb-18
Madhya Pradesh,Ujjain,Ujjain(F&V),Sapota,Fruits,0.39,1500,2500,1628,17-Feb-18
Madhya Pradesh,Ujjain,Ujjain(F&V),Sapota,Fruits,0.07,2000,2000,2000,16-Feb-18
Madhya Pradesh,Ujjain,Ujjain(F&V),Sapota,Fruits,0.13,1000,2000,1500,09-Feb-18
Madhya Pradesh,Ujjain,Ujjain(F&V),Sapota,Fruits,0.18,2000,3000,2500,08-Feb-18
Madhya Pradesh,Ujjain,Ujjain(F&V),Sapota,Fruits,0.72,700,1200,868,03-Feb-18
Madhya Pradesh,Ujjain,Ujjain(F&V),Sapota,Fruits,0.4,800,1500,950,01-Feb-18
Madhya Pradesh,Ujjain,Ujjain(F&V),Sapota,Fruits,0.1,2000,2000,2000,29-Jan-18
Madhya Pradesh,Ujjain,Ujjain(F&V),Sapota,Fruits,0.25,2000,2000,2000,20-Jan-18
Madhya Pradesh,Ujjain,Ujjain(F&V),Sapota,Fruits,0.06,1200,1200,1200,01-Jan-18
